# This file uses centimeters as units for non-parametric coordinates.

mtllib earth.mtl
adobe_mdllib earth.mdl
g default
v 0.428873 0.017060 -0.067925
v 0.412966 0.017060 -0.134179
v 0.386892 0.017060 -0.197129
v 0.351290 0.017060 -0.255226
v 0.307039 0.017060 -0.307037
v 0.255228 0.017060 -0.351288
v 0.197132 0.017060 -0.386889
v 0.134182 0.017060 -0.412964
v 0.067928 0.017060 -0.428870
v 0.000001 0.017060 -0.434217
v -0.067925 0.017060 -0.428870
v -0.134179 0.017060 -0.412964
v -0.197129 0.017060 -0.386889
v -0.255226 0.017060 -0.351288
v -0.307037 0.017060 -0.307037
v -0.351288 0.017060 -0.255226
v -0.386889 0.017060 -0.197130
v -0.412964 0.017060 -0.134179
v -0.428870 0.017060 -0.067926
v -0.434217 0.017060 0.000001
v -0.428870 0.017060 0.067927
v -0.412964 0.017060 0.134182
v -0.386889 0.017060 0.197131
v -0.351288 0.017060 0.255228
v -0.307037 0.017060 0.307039
v -0.255226 0.017060 0.351290
v -0.197130 0.017060 0.386892
v -0.134179 0.017060 0.412966
v -0.067926 0.017060 0.428873
v 0.000001 0.017060 0.434219
v 0.067928 0.017060 0.428873
v 0.134182 0.017060 0.412966
v 0.197131 0.017060 0.386892
v 0.255228 0.017060 0.351290
v 0.307039 0.017060 0.307039
v 0.351290 0.017060 0.255228
v 0.386892 0.017060 0.197131
v 0.412966 0.017060 0.134182
v 0.428873 0.017060 0.067928
v 0.434218 0.017060 0.000001
v 0.855100 0.068136 -0.135433
v 0.823386 0.068136 -0.267533
v 0.771397 0.068136 -0.393045
v 0.700414 0.068136 -0.508879
v 0.612185 0.068136 -0.612182
v 0.508881 0.068136 -0.700411
v 0.393047 0.068136 -0.771394
v 0.267535 0.068136 -0.823384
v 0.135436 0.068136 -0.855098
v 0.000001 0.068136 -0.865757
v -0.135433 0.068136 -0.855098
v -0.267533 0.068136 -0.823384
v -0.393045 0.068136 -0.771394
v -0.508878 0.068136 -0.700411
v -0.612182 0.068136 -0.612182
v -0.700411 0.068136 -0.508879
v -0.771394 0.068136 -0.393045
v -0.823383 0.068136 -0.267533
v -0.855098 0.068136 -0.135433
v -0.865757 0.068136 0.000001
v -0.855098 0.068136 0.135436
v -0.823383 0.068136 0.267535
v -0.771394 0.068136 0.393047
v -0.700411 0.068136 0.508880
v -0.612182 0.068136 0.612183
v -0.508879 0.068136 0.700414
v -0.393045 0.068136 0.771397
v -0.267533 0.068136 0.823385
v -0.135433 0.068136 0.855100
v 0.000001 0.068136 0.865759
v 0.135436 0.068136 0.855100
v 0.267535 0.068136 0.823385
v 0.393047 0.068136 0.771397
v 0.508880 0.068136 0.700414
v 0.612183 0.068136 0.612185
v 0.700414 0.068136 0.508880
v 0.771397 0.068136 0.393047
v 0.823385 0.068136 0.267535
v 0.855100 0.068136 0.135436
v 0.865758 0.068136 0.000001
v 1.276055 0.152913 -0.202105
v 1.228729 0.152913 -0.399236
v 1.151147 0.152913 -0.586536
v 1.045219 0.152913 -0.759394
v 0.913555 0.152913 -0.913552
v 0.759396 0.152913 -1.045217
v 0.586540 0.152913 -1.151143
v 0.399239 0.152913 -1.228726
v 0.202109 0.152913 -1.276053
v 0.000001 0.152913 -1.291960
v -0.202105 0.152913 -1.276053
v -0.399236 0.152913 -1.228726
v -0.586536 0.152913 -1.151143
v -0.759394 0.152913 -1.045217
v -0.913552 0.152913 -0.913553
v -1.045217 0.152913 -0.759394
v -1.151143 0.152913 -0.586536
v -1.228726 0.152913 -0.399236
v -1.276053 0.152913 -0.202106
v -1.291958 0.152913 0.000001
v -1.276053 0.152913 0.202107
v -1.228726 0.152913 0.399239
v -1.151143 0.152913 0.586539
v -1.045217 0.152913 0.759396
v -0.913552 0.152913 0.913554
v -0.759394 0.152913 1.045219
v -0.586536 0.152913 1.151146
v -0.399236 0.152913 1.228728
v -0.202106 0.152913 1.276055
v 0.000001 0.152913 1.291961
v 0.202107 0.152913 1.276055
v 0.399239 0.152913 1.228728
v 0.586539 0.152913 1.151146
v 0.759396 0.152913 1.045219
v 0.913554 0.152913 0.913554
v 1.045218 0.152913 0.759396
v 1.151146 0.152913 0.586539
v 1.228728 0.152913 0.399239
v 1.276054 0.152913 0.202109
v 1.291961 0.152913 0.000001
v 1.689143 0.270868 -0.267532
v 1.626495 0.270868 -0.528478
v 1.523798 0.270868 -0.776412
v 1.383580 0.270868 -1.005227
v 1.209294 0.270868 -1.209291
v 1.005230 0.270868 -1.383578
v 0.776415 0.270868 -1.523795
v 0.528481 0.270868 -1.626493
v 0.267535 0.270868 -1.689141
v 0.000001 0.270868 -1.710196
v -0.267532 0.270868 -1.689141
v -0.528478 0.270868 -1.626493
v -0.776412 0.270868 -1.523796
v -1.005227 0.270868 -1.383578
v -1.209290 0.270868 -1.209291
v -1.383577 0.270868 -1.005228
v -1.523795 0.270868 -0.776412
v -1.626493 0.270868 -0.528479
v -1.689141 0.270868 -0.267533
v -1.710196 0.270868 0.000001
v -1.689141 0.270868 0.267534
v -1.626493 0.270868 0.528480
v -1.523795 0.270868 0.776414
v -1.383578 0.270868 1.005229
v -1.209291 0.270868 1.209292
v -1.005228 0.270868 1.383579
v -0.776412 0.270868 1.523797
v -0.528479 0.270868 1.626494
v -0.267533 0.270868 1.689143
v 0.000001 0.270868 1.710197
v 0.267534 0.270868 1.689143
v 0.528480 0.270868 1.626494
v 0.776414 0.270868 1.523797
v 1.005229 0.270868 1.383579
v 1.209292 0.270868 1.209292
v 1.383579 0.270868 1.005229
v 1.523797 0.270868 0.776414
v 1.626494 0.270868 0.528481
v 1.689142 0.270868 0.267535
v 1.710197 0.270868 0.000001
v 2.091817 0.421274 -0.331309
v 2.014235 0.421274 -0.654462
v 1.887056 0.421274 -0.961500
v 1.713411 0.421274 -1.244864
v 1.497577 0.421274 -1.497574
v 1.244867 0.421274 -1.713408
v 0.961504 0.421274 -1.887053
v 0.654466 0.421274 -2.014233
v 0.331313 0.421274 -2.091815
v 0.000001 0.421274 -2.117890
v -0.331309 0.421274 -2.091815
v -0.654462 0.421274 -2.014233
v -0.961500 0.421274 -1.887053
v -1.244864 0.421274 -1.713408
v -1.497574 0.421274 -1.497574
v -1.713408 0.421274 -1.244864
v -1.887053 0.421274 -0.961501
v -2.014233 0.421274 -0.654463
v -2.091815 0.421274 -0.331310
v -2.117889 0.421274 0.000001
v -2.091815 0.421274 0.331312
v -2.014233 0.421274 0.654464
v -1.887053 0.421274 0.961502
v -1.713408 0.421274 1.244866
v -1.497574 0.421274 1.497576
v -1.244864 0.421274 1.713409
v -0.961501 0.421274 1.887055
v -0.654463 0.421274 2.014235
v -0.331310 0.421274 2.091817
v 0.000001 0.421274 2.117891
v 0.331312 0.421274 2.091817
v 0.654464 0.421274 2.014235
v 0.961502 0.421274 1.887055
v 1.244866 0.421274 1.713411
v 1.497576 0.421274 1.497576
v 1.713409 0.421274 1.244866
v 1.887054 0.421274 0.961502
v 2.014234 0.421274 0.654466
v 2.091816 0.421274 0.331312
v 2.117890 0.421274 0.000001
v 2.481594 0.603203 -0.393044
v 2.389556 0.603203 -0.776412
v 2.238679 0.603203 -1.140661
v 2.032678 0.603203 -1.476825
v 1.776626 0.603203 -1.776623
v 1.476828 0.603203 -2.032675
v 1.140665 0.603203 -2.238676
v 0.776415 0.603203 -2.389553
v 0.393048 0.603203 -2.481592
v 0.000002 0.603203 -2.512526
v -0.393044 0.603203 -2.481592
v -0.776412 0.603203 -2.389553
v -1.140661 0.603203 -2.238677
v -1.476825 0.603203 -2.032675
v -1.776623 0.603203 -1.776624
v -2.032675 0.603203 -1.476825
v -2.238676 0.603203 -1.140663
v -2.389553 0.603203 -0.776413
v -2.481592 0.603203 -0.393045
v -2.512524 0.603203 0.000001
v -2.481592 0.603203 0.393047
v -2.389553 0.603203 0.776414
v -2.238676 0.603203 1.140664
v -2.032675 0.603203 1.476827
v -1.776624 0.603203 1.776625
v -1.476825 0.603203 2.032676
v -1.140661 0.603203 2.238678
v -0.776412 0.603203 2.389555
v -0.393045 0.603203 2.481593
v 0.000001 0.603203 2.512527
v 0.393047 0.603203 2.481593
v 0.776414 0.603203 2.389555
v 1.140664 0.603203 2.238678
v 1.476827 0.603203 2.032677
v 1.776625 0.603203 1.776625
v 2.032676 0.603203 1.476827
v 2.238678 0.603203 1.140664
v 2.389554 0.603203 0.776414
v 2.481593 0.603203 0.393047
v 2.512527 0.603203 0.000001
v 2.856071 0.815535 -0.452356
v 2.750144 0.815535 -0.893574
v 2.576500 0.815535 -1.312790
v 2.339413 0.815535 -1.699680
v 2.044722 0.815535 -2.044719
v 1.699683 0.815535 -2.339410
v 1.312793 0.815535 -2.576497
v 0.893578 0.815535 -2.750142
v 0.452359 0.815535 -2.856069
v 0.000002 0.815535 -2.891670
v -0.452356 0.815535 -2.856069
v -0.893574 0.815535 -2.750142
v -1.312790 0.815535 -2.576497
v -1.699680 0.815535 -2.339411
v -2.044719 0.815535 -2.044720
v -2.339410 0.815535 -1.699681
v -2.576497 0.815535 -1.312791
v -2.750141 0.815535 -0.893574
v -2.856069 0.815535 -0.452357
v -2.891670 0.815535 0.000001
v -2.856069 0.815535 0.452358
v -2.750141 0.815535 0.893577
v -2.576497 0.815535 1.312792
v -2.339410 0.815535 1.699682
v -2.044719 0.815535 2.044720
v -1.699681 0.815535 2.339411
v -1.312791 0.815535 2.576499
v -0.893574 0.815535 2.750143
v -0.452356 0.815535 2.856070
v 0.000001 0.815535 2.891672
v 0.452358 0.815535 2.856070
v 0.893577 0.815535 2.750143
v 1.312792 0.815535 2.576499
v 1.699682 0.815535 2.339412
v 2.044720 0.815535 2.044721
v 2.339411 0.815535 1.699682
v 2.576498 0.815535 1.312792
v 2.750142 0.815535 0.893577
v 2.856070 0.815535 0.452358
v 2.891671 0.815535 0.000001
v 3.212940 1.056959 -0.508878
v 3.093778 1.056959 -1.005227
v 2.898435 1.056959 -1.476825
v 2.631724 1.056959 -1.912057
v 2.300211 1.056959 -2.300208
v 1.912060 1.056959 -2.631721
v 1.476828 1.056959 -2.898433
v 1.005230 1.056959 -3.093774
v 0.508881 1.056959 -3.212938
v 0.000002 1.056959 -3.252987
v -0.508878 1.056959 -3.212938
v -1.005227 1.056959 -3.093775
v -1.476825 1.056959 -2.898433
v -1.912057 1.056959 -2.631722
v -2.300208 1.056959 -2.300209
v -2.631721 1.056959 -1.912058
v -2.898432 1.056959 -1.476825
v -3.093774 1.056959 -1.005228
v -3.212937 1.056959 -0.508879
v -3.252986 1.056959 0.000001
v -3.212937 1.056959 0.508880
v -3.093774 1.056959 1.005229
v -2.898432 1.056959 1.476827
v -2.631721 1.056959 1.912059
v -2.300209 1.056959 2.300210
v -1.912057 1.056959 2.631723
v -1.476825 1.056959 2.898434
v -1.005228 1.056959 3.093776
v -0.508879 1.056959 3.212939
v 0.000001 1.056959 3.252988
v 0.508880 1.056959 3.212939
v 1.005229 1.056959 3.093776
v 1.476827 1.056959 2.898434
v 1.912059 1.056959 2.631723
v 2.300210 1.056959 2.300210
v 2.631722 1.056959 1.912059
v 2.898434 1.056959 1.476827
v 3.093775 1.056959 1.005229
v 3.212938 1.056959 0.508880
v 3.252987 1.056959 0.000001
v 3.550001 1.325988 -0.562263
v 3.418336 1.325988 -1.110682
v 3.202502 1.325988 -1.631754
v 2.907811 1.325988 -2.112646
v 2.541521 1.325988 -2.541518
v 2.112649 1.325988 -2.907808
v 1.631757 1.325988 -3.202499
v 1.110687 1.325988 -3.418334
v 0.562266 1.325988 -3.549997
v 0.000002 1.325988 -3.594249
v -0.562263 1.325988 -3.549997
v -1.110682 1.325988 -3.418334
v -1.631753 1.325988 -3.202499
v -2.112645 1.325988 -2.907808
v -2.541516 1.325988 -2.541519
v -2.907808 1.325988 -2.112647
v -3.202498 1.325988 -1.631755
v -3.418333 1.325988 -1.110683
v -3.549997 1.325988 -0.562264
v -3.594249 1.325988 0.000000
v -3.549997 1.325988 0.562265
v -3.418333 1.325988 1.110684
v -3.202499 1.325988 1.631755
v -2.907808 1.325988 2.112647
v -2.541518 1.325988 2.541519
v -2.112646 1.325988 2.907809
v -1.631754 1.325988 3.202500
v -1.110683 1.325988 3.418335
v -0.562264 1.325988 3.550000
v 0.000001 1.325988 3.594250
v 0.562265 1.325988 3.550000
v 1.110684 1.325988 3.418335
v 1.631755 1.325988 3.202500
v 2.112647 1.325988 2.907810
v 2.541519 1.325988 2.541519
v 2.907809 1.325988 2.112647
v 3.202500 1.325988 1.631756
v 3.418334 1.325988 1.110685
v 3.549998 1.325988 0.562265
v 3.594250 1.325988 0.000001
v 3.865173 1.620963 -0.612181
v 3.721820 1.620963 -1.209290
v 3.486823 1.620963 -1.776623
v 3.165970 1.620963 -2.300208
v 2.767159 1.620963 -2.767156
v 2.300213 1.620963 -3.165966
v 1.776627 1.620963 -3.486821
v 1.209295 1.620963 -3.721817
v 0.612186 1.620963 -3.865171
v 0.000002 1.620963 -3.913350
v -0.612181 1.620963 -3.865171
v -1.209290 1.620963 -3.721818
v -1.776623 1.620963 -3.486821
v -2.300208 1.620963 -3.165967
v -2.767156 1.620963 -2.767157
v -3.165966 1.620963 -2.300209
v -3.486820 1.620963 -1.776624
v -3.721817 1.620963 -1.209291
v -3.865170 1.620963 -0.612182
v -3.913349 1.620963 0.000000
v -3.865170 1.620963 0.612183
v -3.721817 1.620963 1.209292
v -3.486820 1.620963 1.776625
v -3.165966 1.620963 2.300210
v -2.767156 1.620963 2.767157
v -2.300209 1.620963 3.165968
v -1.776624 1.620963 3.486822
v -1.209291 1.620963 3.721819
v -0.612182 1.620963 3.865172
v 0.000001 1.620963 3.913352
v 0.612183 1.620963 3.865172
v 1.209292 1.620963 3.721819
v 1.776625 1.620963 3.486822
v 2.300210 1.620963 3.165968
v 2.767157 1.620963 2.767158
v 3.165967 1.620963 2.300210
v 3.486821 1.620963 1.776625
v 3.721817 1.620963 1.209292
v 3.865171 1.620963 0.612183
v 3.913350 1.620963 0.000001
v 4.156516 1.940064 -0.658325
v 4.002357 1.940064 -1.300442
v 3.749648 1.940064 -1.910538
v 3.404609 1.940064 -2.473590
v 2.975739 1.940064 -2.975734
v 2.473594 1.940064 -3.404605
v 1.910543 1.940064 -3.749644
v 1.300446 1.940064 -4.002355
v 0.658330 1.940064 -4.156514
v 0.000002 1.940064 -4.208324
v -0.658325 1.940064 -4.156514
v -1.300442 1.940064 -4.002356
v -1.910538 1.940064 -3.749645
v -2.473590 1.940064 -3.404607
v -2.975734 1.940064 -2.975735
v -3.404605 1.940064 -2.473592
v -3.749644 1.940064 -1.910539
v -4.002355 1.940064 -1.300444
v -4.156513 1.940064 -0.658326
v -4.208324 1.940064 0.000000
v -4.156513 1.940064 0.658327
v -4.002355 1.940064 1.300445
v -3.749644 1.940064 1.910541
v -3.404605 1.940064 2.473591
v -2.975734 1.940064 2.975736
v -2.473590 1.940064 3.404607
v -1.910538 1.940064 3.749645
v -1.300444 1.940064 4.002357
v -0.658326 1.940064 4.156515
v 0.000001 1.940064 4.208326
v 0.658327 1.940064 4.156515
v 1.300445 1.940064 4.002357
v 1.910541 1.940064 3.749646
v 2.473591 1.940064 3.404608
v 2.975736 1.940064 2.975736
v 3.404607 1.940064 2.473593
v 3.749645 1.940064 1.910541
v 4.002356 1.940064 1.300445
v 4.156514 1.940064 0.658329
v 4.208324 1.940064 0.000001
v 4.422233 2.281325 -0.700410
v 4.258220 2.281325 -1.383577
v 3.989354 2.281325 -2.032675
v 3.622259 2.281325 -2.631721
v 3.165970 2.281325 -3.165966
v 2.631726 2.281325 -3.622254
v 2.032678 2.281325 -3.989351
v 1.383581 2.281325 -4.258216
v 0.700415 2.281325 -4.422230
v 0.000002 2.281325 -4.477354
v -0.700410 2.281325 -4.422230
v -1.383577 2.281325 -4.258216
v -2.032674 2.281325 -3.989352
v -2.631721 2.281325 -3.622255
v -3.165966 2.281325 -3.165967
v -3.622254 2.281325 -2.631722
v -3.989351 2.281325 -2.032676
v -4.258215 2.281325 -1.383578
v -4.422229 2.281325 -0.700413
v -4.477353 2.281325 0.000000
v -4.422229 2.281325 0.700413
v -4.258215 2.281325 1.383579
v -3.989351 2.281325 2.032676
v -3.622254 2.281325 2.631723
v -3.165967 2.281325 3.165967
v -2.631722 2.281325 3.622255
v -2.032675 2.281325 3.989352
v -1.383578 2.281325 4.258218
v -0.700411 2.281325 4.422231
v 0.000001 2.281325 4.477354
v 0.700414 2.281325 4.422231
v 1.383579 2.281325 4.258218
v 2.032676 2.281325 3.989352
v 2.631723 2.281325 3.622256
v 3.165967 2.281325 3.165968
v 3.622255 2.281325 2.631723
v 3.989352 2.281325 2.032677
v 4.258216 2.281325 1.383579
v 4.422230 2.281325 0.700414
v 4.477353 2.281325 0.000001
v 4.660686 2.642643 -0.738178
v 4.487827 2.642643 -1.458182
v 4.204465 2.642643 -2.142279
v 3.817575 2.642643 -2.773626
v 3.336683 2.642643 -3.336679
v 2.773631 2.642643 -3.817571
v 2.142283 2.642643 -4.204462
v 1.458185 2.642643 -4.487824
v 0.738182 2.642643 -4.660683
v 0.000002 2.642643 -4.718779
v -0.738178 2.642643 -4.660683
v -1.458180 2.642643 -4.487825
v -2.142279 2.642643 -4.204462
v -2.773626 2.642643 -3.817573
v -3.336679 2.642643 -3.336681
v -3.817570 2.642643 -2.773629
v -4.204461 2.642643 -2.142280
v -4.487824 2.642643 -1.458183
v -4.660681 2.642643 -0.738180
v -4.718778 2.642643 0.000000
v -4.660681 2.642643 0.738180
v -4.487824 2.642643 1.458183
v -4.204462 2.642643 2.142281
v -3.817571 2.642643 2.773629
v -3.336679 2.642643 3.336681
v -2.773628 2.642643 3.817572
v -2.142280 2.642643 4.204463
v -1.458183 2.642643 4.487825
v -0.738179 2.642643 4.660682
v 0.000001 2.642643 4.718779
v 0.738180 2.642643 4.660682
v 1.458184 2.642643 4.487825
v 2.142281 2.642643 4.204463
v 2.773629 2.642643 3.817572
v 3.336681 2.642643 3.336681
v 3.817572 2.642643 2.773629
v 4.204462 2.642643 2.142281
v 4.487824 2.642643 1.458184
v 4.660681 2.642643 0.738181
v 4.718778 2.642643 0.000001
v 4.870402 3.021787 -0.771393
v 4.689767 3.021787 -1.523795
v 4.393654 3.021787 -2.238676
v 3.989355 3.021787 -2.898433
v 3.486825 3.021787 -3.486821
v 2.898436 3.021787 -3.989351
v 2.238680 3.021787 -4.393651
v 1.523800 3.021787 -4.689763
v 0.771398 3.021787 -4.870399
v 0.000002 3.021787 -4.931110
v -0.771393 3.021787 -4.870399
v -1.523795 3.021787 -4.689764
v -2.238676 3.021787 -4.393651
v -2.898432 3.021787 -3.989352
v -3.486820 3.021787 -3.486822
v -3.989351 3.021787 -2.898434
v -4.393650 3.021787 -2.238677
v -4.689763 3.021787 -1.523796
v -4.870399 3.021787 -0.771396
v -4.931109 3.021787 0.000000
v -4.870399 3.021787 0.771396
v -4.689763 3.021787 1.523797
v -4.393650 3.021787 2.238678
v -3.989351 3.021787 2.898434
v -3.486821 3.021787 3.486821
v -2.898433 3.021787 3.989352
v -2.238677 3.021787 4.393652
v -1.523796 3.021787 4.689764
v -0.771394 3.021787 4.870401
v 0.000001 3.021787 4.931109
v 0.771396 3.021787 4.870401
v 1.523797 3.021787 4.689764
v 2.238678 3.021787 4.393652
v 2.898434 3.021787 3.989353
v 3.486821 3.021787 3.486822
v 3.989352 3.021787 2.898434
v 4.393651 3.021787 2.238678
v 4.689764 3.021787 1.523797
v 4.870399 3.021787 0.771397
v 4.931108 3.021787 0.000001
v 5.050093 3.416423 -0.799853
v 4.862793 3.416423 -1.580014
v 4.555755 3.416423 -2.321270
v 4.136539 3.416423 -3.005368
v 3.615469 3.416423 -3.615464
v 3.005373 3.416423 -4.136535
v 2.321274 3.416423 -4.555751
v 1.580018 3.416423 -4.862789
v 0.799859 3.416423 -5.050089
v 0.000002 3.416423 -5.113040
v -0.799853 3.416423 -5.050089
v -1.580014 3.416423 -4.862790
v -2.321270 3.416423 -4.555751
v -3.005367 3.416423 -4.136536
v -3.615463 3.416423 -3.615465
v -4.136535 3.416423 -3.005369
v -4.555750 3.416423 -2.321272
v -4.862789 3.416423 -1.580016
v -5.050089 3.416423 -0.799855
v -5.113039 3.416423 0.000000
v -5.050089 3.416423 0.799856
v -4.862789 3.416423 1.580016
v -4.555750 3.416423 2.321272
v -4.136535 3.416423 3.005369
v -3.615464 3.416423 3.615465
v -3.005368 3.416423 4.136536
v -2.321271 3.416423 4.555752
v -1.580016 3.416423 4.862790
v -0.799855 3.416423 5.050090
v 0.000001 3.416423 5.113040
v 0.799856 3.416423 5.050090
v 1.580016 3.416423 4.862790
v 2.321272 3.416423 4.555752
v 3.005369 3.416423 4.136537
v 3.615465 3.416423 3.615465
v 4.136536 3.416423 3.005369
v 4.555751 3.416423 2.321272
v 4.862789 3.416423 1.580017
v 5.050090 3.416423 0.799856
v 5.113039 3.416423 0.000001
v 5.198647 3.824116 -0.823382
v 5.005836 3.824116 -1.626492
v 4.689767 3.824116 -2.389553
v 4.258220 3.824116 -3.093774
v 3.721821 3.824116 -3.721817
v 3.093779 3.824116 -4.258215
v 2.389557 3.824116 -4.689763
v 1.626497 3.824116 -5.005834
v 0.823387 3.824116 -5.198644
v 0.000002 3.824116 -5.263446
v -0.823382 3.824116 -5.198644
v -1.626492 3.824116 -5.005834
v -2.389552 3.824116 -4.689763
v -3.093774 3.824116 -4.258216
v -3.721817 3.824116 -3.721818
v -4.258215 3.824116 -3.093775
v -4.689762 3.824116 -2.389554
v -5.005833 3.824116 -1.626494
v -5.198643 3.824116 -0.823384
v -5.263444 3.824116 0.000000
v -5.198643 3.824116 0.823385
v -5.005833 3.824116 1.626494
v -4.689763 3.824116 2.389554
v -4.258215 3.824116 3.093775
v -3.721817 3.824116 3.721817
v -3.093775 3.824116 4.258216
v -2.389553 3.824116 4.689764
v -1.626493 3.824116 5.005835
v -0.823384 3.824116 5.198645
v 0.000001 3.824116 5.263445
v 0.823385 3.824116 5.198645
v 1.626494 3.824116 5.005835
v 2.389554 3.824116 4.689764
v 3.093775 3.824116 4.258218
v 3.721817 3.824116 3.721819
v 4.258216 3.824116 3.093776
v 4.689764 3.824116 2.389555
v 5.005834 3.824116 1.626494
v 5.198643 3.824116 0.823385
v 5.263445 3.824116 0.000001
v 5.315149 4.242354 -0.841834
v 5.118018 4.242354 -1.662942
v 4.794866 4.242354 -2.443103
v 4.353647 4.242354 -3.163106
v 3.805228 4.242354 -3.805223
v 3.163111 4.242354 -4.353643
v 2.443107 4.242354 -4.794862
v 1.662947 4.242354 -5.118015
v 0.841838 4.242354 -5.315145
v 0.000002 4.242354 -5.381401
v -0.841834 4.242354 -5.315145
v -1.662942 4.242354 -5.118016
v -2.443103 4.242354 -4.794863
v -3.163106 4.242354 -4.353645
v -3.805223 4.242354 -3.805225
v -4.353642 4.242354 -3.163108
v -4.794861 4.242354 -2.443104
v -5.118015 4.242354 -1.662944
v -5.315145 4.242354 -0.841836
v -5.381400 4.242354 0.000000
v -5.315145 4.242354 0.841836
v -5.118015 4.242354 1.662944
v -4.794862 4.242354 2.443105
v -4.353643 4.242354 3.163108
v -3.805224 4.242354 3.805224
v -3.163107 4.242354 4.353645
v -2.443104 4.242354 4.794863
v -1.662943 4.242354 5.118016
v -0.841836 4.242354 5.315146
v 0.000000 4.242354 5.381401
v 0.841837 4.242354 5.315146
v 1.662944 4.242354 5.118016
v 2.443105 4.242354 4.794863
v 3.163108 4.242354 4.353645
v 3.805224 4.242354 3.805225
v 4.353643 4.242354 3.163108
v 4.794862 4.242354 2.443105
v 5.118015 4.242354 1.662944
v 5.315145 4.242354 0.841837
v 5.381399 4.242354 0.000001
v 5.398883 4.668556 -0.855097
v 5.198647 4.668556 -1.689139
v 4.870402 4.668556 -2.481591
v 4.422234 4.668556 -3.212937
v 3.865174 4.668556 -3.865170
v 3.212941 4.668556 -4.422230
v 2.481595 4.668556 -4.870399
v 1.689145 4.668556 -5.198644
v 0.855101 4.668556 -5.398880
v 0.000002 4.668556 -5.466178
v -0.855097 4.668556 -5.398880
v -1.689139 4.668556 -5.198645
v -2.481591 4.668556 -4.870399
v -3.212937 4.668556 -4.422230
v -3.865170 4.668556 -3.865172
v -4.422229 4.668556 -3.212939
v -4.870399 4.668556 -2.481593
v -5.198644 4.668556 -1.689142
v -5.398879 4.668556 -0.855099
v -5.466177 4.668556 0.000000
v -5.398879 4.668556 0.855099
v -5.198644 4.668556 1.689142
v -4.870399 4.668556 2.481593
v -4.422230 4.668556 3.212939
v -3.865171 4.668556 3.865171
v -3.212938 4.668556 4.422230
v -2.481592 4.668556 4.870399
v -1.689142 4.668556 5.198645
v -0.855098 4.668556 5.398880
v 0.000000 4.668556 5.466178
v 0.855099 4.668556 5.398880
v 1.689142 4.668556 5.198645
v 2.481593 4.668556 4.870401
v 3.212939 4.668556 4.422231
v 3.865171 4.668556 3.865172
v 4.422230 4.668556 3.212939
v 4.870399 4.668556 2.481593
v 5.198643 4.668556 1.689143
v 5.398879 4.668556 0.855100
v 5.466177 4.668556 0.000001
v 5.449329 5.100097 -0.863086
v 5.247222 5.100097 -1.704923
v 4.915912 5.100097 -2.504778
v 4.463555 5.100097 -3.242959
v 3.901290 5.100097 -3.901287
v 3.242962 5.100097 -4.463551
v 2.504784 5.100097 -4.915908
v 1.704928 5.100097 -5.247219
v 0.863091 5.100097 -5.449327
v 0.000002 5.100097 -5.517254
v -0.863086 5.100097 -5.449327
v -1.704923 5.100097 -5.247219
v -2.504778 5.100097 -4.915909
v -3.242959 5.100097 -4.463552
v -3.901286 5.100097 -3.901288
v -4.463551 5.100097 -3.242960
v -4.915908 5.100097 -2.504781
v -5.247218 5.100097 -1.704924
v -5.449326 5.100097 -0.863088
v -5.517253 5.100097 0.000000
v -5.449326 5.100097 0.863089
v -5.247218 5.100097 1.704925
v -4.915908 5.100097 2.504781
v -4.463551 5.100097 3.242960
v -3.901287 5.100097 3.901287
v -3.242959 5.100097 4.463552
v -2.504780 5.100097 4.915909
v -1.704924 5.100097 5.247220
v -0.863088 5.100097 5.449327
v 0.000000 5.100097 5.517254
v 0.863089 5.100097 5.449327
v 1.704925 5.100097 5.247220
v 2.504781 5.100097 4.915909
v 3.242960 5.100097 4.463552
v 3.901287 5.100097 3.901288
v 4.463552 5.100097 3.242960
v 4.915908 5.100097 2.504781
v 5.247219 5.100097 1.704925
v 5.449326 5.100097 0.863089
v 5.517253 5.100097 0.000001
v 5.466180 5.534312 -0.865756
v 5.263448 5.534312 -1.710195
v 4.931112 5.534312 -2.512524
v 4.477356 5.534312 -3.252986
v 3.913354 5.534312 -3.913349
v 3.252991 5.534312 -4.477353
v 2.512528 5.534312 -4.931109
v 1.710200 5.534312 -5.263444
v 0.865760 5.534312 -5.466178
v 0.000002 5.534312 -5.534313
v -0.865756 5.534312 -5.466178
v -1.710195 5.534312 -5.263444
v -2.512524 5.534312 -4.931109
v -3.252986 5.534312 -4.477354
v -3.913349 5.534312 -3.913352
v -4.477352 5.534312 -3.252988
v -4.931108 5.534312 -2.512526
v -5.263444 5.534312 -1.710197
v -5.466177 5.534312 -0.865758
v -5.534312 5.534312 0.000000
v -5.466177 5.534312 0.865758
v -5.263444 5.534312 1.710197
v -4.931108 5.534312 2.512527
v -4.477353 5.534312 3.252987
v -3.913350 5.534312 3.913350
v -3.252987 5.534312 4.477353
v -2.512526 5.534312 4.931108
v -1.710196 5.534312 5.263445
v -0.865757 5.534312 5.466178
v 0.000000 5.534312 5.534313
v 0.865758 5.534312 5.466178
v 1.710197 5.534312 5.263445
v 2.512527 5.534312 4.931109
v 3.252987 5.534312 4.477354
v 3.913350 5.534312 3.913352
v 4.477353 5.534312 3.252988
v 4.931108 5.534312 2.512527
v 5.263445 5.534312 1.710197
v 5.466177 5.534312 0.865758
v 5.534312 5.534312 0.000001
v 5.449329 5.968525 -0.863086
v 5.247222 5.968525 -1.704923
v 4.915912 5.968525 -2.504778
v 4.463555 5.968525 -3.242959
v 3.901290 5.968525 -3.901287
v 3.242962 5.968525 -4.463551
v 2.504784 5.968525 -4.915908
v 1.704928 5.968525 -5.247219
v 0.863091 5.968525 -5.449327
v 0.000002 5.968525 -5.517254
v -0.863086 5.968525 -5.449327
v -1.704923 5.968525 -5.247219
v -2.504778 5.968525 -4.915909
v -3.242959 5.968525 -4.463552
v -3.901286 5.968525 -3.901288
v -4.463551 5.968525 -3.242960
v -4.915908 5.968525 -2.504781
v -5.247218 5.968525 -1.704924
v -5.449326 5.968525 -0.863088
v -5.517253 5.968525 0.000000
v -5.449326 5.968525 0.863089
v -5.247218 5.968525 1.704925
v -4.915908 5.968525 2.504781
v -4.463551 5.968525 3.242960
v -3.901287 5.968525 3.901287
v -3.242959 5.968525 4.463552
v -2.504780 5.968525 4.915909
v -1.704924 5.968525 5.247220
v -0.863088 5.968525 5.449327
v 0.000000 5.968525 5.517254
v 0.863089 5.968525 5.449327
v 1.704925 5.968525 5.247220
v 2.504781 5.968525 4.915909
v 3.242960 5.968525 4.463552
v 3.901287 5.968525 3.901288
v 4.463552 5.968525 3.242960
v 4.915908 5.968525 2.504781
v 5.247219 5.968525 1.704925
v 5.449326 5.968525 0.863089
v 5.517253 5.968525 0.000001
v 5.398883 6.400067 -0.855097
v 5.198647 6.400067 -1.689139
v 4.870402 6.400067 -2.481591
v 4.422234 6.400067 -3.212937
v 3.865174 6.400067 -3.865170
v 3.212941 6.400067 -4.422230
v 2.481595 6.400067 -4.870399
v 1.689145 6.400067 -5.198644
v 0.855101 6.400067 -5.398880
v 0.000002 6.400067 -5.466178
v -0.855097 6.400067 -5.398880
v -1.689139 6.400067 -5.198645
v -2.481591 6.400067 -4.870399
v -3.212937 6.400067 -4.422230
v -3.865170 6.400067 -3.865172
v -4.422229 6.400067 -3.212939
v -4.870399 6.400067 -2.481593
v -5.198644 6.400067 -1.689142
v -5.398879 6.400067 -0.855099
v -5.466177 6.400067 0.000000
v -5.398879 6.400067 0.855099
v -5.198644 6.400067 1.689142
v -4.870399 6.400067 2.481593
v -4.422230 6.400067 3.212939
v -3.865171 6.400067 3.865171
v -3.212938 6.400067 4.422230
v -2.481592 6.400067 4.870399
v -1.689142 6.400067 5.198645
v -0.855098 6.400067 5.398880
v 0.000000 6.400067 5.466178
v 0.855099 6.400067 5.398880
v 1.689142 6.400067 5.198645
v 2.481593 6.400067 4.870401
v 3.212939 6.400067 4.422231
v 3.865171 6.400067 3.865172
v 4.422230 6.400067 3.212939
v 4.870399 6.400067 2.481593
v 5.198643 6.400067 1.689143
v 5.398879 6.400067 0.855100
v 5.466177 6.400067 0.000001
v 5.315149 6.826269 -0.841834
v 5.118018 6.826269 -1.662942
v 4.794866 6.826269 -2.443103
v 4.353647 6.826269 -3.163106
v 3.805228 6.826269 -3.805223
v 3.163111 6.826269 -4.353643
v 2.443107 6.826269 -4.794862
v 1.662947 6.826269 -5.118015
v 0.841838 6.826269 -5.315145
v 0.000002 6.826269 -5.381401
v -0.841834 6.826269 -5.315145
v -1.662942 6.826269 -5.118016
v -2.443103 6.826269 -4.794863
v -3.163106 6.826269 -4.353645
v -3.805223 6.826269 -3.805225
v -4.353642 6.826269 -3.163108
v -4.794861 6.826269 -2.443104
v -5.118015 6.826269 -1.662944
v -5.315145 6.826269 -0.841836
v -5.381400 6.826269 0.000000
v -5.315145 6.826269 0.841836
v -5.118015 6.826269 1.662944
v -4.794862 6.826269 2.443105
v -4.353643 6.826269 3.163108
v -3.805224 6.826269 3.805224
v -3.163107 6.826269 4.353645
v -2.443104 6.826269 4.794863
v -1.662943 6.826269 5.118016
v -0.841836 6.826269 5.315146
v 0.000000 6.826269 5.381401
v 0.841837 6.826269 5.315146
v 1.662944 6.826269 5.118016
v 2.443105 6.826269 4.794863
v 3.163108 6.826269 4.353645
v 3.805224 6.826269 3.805225
v 4.353643 6.826269 3.163108
v 4.794862 6.826269 2.443105
v 5.118015 6.826269 1.662944
v 5.315145 6.826269 0.841837
v 5.381399 6.826269 0.000001
v 5.198647 7.244506 -0.823382
v 5.005836 7.244506 -1.626492
v 4.689767 7.244506 -2.389553
v 4.258220 7.244506 -3.093774
v 3.721821 7.244506 -3.721817
v 3.093779 7.244506 -4.258215
v 2.389557 7.244506 -4.689763
v 1.626497 7.244506 -5.005834
v 0.823387 7.244506 -5.198644
v 0.000002 7.244506 -5.263446
v -0.823382 7.244506 -5.198644
v -1.626492 7.244506 -5.005834
v -2.389552 7.244506 -4.689763
v -3.093774 7.244506 -4.258216
v -3.721817 7.244506 -3.721818
v -4.258215 7.244506 -3.093775
v -4.689762 7.244506 -2.389554
v -5.005833 7.244506 -1.626494
v -5.198643 7.244506 -0.823384
v -5.263444 7.244506 0.000000
v -5.198643 7.244506 0.823385
v -5.005833 7.244506 1.626494
v -4.689763 7.244506 2.389554
v -4.258215 7.244506 3.093775
v -3.721817 7.244506 3.721817
v -3.093775 7.244506 4.258216
v -2.389553 7.244506 4.689764
v -1.626493 7.244506 5.005835
v -0.823384 7.244506 5.198645
v 0.000001 7.244506 5.263445
v 0.823385 7.244506 5.198645
v 1.626494 7.244506 5.005835
v 2.389554 7.244506 4.689764
v 3.093775 7.244506 4.258218
v 3.721817 7.244506 3.721819
v 4.258216 7.244506 3.093776
v 4.689764 7.244506 2.389555
v 5.005834 7.244506 1.626494
v 5.198643 7.244506 0.823385
v 5.263445 7.244506 0.000001
v 5.050093 7.652199 -0.799853
v 4.862793 7.652199 -1.580014
v 4.555755 7.652199 -2.321270
v 4.136539 7.652199 -3.005368
v 3.615469 7.652199 -3.615464
v 3.005373 7.652199 -4.136535
v 2.321274 7.652199 -4.555751
v 1.580018 7.652199 -4.862789
v 0.799859 7.652199 -5.050089
v 0.000002 7.652199 -5.113040
v -0.799853 7.652199 -5.050089
v -1.580014 7.652199 -4.862790
v -2.321270 7.652199 -4.555751
v -3.005367 7.652199 -4.136536
v -3.615463 7.652199 -3.615465
v -4.136535 7.652199 -3.005369
v -4.555750 7.652199 -2.321272
v -4.862789 7.652199 -1.580016
v -5.050089 7.652199 -0.799855
v -5.113039 7.652199 0.000000
v -5.050089 7.652199 0.799856
v -4.862789 7.652199 1.580016
v -4.555750 7.652199 2.321272
v -4.136535 7.652199 3.005369
v -3.615464 7.652199 3.615465
v -3.005368 7.652199 4.136536
v -2.321271 7.652199 4.555752
v -1.580016 7.652199 4.862790
v -0.799855 7.652199 5.050090
v 0.000001 7.652199 5.113040
v 0.799856 7.652199 5.050090
v 1.580016 7.652199 4.862790
v 2.321272 7.652199 4.555752
v 3.005369 7.652199 4.136537
v 3.615465 7.652199 3.615465
v 4.136536 7.652199 3.005369
v 4.555751 7.652199 2.321272
v 4.862789 7.652199 1.580017
v 5.050090 7.652199 0.799856
v 5.113039 7.652199 0.000001
v 4.870402 8.046836 -0.771393
v 4.689767 8.046836 -1.523795
v 4.393654 8.046836 -2.238676
v 3.989355 8.046836 -2.898433
v 3.486825 8.046836 -3.486821
v 2.898436 8.046836 -3.989351
v 2.238680 8.046836 -4.393651
v 1.523800 8.046836 -4.689763
v 0.771398 8.046836 -4.870399
v 0.000002 8.046836 -4.931110
v -0.771393 8.046836 -4.870399
v -1.523795 8.046836 -4.689764
v -2.238676 8.046836 -4.393651
v -2.898432 8.046836 -3.989352
v -3.486820 8.046836 -3.486822
v -3.989351 8.046836 -2.898434
v -4.393650 8.046836 -2.238677
v -4.689763 8.046836 -1.523796
v -4.870399 8.046836 -0.771396
v -4.931109 8.046836 0.000000
v -4.870399 8.046836 0.771396
v -4.689763 8.046836 1.523797
v -4.393650 8.046836 2.238678
v -3.989351 8.046836 2.898434
v -3.486821 8.046836 3.486821
v -2.898433 8.046836 3.989352
v -2.238677 8.046836 4.393652
v -1.523796 8.046836 4.689764
v -0.771394 8.046836 4.870401
v 0.000001 8.046836 4.931109
v 0.771396 8.046836 4.870401
v 1.523797 8.046836 4.689764
v 2.238678 8.046836 4.393652
v 2.898434 8.046836 3.989353
v 3.486821 8.046836 3.486822
v 3.989352 8.046836 2.898434
v 4.393651 8.046836 2.238678
v 4.689764 8.046836 1.523797
v 4.870399 8.046836 0.771397
v 4.931108 8.046836 0.000001
v 4.660686 8.425981 -0.738178
v 4.487827 8.425981 -1.458182
v 4.204465 8.425981 -2.142279
v 3.817575 8.425981 -2.773626
v 3.336683 8.425981 -3.336679
v 2.773631 8.425981 -3.817571
v 2.142283 8.425981 -4.204462
v 1.458185 8.425981 -4.487824
v 0.738182 8.425981 -4.660683
v 0.000002 8.425981 -4.718779
v -0.738178 8.425981 -4.660683
v -1.458180 8.425981 -4.487825
v -2.142279 8.425981 -4.204462
v -2.773626 8.425981 -3.817573
v -3.336679 8.425981 -3.336681
v -3.817570 8.425981 -2.773629
v -4.204461 8.425981 -2.142280
v -4.487824 8.425981 -1.458183
v -4.660681 8.425981 -0.738180
v -4.718778 8.425981 0.000000
v -4.660681 8.425981 0.738180
v -4.487824 8.425981 1.458183
v -4.204462 8.425981 2.142281
v -3.817571 8.425981 2.773629
v -3.336679 8.425981 3.336681
v -2.773628 8.425981 3.817572
v -2.142280 8.425981 4.204463
v -1.458183 8.425981 4.487825
v -0.738179 8.425981 4.660682
v 0.000001 8.425981 4.718779
v 0.738180 8.425981 4.660682
v 1.458184 8.425981 4.487825
v 2.142281 8.425981 4.204463
v 2.773629 8.425981 3.817572
v 3.336681 8.425981 3.336681
v 3.817572 8.425981 2.773629
v 4.204462 8.425981 2.142281
v 4.487824 8.425981 1.458184
v 4.660681 8.425981 0.738181
v 4.718778 8.425981 0.000001
v 4.422233 8.787298 -0.700410
v 4.258220 8.787298 -1.383577
v 3.989354 8.787298 -2.032675
v 3.622259 8.787298 -2.631721
v 3.165970 8.787298 -3.165966
v 2.631726 8.787298 -3.622254
v 2.032678 8.787298 -3.989351
v 1.383581 8.787298 -4.258216
v 0.700415 8.787298 -4.422230
v 0.000002 8.787298 -4.477354
v -0.700410 8.787298 -4.422230
v -1.383577 8.787298 -4.258216
v -2.032674 8.787298 -3.989352
v -2.631721 8.787298 -3.622255
v -3.165966 8.787298 -3.165967
v -3.622254 8.787298 -2.631722
v -3.989351 8.787298 -2.032676
v -4.258215 8.787298 -1.383578
v -4.422229 8.787298 -0.700413
v -4.477353 8.787298 0.000000
v -4.422229 8.787298 0.700413
v -4.258215 8.787298 1.383579
v -3.989351 8.787298 2.032676
v -3.622254 8.787298 2.631723
v -3.165967 8.787298 3.165967
v -2.631722 8.787298 3.622255
v -2.032675 8.787298 3.989352
v -1.383578 8.787298 4.258218
v -0.700411 8.787298 4.422231
v 0.000001 8.787298 4.477354
v 0.700414 8.787298 4.422231
v 1.383579 8.787298 4.258218
v 2.032676 8.787298 3.989352
v 2.631723 8.787298 3.622256
v 3.165967 8.787298 3.165968
v 3.622255 8.787298 2.631723
v 3.989352 8.787298 2.032677
v 4.258216 8.787298 1.383579
v 4.422230 8.787298 0.700414
v 4.477353 8.787298 0.000001
v 4.156516 9.128559 -0.658325
v 4.002357 9.128559 -1.300442
v 3.749648 9.128559 -1.910538
v 3.404609 9.128559 -2.473590
v 2.975739 9.128559 -2.975734
v 2.473594 9.128559 -3.404605
v 1.910543 9.128559 -3.749644
v 1.300446 9.128559 -4.002355
v 0.658330 9.128559 -4.156514
v 0.000002 9.128559 -4.208324
v -0.658325 9.128559 -4.156514
v -1.300442 9.128559 -4.002356
v -1.910538 9.128559 -3.749645
v -2.473590 9.128559 -3.404607
v -2.975734 9.128559 -2.975735
v -3.404605 9.128559 -2.473592
v -3.749644 9.128559 -1.910539
v -4.002355 9.128559 -1.300444
v -4.156513 9.128559 -0.658326
v -4.208324 9.128559 0.000000
v -4.156513 9.128559 0.658327
v -4.002355 9.128559 1.300445
v -3.749644 9.128559 1.910541
v -3.404605 9.128559 2.473591
v -2.975734 9.128559 2.975736
v -2.473590 9.128559 3.404607
v -1.910538 9.128559 3.749645
v -1.300444 9.128559 4.002357
v -0.658326 9.128559 4.156515
v 0.000001 9.128559 4.208326
v 0.658327 9.128559 4.156515
v 1.300445 9.128559 4.002357
v 1.910541 9.128559 3.749646
v 2.473591 9.128559 3.404608
v 2.975736 9.128559 2.975736
v 3.404607 9.128559 2.473593
v 3.749645 9.128559 1.910541
v 4.002356 9.128559 1.300445
v 4.156514 9.128559 0.658329
v 4.208324 9.128559 0.000001
v 3.865173 9.447661 -0.612181
v 3.721820 9.447661 -1.209290
v 3.486823 9.447661 -1.776623
v 3.165970 9.447661 -2.300208
v 2.767159 9.447661 -2.767156
v 2.300213 9.447661 -3.165966
v 1.776627 9.447661 -3.486821
v 1.209295 9.447661 -3.721817
v 0.612186 9.447661 -3.865171
v 0.000002 9.447661 -3.913350
v -0.612181 9.447661 -3.865171
v -1.209290 9.447661 -3.721818
v -1.776623 9.447661 -3.486821
v -2.300208 9.447661 -3.165967
v -2.767156 9.447661 -2.767157
v -3.165966 9.447661 -2.300209
v -3.486820 9.447661 -1.776624
v -3.721817 9.447661 -1.209291
v -3.865170 9.447661 -0.612182
v -3.913349 9.447661 0.000000
v -3.865170 9.447661 0.612183
v -3.721817 9.447661 1.209292
v -3.486820 9.447661 1.776625
v -3.165966 9.447661 2.300210
v -2.767156 9.447661 2.767157
v -2.300209 9.447661 3.165968
v -1.776624 9.447661 3.486822
v -1.209291 9.447661 3.721819
v -0.612182 9.447661 3.865172
v 0.000001 9.447661 3.913352
v 0.612183 9.447661 3.865172
v 1.209292 9.447661 3.721819
v 1.776625 9.447661 3.486822
v 2.300210 9.447661 3.165968
v 2.767157 9.447661 2.767158
v 3.165967 9.447661 2.300210
v 3.486821 9.447661 1.776625
v 3.721817 9.447661 1.209292
v 3.865171 9.447661 0.612183
v 3.913350 9.447661 0.000001
v 3.550001 9.742635 -0.562263
v 3.418336 9.742635 -1.110682
v 3.202502 9.742635 -1.631754
v 2.907811 9.742635 -2.112646
v 2.541521 9.742635 -2.541518
v 2.112649 9.742635 -2.907808
v 1.631757 9.742635 -3.202499
v 1.110687 9.742635 -3.418334
v 0.562266 9.742635 -3.549997
v 0.000002 9.742635 -3.594249
v -0.562263 9.742635 -3.549997
v -1.110682 9.742635 -3.418334
v -1.631753 9.742635 -3.202499
v -2.112645 9.742635 -2.907808
v -2.541516 9.742635 -2.541519
v -2.907808 9.742635 -2.112647
v -3.202498 9.742635 -1.631755
v -3.418333 9.742635 -1.110683
v -3.549997 9.742635 -0.562264
v -3.594249 9.742635 0.000000
v -3.549997 9.742635 0.562265
v -3.418333 9.742635 1.110684
v -3.202499 9.742635 1.631755
v -2.907808 9.742635 2.112647
v -2.541518 9.742635 2.541519
v -2.112646 9.742635 2.907809
v -1.631754 9.742635 3.202500
v -1.110683 9.742635 3.418335
v -0.562264 9.742635 3.550000
v 0.000001 9.742635 3.594250
v 0.562265 9.742635 3.550000
v 1.110684 9.742635 3.418335
v 1.631755 9.742635 3.202500
v 2.112647 9.742635 2.907810
v 2.541519 9.742635 2.541519
v 2.907809 9.742635 2.112647
v 3.202500 9.742635 1.631756
v 3.418334 9.742635 1.110685
v 3.549998 9.742635 0.562265
v 3.594250 9.742635 0.000001
v 3.212940 10.011664 -0.508878
v 3.093778 10.011664 -1.005227
v 2.898435 10.011664 -1.476825
v 2.631724 10.011664 -1.912057
v 2.300211 10.011664 -2.300208
v 1.912060 10.011664 -2.631721
v 1.476828 10.011664 -2.898433
v 1.005230 10.011664 -3.093774
v 0.508881 10.011664 -3.212938
v 0.000002 10.011664 -3.252987
v -0.508878 10.011664 -3.212938
v -1.005227 10.011664 -3.093775
v -1.476825 10.011664 -2.898433
v -1.912057 10.011664 -2.631722
v -2.300208 10.011664 -2.300209
v -2.631721 10.011664 -1.912058
v -2.898432 10.011664 -1.476825
v -3.093774 10.011664 -1.005228
v -3.212937 10.011664 -0.508879
v -3.252986 10.011664 0.000001
v -3.212937 10.011664 0.508880
v -3.093774 10.011664 1.005229
v -2.898432 10.011664 1.476827
v -2.631721 10.011664 1.912059
v -2.300209 10.011664 2.300210
v -1.912057 10.011664 2.631723
v -1.476825 10.011664 2.898434
v -1.005228 10.011664 3.093776
v -0.508879 10.011664 3.212939
v 0.000001 10.011664 3.252988
v 0.508880 10.011664 3.212939
v 1.005229 10.011664 3.093776
v 1.476827 10.011664 2.898434
v 1.912059 10.011664 2.631723
v 2.300210 10.011664 2.300210
v 2.631722 10.011664 1.912059
v 2.898434 10.011664 1.476827
v 3.093775 10.011664 1.005229
v 3.212938 10.011664 0.508880
v 3.252987 10.011664 0.000001
v 2.856071 10.253087 -0.452356
v 2.750144 10.253087 -0.893574
v 2.576500 10.253087 -1.312790
v 2.339413 10.253087 -1.699680
v 2.044722 10.253087 -2.044719
v 1.699683 10.253087 -2.339410
v 1.312793 10.253087 -2.576497
v 0.893578 10.253087 -2.750142
v 0.452359 10.253087 -2.856069
v 0.000002 10.253087 -2.891670
v -0.452356 10.253087 -2.856069
v -0.893574 10.253087 -2.750142
v -1.312790 10.253087 -2.576497
v -1.699680 10.253087 -2.339411
v -2.044719 10.253087 -2.044720
v -2.339410 10.253087 -1.699681
v -2.576497 10.253087 -1.312791
v -2.750141 10.253087 -0.893574
v -2.856069 10.253087 -0.452357
v -2.891670 10.253087 0.000001
v -2.856069 10.253087 0.452358
v -2.750141 10.253087 0.893577
v -2.576497 10.253087 1.312792
v -2.339410 10.253087 1.699682
v -2.044719 10.253087 2.044720
v -1.699681 10.253087 2.339411
v -1.312791 10.253087 2.576499
v -0.893574 10.253087 2.750143
v -0.452356 10.253087 2.856070
v 0.000001 10.253087 2.891672
v 0.452358 10.253087 2.856070
v 0.893577 10.253087 2.750143
v 1.312792 10.253087 2.576499
v 1.699682 10.253087 2.339412
v 2.044720 10.253087 2.044721
v 2.339411 10.253087 1.699682
v 2.576498 10.253087 1.312792
v 2.750142 10.253087 0.893577
v 2.856070 10.253087 0.452358
v 2.891671 10.253087 0.000001
v 2.481594 10.465419 -0.393044
v 2.389556 10.465419 -0.776412
v 2.238679 10.465419 -1.140661
v 2.032678 10.465419 -1.476825
v 1.776626 10.465419 -1.776623
v 1.476828 10.465419 -2.032675
v 1.140665 10.465419 -2.238676
v 0.776415 10.465419 -2.389553
v 0.393048 10.465419 -2.481592
v 0.000002 10.465419 -2.512526
v -0.393044 10.465419 -2.481592
v -0.776412 10.465419 -2.389553
v -1.140661 10.465419 -2.238677
v -1.476825 10.465419 -2.032675
v -1.776623 10.465419 -1.776624
v -2.032675 10.465419 -1.476825
v -2.238676 10.465419 -1.140663
v -2.389553 10.465419 -0.776413
v -2.481592 10.465419 -0.393045
v -2.512524 10.465419 0.000001
v -2.481592 10.465419 0.393047
v -2.389553 10.465419 0.776414
v -2.238676 10.465419 1.140664
v -2.032675 10.465419 1.476827
v -1.776624 10.465419 1.776625
v -1.476825 10.465419 2.032676
v -1.140661 10.465419 2.238678
v -0.776412 10.465419 2.389555
v -0.393045 10.465419 2.481593
v 0.000001 10.465419 2.512527
v 0.393047 10.465419 2.481593
v 0.776414 10.465419 2.389555
v 1.140664 10.465419 2.238678
v 1.476827 10.465419 2.032677
v 1.776625 10.465419 1.776625
v 2.032676 10.465419 1.476827
v 2.238678 10.465419 1.140664
v 2.389554 10.465419 0.776414
v 2.481593 10.465419 0.393047
v 2.512527 10.465419 0.000001
v 2.091817 10.647349 -0.331309
v 2.014235 10.647349 -0.654462
v 1.887056 10.647349 -0.961500
v 1.713411 10.647349 -1.244864
v 1.497577 10.647349 -1.497574
v 1.244867 10.647349 -1.713408
v 0.961504 10.647349 -1.887053
v 0.654466 10.647349 -2.014233
v 0.331313 10.647349 -2.091815
v 0.000001 10.647349 -2.117890
v -0.331309 10.647349 -2.091815
v -0.654462 10.647349 -2.014233
v -0.961500 10.647349 -1.887053
v -1.244864 10.647349 -1.713408
v -1.497574 10.647349 -1.497574
v -1.713408 10.647349 -1.244864
v -1.887053 10.647349 -0.961501
v -2.014233 10.647349 -0.654463
v -2.091815 10.647349 -0.331310
v -2.117889 10.647349 0.000001
v -2.091815 10.647349 0.331312
v -2.014233 10.647349 0.654464
v -1.887053 10.647349 0.961502
v -1.713408 10.647349 1.244866
v -1.497574 10.647349 1.497576
v -1.244864 10.647349 1.713409
v -0.961501 10.647349 1.887055
v -0.654463 10.647349 2.014235
v -0.331310 10.647349 2.091817
v 0.000001 10.647349 2.117891
v 0.331312 10.647349 2.091817
v 0.654464 10.647349 2.014235
v 0.961502 10.647349 1.887055
v 1.244866 10.647349 1.713411
v 1.497576 10.647349 1.497576
v 1.713409 10.647349 1.244866
v 1.887054 10.647349 0.961502
v 2.014234 10.647349 0.654466
v 2.091816 10.647349 0.331312
v 2.117890 10.647349 0.000001
v 1.689143 10.797755 -0.267532
v 1.626495 10.797755 -0.528478
v 1.523798 10.797755 -0.776412
v 1.383580 10.797755 -1.005227
v 1.209294 10.797755 -1.209291
v 1.005230 10.797755 -1.383578
v 0.776415 10.797755 -1.523795
v 0.528481 10.797755 -1.626493
v 0.267535 10.797755 -1.689141
v 0.000001 10.797755 -1.710196
v -0.267532 10.797755 -1.689141
v -0.528478 10.797755 -1.626493
v -0.776412 10.797755 -1.523796
v -1.005227 10.797755 -1.383578
v -1.209290 10.797755 -1.209291
v -1.383577 10.797755 -1.005228
v -1.523795 10.797755 -0.776412
v -1.626493 10.797755 -0.528479
v -1.689141 10.797755 -0.267533
v -1.710196 10.797755 0.000001
v -1.689141 10.797755 0.267534
v -1.626493 10.797755 0.528480
v -1.523795 10.797755 0.776414
v -1.383578 10.797755 1.005229
v -1.209291 10.797755 1.209292
v -1.005228 10.797755 1.383579
v -0.776412 10.797755 1.523797
v -0.528479 10.797755 1.626494
v -0.267533 10.797755 1.689143
v 0.000001 10.797755 1.710197
v 0.267534 10.797755 1.689143
v 0.528480 10.797755 1.626494
v 0.776414 10.797755 1.523797
v 1.005229 10.797755 1.383579
v 1.209292 10.797755 1.209292
v 1.383579 10.797755 1.005229
v 1.523797 10.797755 0.776414
v 1.626494 10.797755 0.528481
v 1.689142 10.797755 0.267535
v 1.710197 10.797755 0.000001
v 1.276055 10.915709 -0.202105
v 1.228729 10.915709 -0.399236
v 1.151147 10.915709 -0.586536
v 1.045219 10.915709 -0.759394
v 0.913555 10.915709 -0.913552
v 0.759396 10.915709 -1.045217
v 0.586540 10.915709 -1.151143
v 0.399239 10.915709 -1.228726
v 0.202109 10.915709 -1.276053
v 0.000001 10.915709 -1.291960
v -0.202105 10.915709 -1.276053
v -0.399236 10.915709 -1.228726
v -0.586536 10.915709 -1.151143
v -0.759394 10.915709 -1.045217
v -0.913552 10.915709 -0.913553
v -1.045217 10.915709 -0.759394
v -1.151143 10.915709 -0.586536
v -1.228726 10.915709 -0.399236
v -1.276053 10.915709 -0.202106
v -1.291958 10.915709 0.000001
v -1.276053 10.915709 0.202107
v -1.228726 10.915709 0.399239
v -1.151143 10.915709 0.586539
v -1.045217 10.915709 0.759396
v -0.913552 10.915709 0.913554
v -0.759394 10.915709 1.045219
v -0.586536 10.915709 1.151146
v -0.399236 10.915709 1.228728
v -0.202106 10.915709 1.276055
v 0.000001 10.915709 1.291961
v 0.202107 10.915709 1.276055
v 0.399239 10.915709 1.228728
v 0.586539 10.915709 1.151146
v 0.759396 10.915709 1.045219
v 0.913554 10.915709 0.913554
v 1.045218 10.915709 0.759396
v 1.151146 10.915709 0.586539
v 1.228728 10.915709 0.399239
v 1.276054 10.915709 0.202109
v 1.291961 10.915709 0.000001
v 0.855100 11.000487 -0.135433
v 0.823386 11.000487 -0.267533
v 0.771397 11.000487 -0.393045
v 0.700414 11.000487 -0.508879
v 0.612185 11.000487 -0.612182
v 0.508881 11.000487 -0.700411
v 0.393047 11.000487 -0.771394
v 0.267535 11.000487 -0.823384
v 0.135436 11.000487 -0.855098
v 0.000001 11.000487 -0.865757
v -0.135433 11.000487 -0.855098
v -0.267533 11.000487 -0.823384
v -0.393045 11.000487 -0.771394
v -0.508878 11.000487 -0.700411
v -0.612182 11.000487 -0.612182
v -0.700411 11.000487 -0.508879
v -0.771394 11.000487 -0.393045
v -0.823383 11.000487 -0.267533
v -0.855098 11.000487 -0.135433
v -0.865757 11.000487 0.000001
v -0.855098 11.000487 0.135436
v -0.823383 11.000487 0.267535
v -0.771394 11.000487 0.393047
v -0.700411 11.000487 0.508880
v -0.612182 11.000487 0.612183
v -0.508879 11.000487 0.700414
v -0.393045 11.000487 0.771397
v -0.267533 11.000487 0.823385
v -0.135433 11.000487 0.855100
v 0.000001 11.000487 0.865759
v 0.135436 11.000487 0.855100
v 0.267535 11.000487 0.823385
v 0.393047 11.000487 0.771397
v 0.508880 11.000487 0.700414
v 0.612183 11.000487 0.612185
v 0.700414 11.000487 0.508880
v 0.771397 11.000487 0.393047
v 0.823385 11.000487 0.267535
v 0.855100 11.000487 0.135436
v 0.865758 11.000487 0.000001
v 0.428873 11.051562 -0.067925
v 0.412966 11.051562 -0.134179
v 0.386892 11.051562 -0.197129
v 0.351290 11.051562 -0.255226
v 0.307039 11.051562 -0.307037
v 0.255228 11.051562 -0.351288
v 0.197132 11.051562 -0.386889
v 0.134182 11.051562 -0.412964
v 0.067928 11.051562 -0.428870
v 0.000001 11.051562 -0.434217
v -0.067925 11.051562 -0.428870
v -0.134179 11.051562 -0.412964
v -0.197129 11.051562 -0.386889
v -0.255226 11.051562 -0.351288
v -0.307037 11.051562 -0.307037
v -0.351288 11.051562 -0.255226
v -0.386889 11.051562 -0.197130
v -0.412964 11.051562 -0.134179
v -0.428870 11.051562 -0.067926
v -0.434217 11.051562 0.000001
v -0.428870 11.051562 0.067927
v -0.412964 11.051562 0.134182
v -0.386889 11.051562 0.197131
v -0.351288 11.051562 0.255228
v -0.307037 11.051562 0.307039
v -0.255226 11.051562 0.351290
v -0.197130 11.051562 0.386892
v -0.134179 11.051562 0.412966
v -0.067926 11.051562 0.428873
v 0.000001 11.051562 0.434219
v 0.067928 11.051562 0.428873
v 0.134182 11.051562 0.412966
v 0.197131 11.051562 0.386892
v 0.255228 11.051562 0.351290
v 0.307039 11.051562 0.307039
v 0.351290 11.051562 0.255228
v 0.386892 11.051562 0.197131
v 0.412966 11.051562 0.134182
v 0.428873 11.051562 0.067928
v 0.434218 11.051562 0.000001
v 0.000001 0.000000 0.000001
v 0.000001 11.068624 0.000001
vt 0.000000 0.025000
vt 0.025000 0.025000
vt 0.025000 0.050000
vt 0.000000 0.050000
vt 0.050000 0.025000
vt 0.050000 0.050000
vt 0.075000 0.025000
vt 0.075000 0.050000
vt 0.100000 0.025000
vt 0.100000 0.050000
vt 0.125000 0.025000
vt 0.125000 0.050000
vt 0.150000 0.025000
vt 0.150000 0.050000
vt 0.175000 0.025000
vt 0.175000 0.050000
vt 0.200000 0.025000
vt 0.200000 0.050000
vt 0.225000 0.025000
vt 0.225000 0.050000
vt 0.250000 0.025000
vt 0.250000 0.050000
vt 0.275000 0.025000
vt 0.275000 0.050000
vt 0.300000 0.025000
vt 0.300000 0.050000
vt 0.325000 0.025000
vt 0.325000 0.050000
vt 0.350000 0.025000
vt 0.350000 0.050000
vt 0.375000 0.025000
vt 0.375000 0.050000
vt 0.400000 0.025000
vt 0.400000 0.050000
vt 0.425000 0.025000
vt 0.425000 0.050000
vt 0.450000 0.025000
vt 0.450000 0.050000
vt 0.475000 0.025000
vt 0.475000 0.050000
vt 0.500000 0.025000
vt 0.500000 0.050000
vt 0.525000 0.025000
vt 0.525000 0.050000
vt 0.550000 0.025000
vt 0.550000 0.050000
vt 0.575000 0.025000
vt 0.575000 0.050000
vt 0.600000 0.025000
vt 0.600000 0.050000
vt 0.625000 0.025000
vt 0.625000 0.050000
vt 0.650000 0.025000
vt 0.650000 0.050000
vt 0.675000 0.025000
vt 0.675000 0.050000
vt 0.700000 0.025000
vt 0.700000 0.050000
vt 0.725000 0.025000
vt 0.725000 0.050000
vt 0.750000 0.025000
vt 0.750000 0.050000
vt 0.775000 0.025000
vt 0.775000 0.050000
vt 0.800000 0.025000
vt 0.800000 0.050000
vt 0.825000 0.025000
vt 0.825000 0.050000
vt 0.850000 0.025000
vt 0.850000 0.050000
vt 0.875000 0.025000
vt 0.875000 0.050000
vt 0.900000 0.025000
vt 0.900000 0.050000
vt 0.925000 0.025000
vt 0.925000 0.050000
vt 0.950000 0.025000
vt 0.950000 0.050000
vt 0.975000 0.025000
vt 0.975000 0.050000
vt 1.000000 0.025000
vt 1.000000 0.050000
vt 0.025000 0.075000
vt 0.000000 0.075000
vt 0.050000 0.075000
vt 0.075000 0.075000
vt 0.100000 0.075000
vt 0.125000 0.075000
vt 0.150000 0.075000
vt 0.175000 0.075000
vt 0.200000 0.075000
vt 0.225000 0.075000
vt 0.250000 0.075000
vt 0.275000 0.075000
vt 0.300000 0.075000
vt 0.325000 0.075000
vt 0.350000 0.075000
vt 0.375000 0.075000
vt 0.400000 0.075000
vt 0.425000 0.075000
vt 0.450000 0.075000
vt 0.475000 0.075000
vt 0.500000 0.075000
vt 0.525000 0.075000
vt 0.550000 0.075000
vt 0.575000 0.075000
vt 0.600000 0.075000
vt 0.625000 0.075000
vt 0.650000 0.075000
vt 0.675000 0.075000
vt 0.700000 0.075000
vt 0.725000 0.075000
vt 0.750000 0.075000
vt 0.775000 0.075000
vt 0.800000 0.075000
vt 0.825000 0.075000
vt 0.850000 0.075000
vt 0.875000 0.075000
vt 0.900000 0.075000
vt 0.925000 0.075000
vt 0.950000 0.075000
vt 0.975000 0.075000
vt 1.000000 0.075000
vt 0.025000 0.100000
vt 0.000000 0.100000
vt 0.050000 0.100000
vt 0.075000 0.100000
vt 0.100000 0.100000
vt 0.125000 0.100000
vt 0.150000 0.100000
vt 0.175000 0.100000
vt 0.200000 0.100000
vt 0.225000 0.100000
vt 0.250000 0.100000
vt 0.275000 0.100000
vt 0.300000 0.100000
vt 0.325000 0.100000
vt 0.350000 0.100000
vt 0.375000 0.100000
vt 0.400000 0.100000
vt 0.425000 0.100000
vt 0.450000 0.100000
vt 0.475000 0.100000
vt 0.500000 0.100000
vt 0.525000 0.100000
vt 0.550000 0.100000
vt 0.575000 0.100000
vt 0.600000 0.100000
vt 0.625000 0.100000
vt 0.650000 0.100000
vt 0.675000 0.100000
vt 0.700000 0.100000
vt 0.725000 0.100000
vt 0.750000 0.100000
vt 0.775000 0.100000
vt 0.800000 0.100000
vt 0.825000 0.100000
vt 0.850000 0.100000
vt 0.875000 0.100000
vt 0.900000 0.100000
vt 0.925000 0.100000
vt 0.950000 0.100000
vt 0.975000 0.100000
vt 1.000000 0.100000
vt 0.025000 0.125000
vt 0.000000 0.125000
vt 0.050000 0.125000
vt 0.075000 0.125000
vt 0.100000 0.125000
vt 0.125000 0.125000
vt 0.150000 0.125000
vt 0.175000 0.125000
vt 0.200000 0.125000
vt 0.225000 0.125000
vt 0.250000 0.125000
vt 0.275000 0.125000
vt 0.300000 0.125000
vt 0.325000 0.125000
vt 0.350000 0.125000
vt 0.375000 0.125000
vt 0.400000 0.125000
vt 0.425000 0.125000
vt 0.450000 0.125000
vt 0.475000 0.125000
vt 0.500000 0.125000
vt 0.525000 0.125000
vt 0.550000 0.125000
vt 0.575000 0.125000
vt 0.600000 0.125000
vt 0.625000 0.125000
vt 0.650000 0.125000
vt 0.675000 0.125000
vt 0.700000 0.125000
vt 0.725000 0.125000
vt 0.750000 0.125000
vt 0.775000 0.125000
vt 0.800000 0.125000
vt 0.825000 0.125000
vt 0.850000 0.125000
vt 0.875000 0.125000
vt 0.900000 0.125000
vt 0.925000 0.125000
vt 0.950000 0.125000
vt 0.975000 0.125000
vt 1.000000 0.125000
vt 0.025000 0.150000
vt 0.000000 0.150000
vt 0.050000 0.150000
vt 0.075000 0.150000
vt 0.100000 0.150000
vt 0.125000 0.150000
vt 0.150000 0.150000
vt 0.175000 0.150000
vt 0.200000 0.150000
vt 0.225000 0.150000
vt 0.250000 0.150000
vt 0.275000 0.150000
vt 0.300000 0.150000
vt 0.325000 0.150000
vt 0.350000 0.150000
vt 0.375000 0.150000
vt 0.400000 0.150000
vt 0.425000 0.150000
vt 0.450000 0.150000
vt 0.475000 0.150000
vt 0.500000 0.150000
vt 0.525000 0.150000
vt 0.550000 0.150000
vt 0.575000 0.150000
vt 0.600000 0.150000
vt 0.625000 0.150000
vt 0.650000 0.150000
vt 0.675000 0.150000
vt 0.700000 0.150000
vt 0.725000 0.150000
vt 0.750000 0.150000
vt 0.775000 0.150000
vt 0.800000 0.150000
vt 0.825000 0.150000
vt 0.850000 0.150000
vt 0.875000 0.150000
vt 0.900000 0.150000
vt 0.925000 0.150000
vt 0.950000 0.150000
vt 0.975000 0.150000
vt 1.000000 0.150000
vt 0.025000 0.175000
vt 0.000000 0.175000
vt 0.050000 0.175000
vt 0.075000 0.175000
vt 0.100000 0.175000
vt 0.125000 0.175000
vt 0.150000 0.175000
vt 0.175000 0.175000
vt 0.200000 0.175000
vt 0.225000 0.175000
vt 0.250000 0.175000
vt 0.275000 0.175000
vt 0.300000 0.175000
vt 0.325000 0.175000
vt 0.350000 0.175000
vt 0.375000 0.175000
vt 0.400000 0.175000
vt 0.425000 0.175000
vt 0.450000 0.175000
vt 0.475000 0.175000
vt 0.500000 0.175000
vt 0.525000 0.175000
vt 0.550000 0.175000
vt 0.575000 0.175000
vt 0.600000 0.175000
vt 0.625000 0.175000
vt 0.650000 0.175000
vt 0.675000 0.175000
vt 0.700000 0.175000
vt 0.725000 0.175000
vt 0.750000 0.175000
vt 0.775000 0.175000
vt 0.800000 0.175000
vt 0.825000 0.175000
vt 0.850000 0.175000
vt 0.875000 0.175000
vt 0.900000 0.175000
vt 0.925000 0.175000
vt 0.950000 0.175000
vt 0.975000 0.175000
vt 1.000000 0.175000
vt 0.025000 0.200000
vt 0.000000 0.200000
vt 0.050000 0.200000
vt 0.075000 0.200000
vt 0.100000 0.200000
vt 0.125000 0.200000
vt 0.150000 0.200000
vt 0.175000 0.200000
vt 0.200000 0.200000
vt 0.225000 0.200000
vt 0.250000 0.200000
vt 0.275000 0.200000
vt 0.300000 0.200000
vt 0.325000 0.200000
vt 0.350000 0.200000
vt 0.375000 0.200000
vt 0.400000 0.200000
vt 0.425000 0.200000
vt 0.450000 0.200000
vt 0.475000 0.200000
vt 0.500000 0.200000
vt 0.525000 0.200000
vt 0.550000 0.200000
vt 0.575000 0.200000
vt 0.600000 0.200000
vt 0.625000 0.200000
vt 0.650000 0.200000
vt 0.675000 0.200000
vt 0.700000 0.200000
vt 0.725000 0.200000
vt 0.750000 0.200000
vt 0.775000 0.200000
vt 0.800000 0.200000
vt 0.825000 0.200000
vt 0.850000 0.200000
vt 0.875000 0.200000
vt 0.900000 0.200000
vt 0.925000 0.200000
vt 0.950000 0.200000
vt 0.975000 0.200000
vt 1.000000 0.200000
vt 0.025000 0.225000
vt 0.000000 0.225000
vt 0.050000 0.225000
vt 0.075000 0.225000
vt 0.100000 0.225000
vt 0.125000 0.225000
vt 0.150000 0.225000
vt 0.175000 0.225000
vt 0.200000 0.225000
vt 0.225000 0.225000
vt 0.250000 0.225000
vt 0.275000 0.225000
vt 0.300000 0.225000
vt 0.325000 0.225000
vt 0.350000 0.225000
vt 0.375000 0.225000
vt 0.400000 0.225000
vt 0.425000 0.225000
vt 0.450000 0.225000
vt 0.475000 0.225000
vt 0.500000 0.225000
vt 0.525000 0.225000
vt 0.550000 0.225000
vt 0.575000 0.225000
vt 0.600000 0.225000
vt 0.625000 0.225000
vt 0.650000 0.225000
vt 0.675000 0.225000
vt 0.700000 0.225000
vt 0.725000 0.225000
vt 0.750000 0.225000
vt 0.775000 0.225000
vt 0.800000 0.225000
vt 0.825000 0.225000
vt 0.850000 0.225000
vt 0.875000 0.225000
vt 0.900000 0.225000
vt 0.925000 0.225000
vt 0.950000 0.225000
vt 0.975000 0.225000
vt 1.000000 0.225000
vt 0.025000 0.250000
vt 0.000000 0.250000
vt 0.050000 0.250000
vt 0.075000 0.250000
vt 0.100000 0.250000
vt 0.125000 0.250000
vt 0.150000 0.250000
vt 0.175000 0.250000
vt 0.200000 0.250000
vt 0.225000 0.250000
vt 0.250000 0.250000
vt 0.275000 0.250000
vt 0.300000 0.250000
vt 0.325000 0.250000
vt 0.350000 0.250000
vt 0.375000 0.250000
vt 0.400000 0.250000
vt 0.425000 0.250000
vt 0.450000 0.250000
vt 0.475000 0.250000
vt 0.500000 0.250000
vt 0.525000 0.250000
vt 0.550000 0.250000
vt 0.575000 0.250000
vt 0.600000 0.250000
vt 0.625000 0.250000
vt 0.650000 0.250000
vt 0.675000 0.250000
vt 0.700000 0.250000
vt 0.725000 0.250000
vt 0.750000 0.250000
vt 0.775000 0.250000
vt 0.800000 0.250000
vt 0.825000 0.250000
vt 0.850000 0.250000
vt 0.875000 0.250000
vt 0.900000 0.250000
vt 0.925000 0.250000
vt 0.950000 0.250000
vt 0.975000 0.250000
vt 1.000000 0.250000
vt 0.025000 0.275000
vt 0.000000 0.275000
vt 0.050000 0.275000
vt 0.075000 0.275000
vt 0.100000 0.275000
vt 0.125000 0.275000
vt 0.150000 0.275000
vt 0.175000 0.275000
vt 0.200000 0.275000
vt 0.225000 0.275000
vt 0.250000 0.275000
vt 0.275000 0.275000
vt 0.300000 0.275000
vt 0.325000 0.275000
vt 0.350000 0.275000
vt 0.375000 0.275000
vt 0.400000 0.275000
vt 0.425000 0.275000
vt 0.450000 0.275000
vt 0.475000 0.275000
vt 0.500000 0.275000
vt 0.525000 0.275000
vt 0.550000 0.275000
vt 0.575000 0.275000
vt 0.600000 0.275000
vt 0.625000 0.275000
vt 0.650000 0.275000
vt 0.675000 0.275000
vt 0.700000 0.275000
vt 0.725000 0.275000
vt 0.750000 0.275000
vt 0.775000 0.275000
vt 0.800000 0.275000
vt 0.825000 0.275000
vt 0.850000 0.275000
vt 0.875000 0.275000
vt 0.900000 0.275000
vt 0.925000 0.275000
vt 0.950000 0.275000
vt 0.975000 0.275000
vt 1.000000 0.275000
vt 0.025000 0.300000
vt 0.000000 0.300000
vt 0.050000 0.300000
vt 0.075000 0.300000
vt 0.100000 0.300000
vt 0.125000 0.300000
vt 0.150000 0.300000
vt 0.175000 0.300000
vt 0.200000 0.300000
vt 0.225000 0.300000
vt 0.250000 0.300000
vt 0.275000 0.300000
vt 0.300000 0.300000
vt 0.325000 0.300000
vt 0.350000 0.300000
vt 0.375000 0.300000
vt 0.400000 0.300000
vt 0.425000 0.300000
vt 0.450000 0.300000
vt 0.475000 0.300000
vt 0.500000 0.300000
vt 0.525000 0.300000
vt 0.550000 0.300000
vt 0.575000 0.300000
vt 0.600000 0.300000
vt 0.625000 0.300000
vt 0.650000 0.300000
vt 0.675000 0.300000
vt 0.700000 0.300000
vt 0.725000 0.300000
vt 0.750000 0.300000
vt 0.775000 0.300000
vt 0.800000 0.300000
vt 0.825000 0.300000
vt 0.850000 0.300000
vt 0.875000 0.300000
vt 0.900000 0.300000
vt 0.925000 0.300000
vt 0.950000 0.300000
vt 0.975000 0.300000
vt 1.000000 0.300000
vt 0.025000 0.325000
vt 0.000000 0.325000
vt 0.050000 0.325000
vt 0.075000 0.325000
vt 0.100000 0.325000
vt 0.125000 0.325000
vt 0.150000 0.325000
vt 0.175000 0.325000
vt 0.200000 0.325000
vt 0.225000 0.325000
vt 0.250000 0.325000
vt 0.275000 0.325000
vt 0.300000 0.325000
vt 0.325000 0.325000
vt 0.350000 0.325000
vt 0.375000 0.325000
vt 0.400000 0.325000
vt 0.425000 0.325000
vt 0.450000 0.325000
vt 0.475000 0.325000
vt 0.500000 0.325000
vt 0.525000 0.325000
vt 0.550000 0.325000
vt 0.575000 0.325000
vt 0.600000 0.325000
vt 0.625000 0.325000
vt 0.650000 0.325000
vt 0.675000 0.325000
vt 0.700000 0.325000
vt 0.725000 0.325000
vt 0.750000 0.325000
vt 0.775000 0.325000
vt 0.800000 0.325000
vt 0.825000 0.325000
vt 0.850000 0.325000
vt 0.875000 0.325000
vt 0.900000 0.325000
vt 0.925000 0.325000
vt 0.950000 0.325000
vt 0.975000 0.325000
vt 1.000000 0.325000
vt 0.025000 0.350000
vt 0.000000 0.350000
vt 0.050000 0.350000
vt 0.075000 0.350000
vt 0.100000 0.350000
vt 0.125000 0.350000
vt 0.150000 0.350000
vt 0.175000 0.350000
vt 0.200000 0.350000
vt 0.225000 0.350000
vt 0.250000 0.350000
vt 0.275000 0.350000
vt 0.300000 0.350000
vt 0.325000 0.350000
vt 0.350000 0.350000
vt 0.375000 0.350000
vt 0.400000 0.350000
vt 0.425000 0.350000
vt 0.450000 0.350000
vt 0.475000 0.350000
vt 0.500000 0.350000
vt 0.525000 0.350000
vt 0.550000 0.350000
vt 0.575000 0.350000
vt 0.600000 0.350000
vt 0.625000 0.350000
vt 0.650000 0.350000
vt 0.675000 0.350000
vt 0.700000 0.350000
vt 0.725000 0.350000
vt 0.750000 0.350000
vt 0.775000 0.350000
vt 0.800000 0.350000
vt 0.825000 0.350000
vt 0.850000 0.350000
vt 0.875000 0.350000
vt 0.900000 0.350000
vt 0.925000 0.350000
vt 0.950000 0.350000
vt 0.975000 0.350000
vt 1.000000 0.350000
vt 0.025000 0.375000
vt 0.000000 0.375000
vt 0.050000 0.375000
vt 0.075000 0.375000
vt 0.100000 0.375000
vt 0.125000 0.375000
vt 0.150000 0.375000
vt 0.175000 0.375000
vt 0.200000 0.375000
vt 0.225000 0.375000
vt 0.250000 0.375000
vt 0.275000 0.375000
vt 0.300000 0.375000
vt 0.325000 0.375000
vt 0.350000 0.375000
vt 0.375000 0.375000
vt 0.400000 0.375000
vt 0.425000 0.375000
vt 0.450000 0.375000
vt 0.475000 0.375000
vt 0.500000 0.375000
vt 0.525000 0.375000
vt 0.550000 0.375000
vt 0.575000 0.375000
vt 0.600000 0.375000
vt 0.625000 0.375000
vt 0.650000 0.375000
vt 0.675000 0.375000
vt 0.700000 0.375000
vt 0.725000 0.375000
vt 0.750000 0.375000
vt 0.775000 0.375000
vt 0.800000 0.375000
vt 0.825000 0.375000
vt 0.850000 0.375000
vt 0.875000 0.375000
vt 0.900000 0.375000
vt 0.925000 0.375000
vt 0.950000 0.375000
vt 0.975000 0.375000
vt 1.000000 0.375000
vt 0.025000 0.400000
vt 0.000000 0.400000
vt 0.050000 0.400000
vt 0.075000 0.400000
vt 0.100000 0.400000
vt 0.125000 0.400000
vt 0.150000 0.400000
vt 0.175000 0.400000
vt 0.200000 0.400000
vt 0.225000 0.400000
vt 0.250000 0.400000
vt 0.275000 0.400000
vt 0.300000 0.400000
vt 0.325000 0.400000
vt 0.350000 0.400000
vt 0.375000 0.400000
vt 0.400000 0.400000
vt 0.425000 0.400000
vt 0.450000 0.400000
vt 0.475000 0.400000
vt 0.500000 0.400000
vt 0.525000 0.400000
vt 0.550000 0.400000
vt 0.575000 0.400000
vt 0.600000 0.400000
vt 0.625000 0.400000
vt 0.650000 0.400000
vt 0.675000 0.400000
vt 0.700000 0.400000
vt 0.725000 0.400000
vt 0.750000 0.400000
vt 0.775000 0.400000
vt 0.800000 0.400000
vt 0.825000 0.400000
vt 0.850000 0.400000
vt 0.875000 0.400000
vt 0.900000 0.400000
vt 0.925000 0.400000
vt 0.950000 0.400000
vt 0.975000 0.400000
vt 1.000000 0.400000
vt 0.025000 0.425000
vt 0.000000 0.425000
vt 0.050000 0.425000
vt 0.075000 0.425000
vt 0.100000 0.425000
vt 0.125000 0.425000
vt 0.150000 0.425000
vt 0.175000 0.425000
vt 0.200000 0.425000
vt 0.225000 0.425000
vt 0.250000 0.425000
vt 0.275000 0.425000
vt 0.300000 0.425000
vt 0.325000 0.425000
vt 0.350000 0.425000
vt 0.375000 0.425000
vt 0.400000 0.425000
vt 0.425000 0.425000
vt 0.450000 0.425000
vt 0.475000 0.425000
vt 0.500000 0.425000
vt 0.525000 0.425000
vt 0.550000 0.425000
vt 0.575000 0.425000
vt 0.600000 0.425000
vt 0.625000 0.425000
vt 0.650000 0.425000
vt 0.675000 0.425000
vt 0.700000 0.425000
vt 0.725000 0.425000
vt 0.750000 0.425000
vt 0.775000 0.425000
vt 0.800000 0.425000
vt 0.825000 0.425000
vt 0.850000 0.425000
vt 0.875000 0.425000
vt 0.900000 0.425000
vt 0.925000 0.425000
vt 0.950000 0.425000
vt 0.975000 0.425000
vt 1.000000 0.425000
vt 0.025000 0.450000
vt 0.000000 0.450000
vt 0.050000 0.450000
vt 0.075000 0.450000
vt 0.100000 0.450000
vt 0.125000 0.450000
vt 0.150000 0.450000
vt 0.175000 0.450000
vt 0.200000 0.450000
vt 0.225000 0.450000
vt 0.250000 0.450000
vt 0.275000 0.450000
vt 0.300000 0.450000
vt 0.325000 0.450000
vt 0.350000 0.450000
vt 0.375000 0.450000
vt 0.400000 0.450000
vt 0.425000 0.450000
vt 0.450000 0.450000
vt 0.475000 0.450000
vt 0.500000 0.450000
vt 0.525000 0.450000
vt 0.550000 0.450000
vt 0.575000 0.450000
vt 0.600000 0.450000
vt 0.625000 0.450000
vt 0.650000 0.450000
vt 0.675000 0.450000
vt 0.700000 0.450000
vt 0.725000 0.450000
vt 0.750000 0.450000
vt 0.775000 0.450000
vt 0.800000 0.450000
vt 0.825000 0.450000
vt 0.850000 0.450000
vt 0.875000 0.450000
vt 0.900000 0.450000
vt 0.925000 0.450000
vt 0.950000 0.450000
vt 0.975000 0.450000
vt 1.000000 0.450000
vt 0.025000 0.475000
vt 0.000000 0.475000
vt 0.050000 0.475000
vt 0.075000 0.475000
vt 0.100000 0.475000
vt 0.125000 0.475000
vt 0.150000 0.475000
vt 0.175000 0.475000
vt 0.200000 0.475000
vt 0.225000 0.475000
vt 0.250000 0.475000
vt 0.275000 0.475000
vt 0.300000 0.475000
vt 0.325000 0.475000
vt 0.350000 0.475000
vt 0.375000 0.475000
vt 0.400000 0.475000
vt 0.425000 0.475000
vt 0.450000 0.475000
vt 0.475000 0.475000
vt 0.500000 0.475000
vt 0.525000 0.475000
vt 0.550000 0.475000
vt 0.575000 0.475000
vt 0.600000 0.475000
vt 0.625000 0.475000
vt 0.650000 0.475000
vt 0.675000 0.475000
vt 0.700000 0.475000
vt 0.725000 0.475000
vt 0.750000 0.475000
vt 0.775000 0.475000
vt 0.800000 0.475000
vt 0.825000 0.475000
vt 0.850000 0.475000
vt 0.875000 0.475000
vt 0.900000 0.475000
vt 0.925000 0.475000
vt 0.950000 0.475000
vt 0.975000 0.475000
vt 1.000000 0.475000
vt 0.025000 0.500000
vt 0.000000 0.500000
vt 0.050000 0.500000
vt 0.075000 0.500000
vt 0.100000 0.500000
vt 0.125000 0.500000
vt 0.150000 0.500000
vt 0.175000 0.500000
vt 0.200000 0.500000
vt 0.225000 0.500000
vt 0.250000 0.500000
vt 0.275000 0.500000
vt 0.300000 0.500000
vt 0.325000 0.500000
vt 0.350000 0.500000
vt 0.375000 0.500000
vt 0.400000 0.500000
vt 0.425000 0.500000
vt 0.450000 0.500000
vt 0.475000 0.500000
vt 0.500000 0.500000
vt 0.525000 0.500000
vt 0.550000 0.500000
vt 0.575000 0.500000
vt 0.600000 0.500000
vt 0.625000 0.500000
vt 0.650000 0.500000
vt 0.675000 0.500000
vt 0.700000 0.500000
vt 0.725000 0.500000
vt 0.750000 0.500000
vt 0.775000 0.500000
vt 0.800000 0.500000
vt 0.825000 0.500000
vt 0.850000 0.500000
vt 0.875000 0.500000
vt 0.900000 0.500000
vt 0.925000 0.500000
vt 0.950000 0.500000
vt 0.975000 0.500000
vt 1.000000 0.500000
vt 0.025000 0.525000
vt 0.000000 0.525000
vt 0.050000 0.525000
vt 0.075000 0.525000
vt 0.100000 0.525000
vt 0.125000 0.525000
vt 0.150000 0.525000
vt 0.175000 0.525000
vt 0.200000 0.525000
vt 0.225000 0.525000
vt 0.250000 0.525000
vt 0.275000 0.525000
vt 0.300000 0.525000
vt 0.325000 0.525000
vt 0.350000 0.525000
vt 0.375000 0.525000
vt 0.400000 0.525000
vt 0.425000 0.525000
vt 0.450000 0.525000
vt 0.475000 0.525000
vt 0.500000 0.525000
vt 0.525000 0.525000
vt 0.550000 0.525000
vt 0.575000 0.525000
vt 0.600000 0.525000
vt 0.625000 0.525000
vt 0.650000 0.525000
vt 0.675000 0.525000
vt 0.700000 0.525000
vt 0.725000 0.525000
vt 0.750000 0.525000
vt 0.775000 0.525000
vt 0.800000 0.525000
vt 0.825000 0.525000
vt 0.850000 0.525000
vt 0.875000 0.525000
vt 0.900000 0.525000
vt 0.925000 0.525000
vt 0.950000 0.525000
vt 0.975000 0.525000
vt 1.000000 0.525000
vt 0.025000 0.550000
vt 0.000000 0.550000
vt 0.050000 0.550000
vt 0.075000 0.550000
vt 0.100000 0.550000
vt 0.125000 0.550000
vt 0.150000 0.550000
vt 0.175000 0.550000
vt 0.200000 0.550000
vt 0.225000 0.550000
vt 0.250000 0.550000
vt 0.275000 0.550000
vt 0.300000 0.550000
vt 0.325000 0.550000
vt 0.350000 0.550000
vt 0.375000 0.550000
vt 0.400000 0.550000
vt 0.425000 0.550000
vt 0.450000 0.550000
vt 0.475000 0.550000
vt 0.500000 0.550000
vt 0.525000 0.550000
vt 0.550000 0.550000
vt 0.575000 0.550000
vt 0.600000 0.550000
vt 0.625000 0.550000
vt 0.650000 0.550000
vt 0.675000 0.550000
vt 0.700000 0.550000
vt 0.725000 0.550000
vt 0.750000 0.550000
vt 0.775000 0.550000
vt 0.800000 0.550000
vt 0.825000 0.550000
vt 0.850000 0.550000
vt 0.875000 0.550000
vt 0.900000 0.550000
vt 0.925000 0.550000
vt 0.950000 0.550000
vt 0.975000 0.550000
vt 1.000000 0.550000
vt 0.025000 0.575000
vt 0.000000 0.575000
vt 0.050000 0.575000
vt 0.075000 0.575000
vt 0.100000 0.575000
vt 0.125000 0.575000
vt 0.150000 0.575000
vt 0.175000 0.575000
vt 0.200000 0.575000
vt 0.225000 0.575000
vt 0.250000 0.575000
vt 0.275000 0.575000
vt 0.300000 0.575000
vt 0.325000 0.575000
vt 0.350000 0.575000
vt 0.375000 0.575000
vt 0.400000 0.575000
vt 0.425000 0.575000
vt 0.450000 0.575000
vt 0.475000 0.575000
vt 0.500000 0.575000
vt 0.525000 0.575000
vt 0.550000 0.575000
vt 0.575000 0.575000
vt 0.600000 0.575000
vt 0.625000 0.575000
vt 0.650000 0.575000
vt 0.675000 0.575000
vt 0.700000 0.575000
vt 0.725000 0.575000
vt 0.750000 0.575000
vt 0.775000 0.575000
vt 0.800000 0.575000
vt 0.825000 0.575000
vt 0.850000 0.575000
vt 0.875000 0.575000
vt 0.900000 0.575000
vt 0.925000 0.575000
vt 0.950000 0.575000
vt 0.975000 0.575000
vt 1.000000 0.575000
vt 0.025000 0.600000
vt 0.000000 0.600000
vt 0.050000 0.600000
vt 0.075000 0.600000
vt 0.100000 0.600000
vt 0.125000 0.600000
vt 0.150000 0.600000
vt 0.175000 0.600000
vt 0.200000 0.600000
vt 0.225000 0.600000
vt 0.250000 0.600000
vt 0.275000 0.600000
vt 0.300000 0.600000
vt 0.325000 0.600000
vt 0.350000 0.600000
vt 0.375000 0.600000
vt 0.400000 0.600000
vt 0.425000 0.600000
vt 0.450000 0.600000
vt 0.475000 0.600000
vt 0.500000 0.600000
vt 0.525000 0.600000
vt 0.550000 0.600000
vt 0.575000 0.600000
vt 0.600000 0.600000
vt 0.625000 0.600000
vt 0.650000 0.600000
vt 0.675000 0.600000
vt 0.700000 0.600000
vt 0.725000 0.600000
vt 0.750000 0.600000
vt 0.775000 0.600000
vt 0.800000 0.600000
vt 0.825000 0.600000
vt 0.850000 0.600000
vt 0.875000 0.600000
vt 0.900000 0.600000
vt 0.925000 0.600000
vt 0.950000 0.600000
vt 0.975000 0.600000
vt 1.000000 0.600000
vt 0.025000 0.625000
vt 0.000000 0.625000
vt 0.050000 0.625000
vt 0.075000 0.625000
vt 0.100000 0.625000
vt 0.125000 0.625000
vt 0.150000 0.625000
vt 0.175000 0.625000
vt 0.200000 0.625000
vt 0.225000 0.625000
vt 0.250000 0.625000
vt 0.275000 0.625000
vt 0.300000 0.625000
vt 0.325000 0.625000
vt 0.350000 0.625000
vt 0.375000 0.625000
vt 0.400000 0.625000
vt 0.425000 0.625000
vt 0.450000 0.625000
vt 0.475000 0.625000
vt 0.500000 0.625000
vt 0.525000 0.625000
vt 0.550000 0.625000
vt 0.575000 0.625000
vt 0.600000 0.625000
vt 0.625000 0.625000
vt 0.650000 0.625000
vt 0.675000 0.625000
vt 0.700000 0.625000
vt 0.725000 0.625000
vt 0.750000 0.625000
vt 0.775000 0.625000
vt 0.800000 0.625000
vt 0.825000 0.625000
vt 0.850000 0.625000
vt 0.875000 0.625000
vt 0.900000 0.625000
vt 0.925000 0.625000
vt 0.950000 0.625000
vt 0.975000 0.625000
vt 1.000000 0.625000
vt 0.025000 0.650000
vt 0.000000 0.650000
vt 0.050000 0.650000
vt 0.075000 0.650000
vt 0.100000 0.650000
vt 0.125000 0.650000
vt 0.150000 0.650000
vt 0.175000 0.650000
vt 0.200000 0.650000
vt 0.225000 0.650000
vt 0.250000 0.650000
vt 0.275000 0.650000
vt 0.300000 0.650000
vt 0.325000 0.650000
vt 0.350000 0.650000
vt 0.375000 0.650000
vt 0.400000 0.650000
vt 0.425000 0.650000
vt 0.450000 0.650000
vt 0.475000 0.650000
vt 0.500000 0.650000
vt 0.525000 0.650000
vt 0.550000 0.650000
vt 0.575000 0.650000
vt 0.600000 0.650000
vt 0.625000 0.650000
vt 0.650000 0.650000
vt 0.675000 0.650000
vt 0.700000 0.650000
vt 0.725000 0.650000
vt 0.750000 0.650000
vt 0.775000 0.650000
vt 0.800000 0.650000
vt 0.825000 0.650000
vt 0.850000 0.650000
vt 0.875000 0.650000
vt 0.900000 0.650000
vt 0.925000 0.650000
vt 0.950000 0.650000
vt 0.975000 0.650000
vt 1.000000 0.650000
vt 0.025000 0.675000
vt 0.000000 0.675000
vt 0.050000 0.675000
vt 0.075000 0.675000
vt 0.100000 0.675000
vt 0.125000 0.675000
vt 0.150000 0.675000
vt 0.175000 0.675000
vt 0.200000 0.675000
vt 0.225000 0.675000
vt 0.250000 0.675000
vt 0.275000 0.675000
vt 0.300000 0.675000
vt 0.325000 0.675000
vt 0.350000 0.675000
vt 0.375000 0.675000
vt 0.400000 0.675000
vt 0.425000 0.675000
vt 0.450000 0.675000
vt 0.475000 0.675000
vt 0.500000 0.675000
vt 0.525000 0.675000
vt 0.550000 0.675000
vt 0.575000 0.675000
vt 0.600000 0.675000
vt 0.625000 0.675000
vt 0.650000 0.675000
vt 0.675000 0.675000
vt 0.700000 0.675000
vt 0.725000 0.675000
vt 0.750000 0.675000
vt 0.775000 0.675000
vt 0.800000 0.675000
vt 0.825000 0.675000
vt 0.850000 0.675000
vt 0.875000 0.675000
vt 0.900000 0.675000
vt 0.925000 0.675000
vt 0.950000 0.675000
vt 0.975000 0.675000
vt 1.000000 0.675000
vt 0.025000 0.700000
vt 0.000000 0.700000
vt 0.050000 0.700000
vt 0.075000 0.700000
vt 0.100000 0.700000
vt 0.125000 0.700000
vt 0.150000 0.700000
vt 0.175000 0.700000
vt 0.200000 0.700000
vt 0.225000 0.700000
vt 0.250000 0.700000
vt 0.275000 0.700000
vt 0.300000 0.700000
vt 0.325000 0.700000
vt 0.350000 0.700000
vt 0.375000 0.700000
vt 0.400000 0.700000
vt 0.425000 0.700000
vt 0.450000 0.700000
vt 0.475000 0.700000
vt 0.500000 0.700000
vt 0.525000 0.700000
vt 0.550000 0.700000
vt 0.575000 0.700000
vt 0.600000 0.700000
vt 0.625000 0.700000
vt 0.650000 0.700000
vt 0.675000 0.700000
vt 0.700000 0.700000
vt 0.725000 0.700000
vt 0.750000 0.700000
vt 0.775000 0.700000
vt 0.800000 0.700000
vt 0.825000 0.700000
vt 0.850000 0.700000
vt 0.875000 0.700000
vt 0.900000 0.700000
vt 0.925000 0.700000
vt 0.950000 0.700000
vt 0.975000 0.700000
vt 1.000000 0.700000
vt 0.025000 0.725000
vt 0.000000 0.725000
vt 0.050000 0.725000
vt 0.075000 0.725000
vt 0.100000 0.725000
vt 0.125000 0.725000
vt 0.150000 0.725000
vt 0.175000 0.725000
vt 0.200000 0.725000
vt 0.225000 0.725000
vt 0.250000 0.725000
vt 0.275000 0.725000
vt 0.300000 0.725000
vt 0.325000 0.725000
vt 0.350000 0.725000
vt 0.375000 0.725000
vt 0.400000 0.725000
vt 0.425000 0.725000
vt 0.450000 0.725000
vt 0.475000 0.725000
vt 0.500000 0.725000
vt 0.525000 0.725000
vt 0.550000 0.725000
vt 0.575000 0.725000
vt 0.600000 0.725000
vt 0.625000 0.725000
vt 0.650000 0.725000
vt 0.675000 0.725000
vt 0.700000 0.725000
vt 0.725000 0.725000
vt 0.750000 0.725000
vt 0.775000 0.725000
vt 0.800000 0.725000
vt 0.825000 0.725000
vt 0.850000 0.725000
vt 0.875000 0.725000
vt 0.900000 0.725000
vt 0.925000 0.725000
vt 0.950000 0.725000
vt 0.975000 0.725000
vt 1.000000 0.725000
vt 0.025000 0.750000
vt 0.000000 0.750000
vt 0.050000 0.750000
vt 0.075000 0.750000
vt 0.100000 0.750000
vt 0.125000 0.750000
vt 0.150000 0.750000
vt 0.175000 0.750000
vt 0.200000 0.750000
vt 0.225000 0.750000
vt 0.250000 0.750000
vt 0.275000 0.750000
vt 0.300000 0.750000
vt 0.325000 0.750000
vt 0.350000 0.750000
vt 0.375000 0.750000
vt 0.400000 0.750000
vt 0.425000 0.750000
vt 0.450000 0.750000
vt 0.475000 0.750000
vt 0.500000 0.750000
vt 0.525000 0.750000
vt 0.550000 0.750000
vt 0.575000 0.750000
vt 0.600000 0.750000
vt 0.625000 0.750000
vt 0.650000 0.750000
vt 0.675000 0.750000
vt 0.700000 0.750000
vt 0.725000 0.750000
vt 0.750000 0.750000
vt 0.775000 0.750000
vt 0.800000 0.750000
vt 0.825000 0.750000
vt 0.850000 0.750000
vt 0.875000 0.750000
vt 0.900000 0.750000
vt 0.925000 0.750000
vt 0.950000 0.750000
vt 0.975000 0.750000
vt 1.000000 0.750000
vt 0.025000 0.775000
vt 0.000000 0.775000
vt 0.050000 0.775000
vt 0.075000 0.775000
vt 0.100000 0.775000
vt 0.125000 0.775000
vt 0.150000 0.775000
vt 0.175000 0.775000
vt 0.200000 0.775000
vt 0.225000 0.775000
vt 0.250000 0.775000
vt 0.275000 0.775000
vt 0.300000 0.775000
vt 0.325000 0.775000
vt 0.350000 0.775000
vt 0.375000 0.775000
vt 0.400000 0.775000
vt 0.425000 0.775000
vt 0.450000 0.775000
vt 0.475000 0.775000
vt 0.500000 0.775000
vt 0.525000 0.775000
vt 0.550000 0.775000
vt 0.575000 0.775000
vt 0.600000 0.775000
vt 0.625000 0.775000
vt 0.650000 0.775000
vt 0.675000 0.775000
vt 0.700000 0.775000
vt 0.725000 0.775000
vt 0.750000 0.775000
vt 0.775000 0.775000
vt 0.800000 0.775000
vt 0.825000 0.775000
vt 0.850000 0.775000
vt 0.875000 0.775000
vt 0.900000 0.775000
vt 0.925000 0.775000
vt 0.950000 0.775000
vt 0.975000 0.775000
vt 1.000000 0.775000
vt 0.025000 0.800000
vt 0.000000 0.800000
vt 0.050000 0.800000
vt 0.075000 0.800000
vt 0.100000 0.800000
vt 0.125000 0.800000
vt 0.150000 0.800000
vt 0.175000 0.800000
vt 0.200000 0.800000
vt 0.225000 0.800000
vt 0.250000 0.800000
vt 0.275000 0.800000
vt 0.300000 0.800000
vt 0.325000 0.800000
vt 0.350000 0.800000
vt 0.375000 0.800000
vt 0.400000 0.800000
vt 0.425000 0.800000
vt 0.450000 0.800000
vt 0.475000 0.800000
vt 0.500000 0.800000
vt 0.525000 0.800000
vt 0.550000 0.800000
vt 0.575000 0.800000
vt 0.600000 0.800000
vt 0.625000 0.800000
vt 0.650000 0.800000
vt 0.675000 0.800000
vt 0.700000 0.800000
vt 0.725000 0.800000
vt 0.750000 0.800000
vt 0.775000 0.800000
vt 0.800000 0.800000
vt 0.825000 0.800000
vt 0.850000 0.800000
vt 0.875000 0.800000
vt 0.900000 0.800000
vt 0.925000 0.800000
vt 0.950000 0.800000
vt 0.975000 0.800000
vt 1.000000 0.800000
vt 0.025000 0.825000
vt 0.000000 0.825000
vt 0.050000 0.825000
vt 0.075000 0.825000
vt 0.100000 0.825000
vt 0.125000 0.825000
vt 0.150000 0.825000
vt 0.175000 0.825000
vt 0.200000 0.825000
vt 0.225000 0.825000
vt 0.250000 0.825000
vt 0.275000 0.825000
vt 0.300000 0.825000
vt 0.325000 0.825000
vt 0.350000 0.825000
vt 0.375000 0.825000
vt 0.400000 0.825000
vt 0.425000 0.825000
vt 0.450000 0.825000
vt 0.475000 0.825000
vt 0.500000 0.825000
vt 0.525000 0.825000
vt 0.550000 0.825000
vt 0.575000 0.825000
vt 0.600000 0.825000
vt 0.625000 0.825000
vt 0.650000 0.825000
vt 0.675000 0.825000
vt 0.700000 0.825000
vt 0.725000 0.825000
vt 0.750000 0.825000
vt 0.775000 0.825000
vt 0.800000 0.825000
vt 0.825000 0.825000
vt 0.850000 0.825000
vt 0.875000 0.825000
vt 0.900000 0.825000
vt 0.925000 0.825000
vt 0.950000 0.825000
vt 0.975000 0.825000
vt 1.000000 0.825000
vt 0.025000 0.850000
vt 0.000000 0.850000
vt 0.050000 0.850000
vt 0.075000 0.850000
vt 0.100000 0.850000
vt 0.125000 0.850000
vt 0.150000 0.850000
vt 0.175000 0.850000
vt 0.200000 0.850000
vt 0.225000 0.850000
vt 0.250000 0.850000
vt 0.275000 0.850000
vt 0.300000 0.850000
vt 0.325000 0.850000
vt 0.350000 0.850000
vt 0.375000 0.850000
vt 0.400000 0.850000
vt 0.425000 0.850000
vt 0.450000 0.850000
vt 0.475000 0.850000
vt 0.500000 0.850000
vt 0.525000 0.850000
vt 0.550000 0.850000
vt 0.575000 0.850000
vt 0.600000 0.850000
vt 0.625000 0.850000
vt 0.650000 0.850000
vt 0.675000 0.850000
vt 0.700000 0.850000
vt 0.725000 0.850000
vt 0.750000 0.850000
vt 0.775000 0.850000
vt 0.800000 0.850000
vt 0.825000 0.850000
vt 0.850000 0.850000
vt 0.875000 0.850000
vt 0.900000 0.850000
vt 0.925000 0.850000
vt 0.950000 0.850000
vt 0.975000 0.850000
vt 1.000000 0.850000
vt 0.025000 0.875000
vt 0.000000 0.875000
vt 0.050000 0.875000
vt 0.075000 0.875000
vt 0.100000 0.875000
vt 0.125000 0.875000
vt 0.150000 0.875000
vt 0.175000 0.875000
vt 0.200000 0.875000
vt 0.225000 0.875000
vt 0.250000 0.875000
vt 0.275000 0.875000
vt 0.300000 0.875000
vt 0.325000 0.875000
vt 0.350000 0.875000
vt 0.375000 0.875000
vt 0.400000 0.875000
vt 0.425000 0.875000
vt 0.450000 0.875000
vt 0.475000 0.875000
vt 0.500000 0.875000
vt 0.525000 0.875000
vt 0.550000 0.875000
vt 0.575000 0.875000
vt 0.600000 0.875000
vt 0.625000 0.875000
vt 0.650000 0.875000
vt 0.675000 0.875000
vt 0.700000 0.875000
vt 0.725000 0.875000
vt 0.750000 0.875000
vt 0.775000 0.875000
vt 0.800000 0.875000
vt 0.825000 0.875000
vt 0.850000 0.875000
vt 0.875000 0.875000
vt 0.900000 0.875000
vt 0.925000 0.875000
vt 0.950000 0.875000
vt 0.975000 0.875000
vt 1.000000 0.875000
vt 0.025000 0.900000
vt 0.000000 0.900000
vt 0.050000 0.900000
vt 0.075000 0.900000
vt 0.100000 0.900000
vt 0.125000 0.900000
vt 0.150000 0.900000
vt 0.175000 0.900000
vt 0.200000 0.900000
vt 0.225000 0.900000
vt 0.250000 0.900000
vt 0.275000 0.900000
vt 0.300000 0.900000
vt 0.325000 0.900000
vt 0.350000 0.900000
vt 0.375000 0.900000
vt 0.400000 0.900000
vt 0.425000 0.900000
vt 0.450000 0.900000
vt 0.475000 0.900000
vt 0.500000 0.900000
vt 0.525000 0.900000
vt 0.550000 0.900000
vt 0.575000 0.900000
vt 0.600000 0.900000
vt 0.625000 0.900000
vt 0.650000 0.900000
vt 0.675000 0.900000
vt 0.700000 0.900000
vt 0.725000 0.900000
vt 0.750000 0.900000
vt 0.775000 0.900000
vt 0.800000 0.900000
vt 0.825000 0.900000
vt 0.850000 0.900000
vt 0.875000 0.900000
vt 0.900000 0.900000
vt 0.925000 0.900000
vt 0.950000 0.900000
vt 0.975000 0.900000
vt 1.000000 0.900000
vt 0.025000 0.925000
vt 0.000000 0.925000
vt 0.050000 0.925000
vt 0.075000 0.925000
vt 0.100000 0.925000
vt 0.125000 0.925000
vt 0.150000 0.925000
vt 0.175000 0.925000
vt 0.200000 0.925000
vt 0.225000 0.925000
vt 0.250000 0.925000
vt 0.275000 0.925000
vt 0.300000 0.925000
vt 0.325000 0.925000
vt 0.350000 0.925000
vt 0.375000 0.925000
vt 0.400000 0.925000
vt 0.425000 0.925000
vt 0.450000 0.925000
vt 0.475000 0.925000
vt 0.500000 0.925000
vt 0.525000 0.925000
vt 0.550000 0.925000
vt 0.575000 0.925000
vt 0.600000 0.925000
vt 0.625000 0.925000
vt 0.650000 0.925000
vt 0.675000 0.925000
vt 0.700000 0.925000
vt 0.725000 0.925000
vt 0.750000 0.925000
vt 0.775000 0.925000
vt 0.800000 0.925000
vt 0.825000 0.925000
vt 0.850000 0.925000
vt 0.875000 0.925000
vt 0.900000 0.925000
vt 0.925000 0.925000
vt 0.950000 0.925000
vt 0.975000 0.925000
vt 1.000000 0.925000
vt 0.025000 0.950000
vt 0.000000 0.950000
vt 0.050000 0.950000
vt 0.075000 0.950000
vt 0.100000 0.950000
vt 0.125000 0.950000
vt 0.150000 0.950000
vt 0.175000 0.950000
vt 0.200000 0.950000
vt 0.225000 0.950000
vt 0.250000 0.950000
vt 0.275000 0.950000
vt 0.300000 0.950000
vt 0.325000 0.950000
vt 0.350000 0.950000
vt 0.375000 0.950000
vt 0.400000 0.950000
vt 0.425000 0.950000
vt 0.450000 0.950000
vt 0.475000 0.950000
vt 0.500000 0.950000
vt 0.525000 0.950000
vt 0.550000 0.950000
vt 0.575000 0.950000
vt 0.600000 0.950000
vt 0.625000 0.950000
vt 0.650000 0.950000
vt 0.675000 0.950000
vt 0.700000 0.950000
vt 0.725000 0.950000
vt 0.750000 0.950000
vt 0.775000 0.950000
vt 0.800000 0.950000
vt 0.825000 0.950000
vt 0.850000 0.950000
vt 0.875000 0.950000
vt 0.900000 0.950000
vt 0.925000 0.950000
vt 0.950000 0.950000
vt 0.975000 0.950000
vt 1.000000 0.950000
vt 0.025000 0.975000
vt 0.000000 0.975000
vt 0.050000 0.975000
vt 0.075000 0.975000
vt 0.100000 0.975000
vt 0.125000 0.975000
vt 0.150000 0.975000
vt 0.175000 0.975000
vt 0.200000 0.975000
vt 0.225000 0.975000
vt 0.250000 0.975000
vt 0.275000 0.975000
vt 0.300000 0.975000
vt 0.325000 0.975000
vt 0.350000 0.975000
vt 0.375000 0.975000
vt 0.400000 0.975000
vt 0.425000 0.975000
vt 0.450000 0.975000
vt 0.475000 0.975000
vt 0.500000 0.975000
vt 0.525000 0.975000
vt 0.550000 0.975000
vt 0.575000 0.975000
vt 0.600000 0.975000
vt 0.625000 0.975000
vt 0.650000 0.975000
vt 0.675000 0.975000
vt 0.700000 0.975000
vt 0.725000 0.975000
vt 0.750000 0.975000
vt 0.775000 0.975000
vt 0.800000 0.975000
vt 0.825000 0.975000
vt 0.850000 0.975000
vt 0.875000 0.975000
vt 0.900000 0.975000
vt 0.925000 0.975000
vt 0.950000 0.975000
vt 0.975000 0.975000
vt 1.000000 0.975000
vt 0.012500 0.000000
vt 0.037500 0.000000
vt 0.062500 0.000000
vt 0.087500 0.000000
vt 0.112500 0.000000
vt 0.137500 0.000000
vt 0.162500 0.000000
vt 0.187500 0.000000
vt 0.212500 0.000000
vt 0.237500 0.000000
vt 0.262500 0.000000
vt 0.287500 0.000000
vt 0.312500 0.000000
vt 0.337500 0.000000
vt 0.362500 0.000000
vt 0.387500 0.000000
vt 0.412500 0.000000
vt 0.437500 0.000000
vt 0.462500 0.000000
vt 0.487500 0.000000
vt 0.512500 0.000000
vt 0.537500 0.000000
vt 0.562500 0.000000
vt 0.587500 0.000000
vt 0.612500 0.000000
vt 0.637500 0.000000
vt 0.662500 0.000000
vt 0.687500 0.000000
vt 0.712500 0.000000
vt 0.737500 0.000000
vt 0.762500 0.000000
vt 0.787500 0.000000
vt 0.812500 0.000000
vt 0.837500 0.000000
vt 0.862500 0.000000
vt 0.887500 0.000000
vt 0.912500 0.000000
vt 0.937500 0.000000
vt 0.962500 0.000000
vt 0.987500 0.000000
vt 0.012500 1.000000
vt 0.037500 1.000000
vt 0.062500 1.000000
vt 0.087500 1.000000
vt 0.112500 1.000000
vt 0.137500 1.000000
vt 0.162500 1.000000
vt 0.187500 1.000000
vt 0.212500 1.000000
vt 0.237500 1.000000
vt 0.262500 1.000000
vt 0.287500 1.000000
vt 0.312500 1.000000
vt 0.337500 1.000000
vt 0.362500 1.000000
vt 0.387500 1.000000
vt 0.412500 1.000000
vt 0.437500 1.000000
vt 0.462500 1.000000
vt 0.487500 1.000000
vt 0.512500 1.000000
vt 0.537500 1.000000
vt 0.562500 1.000000
vt 0.587500 1.000000
vt 0.612500 1.000000
vt 0.637500 1.000000
vt 0.662500 1.000000
vt 0.687500 1.000000
vt 0.712500 1.000000
vt 0.737500 1.000000
vt 0.762500 1.000000
vt 0.787500 1.000000
vt 0.812500 1.000000
vt 0.837500 1.000000
vt 0.862500 1.000000
vt 0.887500 1.000000
vt 0.912500 1.000000
vt 0.937500 1.000000
vt 0.962500 1.000000
vt 0.987500 1.000000
vn 0.114638 -0.993026 -0.027522
vn 0.114638 -0.993026 -0.027522
vn 0.114638 -0.993026 -0.027522
vn 0.114638 -0.993026 -0.027522
vn 0.094555 -0.995045 -0.030723
vn 0.088584 -0.995046 -0.045136
vn 0.149534 -0.985817 -0.076191
vn 0.159611 -0.985817 -0.051861
vn 0.088584 -0.995046 -0.045136
vn 0.080433 -0.995045 -0.058438
vn 0.135774 -0.985817 -0.098645
vn 0.149534 -0.985817 -0.076191
vn 0.080433 -0.995045 -0.058438
vn 0.070301 -0.995045 -0.070301
vn 0.118671 -0.985817 -0.118670
vn 0.135774 -0.985817 -0.098645
vn 0.070301 -0.995045 -0.070301
vn 0.058438 -0.995045 -0.080433
vn 0.098645 -0.985817 -0.135774
vn 0.118671 -0.985817 -0.118670
vn 0.058438 -0.995045 -0.080433
vn 0.045136 -0.995046 -0.088584
vn 0.076191 -0.985817 -0.149534
vn 0.098645 -0.985817 -0.135774
vn 0.045136 -0.995046 -0.088584
vn 0.030723 -0.995045 -0.094555
vn 0.051861 -0.985817 -0.159612
vn 0.076191 -0.985817 -0.149534
vn 0.030723 -0.995045 -0.094555
vn 0.015553 -0.995045 -0.098197
vn 0.026254 -0.985817 -0.165759
vn 0.051861 -0.985817 -0.159612
vn 0.015553 -0.995045 -0.098197
vn 0.000000 -0.995045 -0.099421
vn 0.000000 -0.985817 -0.167825
vn 0.026254 -0.985817 -0.165759
vn 0.000000 -0.995045 -0.099421
vn -0.015553 -0.995045 -0.098197
vn -0.026254 -0.985817 -0.165759
vn 0.000000 -0.985817 -0.167825
vn -0.015553 -0.995045 -0.098197
vn -0.030723 -0.995045 -0.094555
vn -0.051861 -0.985817 -0.159612
vn -0.026254 -0.985817 -0.165759
vn -0.030723 -0.995045 -0.094555
vn -0.045136 -0.995046 -0.088584
vn -0.076191 -0.985817 -0.149534
vn -0.051861 -0.985817 -0.159612
vn -0.045136 -0.995046 -0.088584
vn -0.058438 -0.995045 -0.080433
vn -0.098645 -0.985817 -0.135774
vn -0.076191 -0.985817 -0.149534
vn -0.058438 -0.995045 -0.080433
vn -0.070301 -0.995045 -0.070301
vn -0.118671 -0.985817 -0.118671
vn -0.098645 -0.985817 -0.135774
vn -0.070301 -0.995045 -0.070301
vn -0.080433 -0.995045 -0.058438
vn -0.135774 -0.985817 -0.098645
vn -0.118671 -0.985817 -0.118671
vn -0.080433 -0.995045 -0.058438
vn -0.088584 -0.995046 -0.045136
vn -0.149534 -0.985817 -0.076191
vn -0.135774 -0.985817 -0.098645
vn -0.088584 -0.995046 -0.045136
vn -0.094555 -0.995045 -0.030723
vn -0.159612 -0.985817 -0.051861
vn -0.149534 -0.985817 -0.076191
vn -0.094555 -0.995045 -0.030723
vn -0.098197 -0.995045 -0.015553
vn -0.165759 -0.985817 -0.026254
vn -0.159612 -0.985817 -0.051861
vn -0.098197 -0.995045 -0.015553
vn -0.099421 -0.995045 0.000000
vn -0.167826 -0.985817 0.000000
vn -0.165759 -0.985817 -0.026254
vn -0.099421 -0.995045 0.000000
vn -0.098197 -0.995045 0.015553
vn -0.165759 -0.985817 0.026254
vn -0.167826 -0.985817 0.000000
vn -0.098197 -0.995045 0.015553
vn -0.094555 -0.995045 0.030723
vn -0.159612 -0.985817 0.051861
vn -0.165759 -0.985817 0.026254
vn -0.094555 -0.995045 0.030723
vn -0.088584 -0.995046 0.045136
vn -0.149534 -0.985817 0.076191
vn -0.159612 -0.985817 0.051861
vn -0.088584 -0.995046 0.045136
vn -0.080433 -0.995045 0.058438
vn -0.135774 -0.985817 0.098645
vn -0.149534 -0.985817 0.076191
vn -0.080433 -0.995045 0.058438
vn -0.070301 -0.995045 0.070301
vn -0.118671 -0.985817 0.118671
vn -0.135774 -0.985817 0.098645
vn -0.070301 -0.995045 0.070301
vn -0.058438 -0.995045 0.080433
vn -0.098645 -0.985817 0.135774
vn -0.118671 -0.985817 0.118671
vn -0.058438 -0.995045 0.080433
vn -0.045136 -0.995046 0.088584
vn -0.076191 -0.985817 0.149534
vn -0.098645 -0.985817 0.135774
vn -0.045136 -0.995046 0.088584
vn -0.030723 -0.995045 0.094555
vn -0.051861 -0.985817 0.159612
vn -0.076191 -0.985817 0.149534
vn -0.030723 -0.995045 0.094555
vn -0.015553 -0.995045 0.098197
vn -0.026254 -0.985817 0.165759
vn -0.051861 -0.985817 0.159612
vn -0.015553 -0.995045 0.098197
vn 0.000000 -0.995045 0.099421
vn 0.000000 -0.985817 0.167825
vn -0.026254 -0.985817 0.165759
vn 0.000000 -0.995045 0.099421
vn 0.015553 -0.995045 0.098197
vn 0.026254 -0.985817 0.165759
vn 0.000000 -0.985817 0.167825
vn 0.015553 -0.995045 0.098197
vn 0.030723 -0.995045 0.094555
vn 0.051861 -0.985817 0.159612
vn 0.026254 -0.985817 0.165759
vn 0.030723 -0.995045 0.094555
vn 0.045136 -0.995046 0.088584
vn 0.076191 -0.985817 0.149534
vn 0.051861 -0.985817 0.159612
vn 0.045136 -0.995046 0.088584
vn 0.058438 -0.995045 0.080433
vn 0.098645 -0.985817 0.135774
vn 0.076191 -0.985817 0.149534
vn 0.058438 -0.995045 0.080433
vn 0.070301 -0.995045 0.070301
vn 0.118671 -0.985817 0.118671
vn 0.098645 -0.985817 0.135774
vn 0.070301 -0.995045 0.070301
vn 0.080433 -0.995045 0.058438
vn 0.135774 -0.985817 0.098645
vn 0.118671 -0.985817 0.118671
vn 0.080433 -0.995045 0.058438
vn 0.088584 -0.995046 0.045136
vn 0.149534 -0.985817 0.076191
vn 0.135774 -0.985817 0.098645
vn 0.088584 -0.995046 0.045136
vn 0.094555 -0.995045 0.030723
vn 0.159612 -0.985817 0.051861
vn 0.149534 -0.985817 0.076191
vn 0.094555 -0.995045 0.030723
vn 0.098197 -0.995045 0.015553
vn 0.165759 -0.985817 0.026254
vn 0.159612 -0.985817 0.051861
vn 0.098197 -0.995045 0.015553
vn 0.099421 -0.995045 0.000000
vn 0.167826 -0.985817 0.000000
vn 0.165759 -0.985817 0.026254
vn 0.099421 -0.995045 0.000000
vn 0.098197 -0.995045 -0.015553
vn 0.165759 -0.985817 -0.026253
vn 0.167826 -0.985817 0.000000
vn 0.165759 -0.985817 -0.026253
vn 0.159611 -0.985817 -0.051861
vn 0.229663 -0.970405 -0.074622
vn 0.238509 -0.970405 -0.037776
vn 0.159611 -0.985817 -0.051861
vn 0.149534 -0.985817 -0.076191
vn 0.215162 -0.970405 -0.109630
vn 0.229663 -0.970405 -0.074622
vn 0.149534 -0.985817 -0.076191
vn 0.135774 -0.985817 -0.098645
vn 0.195363 -0.970405 -0.141939
vn 0.215162 -0.970405 -0.109630
vn 0.135774 -0.985817 -0.098645
vn 0.118671 -0.985817 -0.118670
vn 0.170753 -0.970406 -0.170753
vn 0.195363 -0.970405 -0.141939
vn 0.118671 -0.985817 -0.118670
vn 0.098645 -0.985817 -0.135774
vn 0.141939 -0.970405 -0.195363
vn 0.170753 -0.970406 -0.170753
vn 0.098645 -0.985817 -0.135774
vn 0.076191 -0.985817 -0.149534
vn 0.109631 -0.970405 -0.215162
vn 0.141939 -0.970405 -0.195363
vn 0.076191 -0.985817 -0.149534
vn 0.051861 -0.985817 -0.159612
vn 0.074622 -0.970405 -0.229663
vn 0.109631 -0.970405 -0.215162
vn 0.051861 -0.985817 -0.159612
vn 0.026254 -0.985817 -0.165759
vn 0.037776 -0.970405 -0.238509
vn 0.074622 -0.970405 -0.229663
vn 0.026254 -0.985817 -0.165759
vn 0.000000 -0.985817 -0.167825
vn 0.000000 -0.970405 -0.241482
vn 0.037776 -0.970405 -0.238509
vn 0.000000 -0.985817 -0.167825
vn -0.026254 -0.985817 -0.165759
vn -0.037776 -0.970405 -0.238509
vn 0.000000 -0.970405 -0.241482
vn -0.026254 -0.985817 -0.165759
vn -0.051861 -0.985817 -0.159612
vn -0.074622 -0.970405 -0.229663
vn -0.037776 -0.970405 -0.238509
vn -0.051861 -0.985817 -0.159612
vn -0.076191 -0.985817 -0.149534
vn -0.109630 -0.970405 -0.215162
vn -0.074622 -0.970405 -0.229663
vn -0.076191 -0.985817 -0.149534
vn -0.098645 -0.985817 -0.135774
vn -0.141939 -0.970405 -0.195363
vn -0.109630 -0.970405 -0.215162
vn -0.098645 -0.985817 -0.135774
vn -0.118671 -0.985817 -0.118671
vn -0.170753 -0.970406 -0.170753
vn -0.141939 -0.970405 -0.195363
vn -0.118671 -0.985817 -0.118671
vn -0.135774 -0.985817 -0.098645
vn -0.195363 -0.970405 -0.141939
vn -0.170753 -0.970406 -0.170753
vn -0.135774 -0.985817 -0.098645
vn -0.149534 -0.985817 -0.076191
vn -0.215162 -0.970405 -0.109631
vn -0.195363 -0.970405 -0.141939
vn -0.149534 -0.985817 -0.076191
vn -0.159612 -0.985817 -0.051861
vn -0.229663 -0.970405 -0.074622
vn -0.215162 -0.970405 -0.109631
vn -0.159612 -0.985817 -0.051861
vn -0.165759 -0.985817 -0.026254
vn -0.238509 -0.970405 -0.037776
vn -0.229663 -0.970405 -0.074622
vn -0.165759 -0.985817 -0.026254
vn -0.167826 -0.985817 0.000000
vn -0.241482 -0.970405 0.000000
vn -0.238509 -0.970405 -0.037776
vn -0.167826 -0.985817 0.000000
vn -0.165759 -0.985817 0.026254
vn -0.238509 -0.970405 0.037776
vn -0.241482 -0.970405 0.000000
vn -0.165759 -0.985817 0.026254
vn -0.159612 -0.985817 0.051861
vn -0.229663 -0.970405 0.074622
vn -0.238509 -0.970405 0.037776
vn -0.159612 -0.985817 0.051861
vn -0.149534 -0.985817 0.076191
vn -0.215162 -0.970405 0.109630
vn -0.229663 -0.970405 0.074622
vn -0.149534 -0.985817 0.076191
vn -0.135774 -0.985817 0.098645
vn -0.195363 -0.970405 0.141940
vn -0.215162 -0.970405 0.109630
vn -0.135774 -0.985817 0.098645
vn -0.118671 -0.985817 0.118671
vn -0.170754 -0.970405 0.170754
vn -0.195363 -0.970405 0.141940
vn -0.118671 -0.985817 0.118671
vn -0.098645 -0.985817 0.135774
vn -0.141939 -0.970405 0.195363
vn -0.170754 -0.970405 0.170754
vn -0.098645 -0.985817 0.135774
vn -0.076191 -0.985817 0.149534
vn -0.109631 -0.970405 0.215162
vn -0.141939 -0.970405 0.195363
vn -0.076191 -0.985817 0.149534
vn -0.051861 -0.985817 0.159612
vn -0.074622 -0.970405 0.229663
vn -0.109631 -0.970405 0.215162
vn -0.051861 -0.985817 0.159612
vn -0.026254 -0.985817 0.165759
vn -0.037776 -0.970405 0.238509
vn -0.074622 -0.970405 0.229663
vn -0.026254 -0.985817 0.165759
vn 0.000000 -0.985817 0.167825
vn 0.000000 -0.970405 0.241482
vn -0.037776 -0.970405 0.238509
vn 0.000000 -0.985817 0.167825
vn 0.026254 -0.985817 0.165759
vn 0.037776 -0.970405 0.238509
vn 0.000000 -0.970405 0.241482
vn 0.026254 -0.985817 0.165759
vn 0.051861 -0.985817 0.159612
vn 0.074622 -0.970405 0.229663
vn 0.037776 -0.970405 0.238509
vn 0.051861 -0.985817 0.159612
vn 0.076191 -0.985817 0.149534
vn 0.109631 -0.970405 0.215162
vn 0.074622 -0.970405 0.229663
vn 0.076191 -0.985817 0.149534
vn 0.098645 -0.985817 0.135774
vn 0.141940 -0.970405 0.195363
vn 0.109631 -0.970405 0.215162
vn 0.098645 -0.985817 0.135774
vn 0.118671 -0.985817 0.118671
vn 0.170754 -0.970405 0.170754
vn 0.141940 -0.970405 0.195363
vn 0.118671 -0.985817 0.118671
vn 0.135774 -0.985817 0.098645
vn 0.195363 -0.970405 0.141940
vn 0.170754 -0.970405 0.170754
vn 0.135774 -0.985817 0.098645
vn 0.149534 -0.985817 0.076191
vn 0.215162 -0.970405 0.109630
vn 0.195363 -0.970405 0.141940
vn 0.149534 -0.985817 0.076191
vn 0.159612 -0.985817 0.051861
vn 0.229663 -0.970405 0.074622
vn 0.215162 -0.970405 0.109630
vn 0.159612 -0.985817 0.051861
vn 0.165759 -0.985817 0.026254
vn 0.238509 -0.970405 0.037776
vn 0.229663 -0.970405 0.074622
vn 0.165759 -0.985817 0.026254
vn 0.167826 -0.985817 0.000000
vn 0.241482 -0.970405 0.000000
vn 0.238509 -0.970405 0.037776
vn 0.167826 -0.985817 0.000000
vn 0.165759 -0.985817 -0.026253
vn 0.238509 -0.970405 -0.037776
vn 0.241482 -0.970405 0.000000
vn 0.238509 -0.970405 -0.037776
vn 0.229663 -0.970405 -0.074622
vn 0.299839 -0.949002 -0.097424
vn 0.311388 -0.949002 -0.049318
vn 0.229663 -0.970405 -0.074622
vn 0.215162 -0.970405 -0.109630
vn 0.280907 -0.949002 -0.143129
vn 0.299839 -0.949002 -0.097424
vn 0.215162 -0.970405 -0.109630
vn 0.195363 -0.970405 -0.141939
vn 0.255058 -0.949002 -0.185311
vn 0.280907 -0.949002 -0.143129
vn 0.195363 -0.970405 -0.141939
vn 0.170753 -0.970406 -0.170753
vn 0.222929 -0.949002 -0.222929
vn 0.255058 -0.949002 -0.185311
vn 0.170753 -0.970406 -0.170753
vn 0.141939 -0.970405 -0.195363
vn 0.185311 -0.949002 -0.255058
vn 0.222929 -0.949002 -0.222929
vn 0.141939 -0.970405 -0.195363
vn 0.109631 -0.970405 -0.215162
vn 0.143129 -0.949002 -0.280907
vn 0.185311 -0.949002 -0.255058
vn 0.109631 -0.970405 -0.215162
vn 0.074622 -0.970405 -0.229663
vn 0.097424 -0.949002 -0.299839
vn 0.143129 -0.949002 -0.280907
vn 0.074622 -0.970405 -0.229663
vn 0.037776 -0.970405 -0.238509
vn 0.049319 -0.949002 -0.311388
vn 0.097424 -0.949002 -0.299839
vn 0.037776 -0.970405 -0.238509
vn 0.000000 -0.970405 -0.241482
vn 0.000000 -0.949002 -0.315269
vn 0.049319 -0.949002 -0.311388
vn 0.000000 -0.970405 -0.241482
vn -0.037776 -0.970405 -0.238509
vn -0.049319 -0.949002 -0.311388
vn 0.000000 -0.949002 -0.315269
vn -0.037776 -0.970405 -0.238509
vn -0.074622 -0.970405 -0.229663
vn -0.097424 -0.949002 -0.299839
vn -0.049319 -0.949002 -0.311388
vn -0.074622 -0.970405 -0.229663
vn -0.109630 -0.970405 -0.215162
vn -0.143129 -0.949002 -0.280907
vn -0.097424 -0.949002 -0.299839
vn -0.109630 -0.970405 -0.215162
vn -0.141939 -0.970405 -0.195363
vn -0.185311 -0.949002 -0.255058
vn -0.143129 -0.949002 -0.280907
vn -0.141939 -0.970405 -0.195363
vn -0.170753 -0.970406 -0.170753
vn -0.222929 -0.949002 -0.222929
vn -0.185311 -0.949002 -0.255058
vn -0.170753 -0.970406 -0.170753
vn -0.195363 -0.970405 -0.141939
vn -0.255058 -0.949002 -0.185311
vn -0.222929 -0.949002 -0.222929
vn -0.195363 -0.970405 -0.141939
vn -0.215162 -0.970405 -0.109631
vn -0.280907 -0.949002 -0.143129
vn -0.255058 -0.949002 -0.185311
vn -0.215162 -0.970405 -0.109631
vn -0.229663 -0.970405 -0.074622
vn -0.299839 -0.949002 -0.097424
vn -0.280907 -0.949002 -0.143129
vn -0.229663 -0.970405 -0.074622
vn -0.238509 -0.970405 -0.037776
vn -0.311388 -0.949002 -0.049319
vn -0.299839 -0.949002 -0.097424
vn -0.238509 -0.970405 -0.037776
vn -0.241482 -0.970405 0.000000
vn -0.315269 -0.949002 0.000000
vn -0.311388 -0.949002 -0.049319
vn -0.241482 -0.970405 0.000000
vn -0.238509 -0.970405 0.037776
vn -0.311388 -0.949002 0.049319
vn -0.315269 -0.949002 0.000000
vn -0.238509 -0.970405 0.037776
vn -0.229663 -0.970405 0.074622
vn -0.299839 -0.949002 0.097424
vn -0.311388 -0.949002 0.049319
vn -0.229663 -0.970405 0.074622
vn -0.215162 -0.970405 0.109630
vn -0.280907 -0.949002 0.143129
vn -0.299839 -0.949002 0.097424
vn -0.215162 -0.970405 0.109630
vn -0.195363 -0.970405 0.141940
vn -0.255058 -0.949002 0.185311
vn -0.280907 -0.949002 0.143129
vn -0.195363 -0.970405 0.141940
vn -0.170754 -0.970405 0.170754
vn -0.222929 -0.949002 0.222929
vn -0.255058 -0.949002 0.185311
vn -0.170754 -0.970405 0.170754
vn -0.141939 -0.970405 0.195363
vn -0.185311 -0.949002 0.255058
vn -0.222929 -0.949002 0.222929
vn -0.141939 -0.970405 0.195363
vn -0.109631 -0.970405 0.215162
vn -0.143129 -0.949002 0.280907
vn -0.185311 -0.949002 0.255058
vn -0.109631 -0.970405 0.215162
vn -0.074622 -0.970405 0.229663
vn -0.097424 -0.949002 0.299839
vn -0.143129 -0.949002 0.280907
vn -0.074622 -0.970405 0.229663
vn -0.037776 -0.970405 0.238509
vn -0.049319 -0.949002 0.311388
vn -0.097424 -0.949002 0.299839
vn -0.037776 -0.970405 0.238509
vn 0.000000 -0.970405 0.241482
vn 0.000000 -0.949002 0.315269
vn -0.049319 -0.949002 0.311388
vn 0.000000 -0.970405 0.241482
vn 0.037776 -0.970405 0.238509
vn 0.049319 -0.949002 0.311388
vn 0.000000 -0.949002 0.315269
vn 0.037776 -0.970405 0.238509
vn 0.074622 -0.970405 0.229663
vn 0.097424 -0.949002 0.299839
vn 0.049319 -0.949002 0.311388
vn 0.074622 -0.970405 0.229663
vn 0.109631 -0.970405 0.215162
vn 0.143129 -0.949002 0.280907
vn 0.097424 -0.949002 0.299839
vn 0.109631 -0.970405 0.215162
vn 0.141940 -0.970405 0.195363
vn 0.185311 -0.949002 0.255058
vn 0.143129 -0.949002 0.280907
vn 0.141940 -0.970405 0.195363
vn 0.170754 -0.970405 0.170754
vn 0.222929 -0.949002 0.222929
vn 0.185311 -0.949002 0.255058
vn 0.170754 -0.970405 0.170754
vn 0.195363 -0.970405 0.141940
vn 0.255058 -0.949002 0.185311
vn 0.222929 -0.949002 0.222929
vn 0.195363 -0.970405 0.141940
vn 0.215162 -0.970405 0.109630
vn 0.280907 -0.949002 0.143129
vn 0.255058 -0.949002 0.185311
vn 0.215162 -0.970405 0.109630
vn 0.229663 -0.970405 0.074622
vn 0.299839 -0.949002 0.097424
vn 0.280907 -0.949002 0.143129
vn 0.229663 -0.970405 0.074622
vn 0.238509 -0.970405 0.037776
vn 0.311388 -0.949002 0.049319
vn 0.299839 -0.949002 0.097424
vn 0.238509 -0.970405 0.037776
vn 0.241482 -0.970405 0.000000
vn 0.315269 -0.949002 0.000001
vn 0.311388 -0.949002 0.049319
vn 0.241482 -0.970405 0.000000
vn 0.238509 -0.970405 -0.037776
vn 0.311388 -0.949002 -0.049318
vn 0.315269 -0.949002 0.000001
vn 0.311388 -0.949002 -0.049318
vn 0.299839 -0.949002 -0.097424
vn 0.368796 -0.921754 -0.119829
vn 0.383001 -0.921754 -0.060661
vn 0.299839 -0.949002 -0.097424
vn 0.280907 -0.949002 -0.143129
vn 0.345510 -0.921754 -0.176046
vn 0.368796 -0.921754 -0.119829
vn 0.280907 -0.949002 -0.143129
vn 0.255058 -0.949002 -0.185311
vn 0.313716 -0.921754 -0.227928
vn 0.345510 -0.921754 -0.176046
vn 0.255058 -0.949002 -0.185311
vn 0.222929 -0.949002 -0.222929
vn 0.274198 -0.921754 -0.274198
vn 0.313716 -0.921754 -0.227928
vn 0.222929 -0.949002 -0.222929
vn 0.185311 -0.949002 -0.255058
vn 0.227928 -0.921754 -0.313716
vn 0.274198 -0.921754 -0.274198
vn 0.185311 -0.949002 -0.255058
vn 0.143129 -0.949002 -0.280907
vn 0.176046 -0.921754 -0.345510
vn 0.227928 -0.921754 -0.313716
vn 0.143129 -0.949002 -0.280907
vn 0.097424 -0.949002 -0.299839
vn 0.119829 -0.921754 -0.368796
vn 0.176046 -0.921754 -0.345510
vn 0.097424 -0.949002 -0.299839
vn 0.049319 -0.949002 -0.311388
vn 0.060661 -0.921754 -0.383001
vn 0.119829 -0.921754 -0.368796
vn 0.049319 -0.949002 -0.311388
vn 0.000000 -0.949002 -0.315269
vn 0.000000 -0.921754 -0.387775
vn 0.060661 -0.921754 -0.383001
vn 0.000000 -0.949002 -0.315269
vn -0.049319 -0.949002 -0.311388
vn -0.060661 -0.921754 -0.383000
vn 0.000000 -0.921754 -0.387775
vn -0.049319 -0.949002 -0.311388
vn -0.097424 -0.949002 -0.299839
vn -0.119829 -0.921754 -0.368796
vn -0.060661 -0.921754 -0.383000
vn -0.097424 -0.949002 -0.299839
vn -0.143129 -0.949002 -0.280907
vn -0.176046 -0.921754 -0.345510
vn -0.119829 -0.921754 -0.368796
vn -0.143129 -0.949002 -0.280907
vn -0.185311 -0.949002 -0.255058
vn -0.227928 -0.921754 -0.313716
vn -0.176046 -0.921754 -0.345510
vn -0.185311 -0.949002 -0.255058
vn -0.222929 -0.949002 -0.222929
vn -0.274198 -0.921754 -0.274198
vn -0.227928 -0.921754 -0.313716
vn -0.222929 -0.949002 -0.222929
vn -0.255058 -0.949002 -0.185311
vn -0.313716 -0.921754 -0.227928
vn -0.274198 -0.921754 -0.274198
vn -0.255058 -0.949002 -0.185311
vn -0.280907 -0.949002 -0.143129
vn -0.345510 -0.921754 -0.176046
vn -0.313716 -0.921754 -0.227928
vn -0.280907 -0.949002 -0.143129
vn -0.299839 -0.949002 -0.097424
vn -0.368796 -0.921754 -0.119829
vn -0.345510 -0.921754 -0.176046
vn -0.299839 -0.949002 -0.097424
vn -0.311388 -0.949002 -0.049319
vn -0.383001 -0.921754 -0.060661
vn -0.368796 -0.921754 -0.119829
vn -0.311388 -0.949002 -0.049319
vn -0.315269 -0.949002 0.000000
vn -0.387775 -0.921754 0.000000
vn -0.383001 -0.921754 -0.060661
vn -0.315269 -0.949002 0.000000
vn -0.311388 -0.949002 0.049319
vn -0.383001 -0.921754 0.060661
vn -0.387775 -0.921754 0.000000
vn -0.311388 -0.949002 0.049319
vn -0.299839 -0.949002 0.097424
vn -0.368796 -0.921754 0.119829
vn -0.383001 -0.921754 0.060661
vn -0.299839 -0.949002 0.097424
vn -0.280907 -0.949002 0.143129
vn -0.345510 -0.921754 0.176046
vn -0.368796 -0.921754 0.119829
vn -0.280907 -0.949002 0.143129
vn -0.255058 -0.949002 0.185311
vn -0.313716 -0.921754 0.227928
vn -0.345510 -0.921754 0.176046
vn -0.255058 -0.949002 0.185311
vn -0.222929 -0.949002 0.222929
vn -0.274198 -0.921754 0.274198
vn -0.313716 -0.921754 0.227928
vn -0.222929 -0.949002 0.222929
vn -0.185311 -0.949002 0.255058
vn -0.227928 -0.921754 0.313716
vn -0.274198 -0.921754 0.274198
vn -0.185311 -0.949002 0.255058
vn -0.143129 -0.949002 0.280907
vn -0.176046 -0.921754 0.345510
vn -0.227928 -0.921754 0.313716
vn -0.143129 -0.949002 0.280907
vn -0.097424 -0.949002 0.299839
vn -0.119829 -0.921754 0.368796
vn -0.176046 -0.921754 0.345510
vn -0.097424 -0.949002 0.299839
vn -0.049319 -0.949002 0.311388
vn -0.060661 -0.921754 0.383001
vn -0.119829 -0.921754 0.368796
vn -0.049319 -0.949002 0.311388
vn 0.000000 -0.949002 0.315269
vn 0.000000 -0.921754 0.387775
vn -0.060661 -0.921754 0.383001
vn 0.000000 -0.949002 0.315269
vn 0.049319 -0.949002 0.311388
vn 0.060661 -0.921754 0.383001
vn 0.000000 -0.921754 0.387775
vn 0.049319 -0.949002 0.311388
vn 0.097424 -0.949002 0.299839
vn 0.119829 -0.921754 0.368796
vn 0.060661 -0.921754 0.383001
vn 0.097424 -0.949002 0.299839
vn 0.143129 -0.949002 0.280907
vn 0.176046 -0.921754 0.345510
vn 0.119829 -0.921754 0.368796
vn 0.143129 -0.949002 0.280907
vn 0.185311 -0.949002 0.255058
vn 0.227928 -0.921754 0.313716
vn 0.176046 -0.921754 0.345510
vn 0.185311 -0.949002 0.255058
vn 0.222929 -0.949002 0.222929
vn 0.274198 -0.921754 0.274198
vn 0.227928 -0.921754 0.313716
vn 0.222929 -0.949002 0.222929
vn 0.255058 -0.949002 0.185311
vn 0.313716 -0.921754 0.227928
vn 0.274198 -0.921754 0.274198
vn 0.255058 -0.949002 0.185311
vn 0.280907 -0.949002 0.143129
vn 0.345510 -0.921754 0.176046
vn 0.313716 -0.921754 0.227928
vn 0.280907 -0.949002 0.143129
vn 0.299839 -0.949002 0.097424
vn 0.368796 -0.921754 0.119829
vn 0.345510 -0.921754 0.176046
vn 0.299839 -0.949002 0.097424
vn 0.311388 -0.949002 0.049319
vn 0.383001 -0.921754 0.060661
vn 0.368796 -0.921754 0.119829
vn 0.311388 -0.949002 0.049319
vn 0.315269 -0.949002 0.000001
vn 0.387775 -0.921754 0.000001
vn 0.383001 -0.921754 0.060661
vn 0.315269 -0.949002 0.000001
vn 0.311388 -0.949002 -0.049318
vn 0.383001 -0.921754 -0.060661
vn 0.387775 -0.921754 0.000001
vn 0.383001 -0.921754 -0.060661
vn 0.368796 -0.921754 -0.119829
vn 0.435802 -0.888834 -0.141601
vn 0.452588 -0.888834 -0.071682
vn 0.368796 -0.921754 -0.119829
vn 0.345510 -0.921754 -0.176046
vn 0.408286 -0.888834 -0.208032
vn 0.435802 -0.888834 -0.141601
vn 0.345510 -0.921754 -0.176046
vn 0.313716 -0.921754 -0.227928
vn 0.370716 -0.888834 -0.269340
vn 0.408286 -0.888834 -0.208032
vn 0.313716 -0.921754 -0.227928
vn 0.274198 -0.921754 -0.274198
vn 0.324017 -0.888834 -0.324017
vn 0.370716 -0.888834 -0.269340
vn 0.274198 -0.921754 -0.274198
vn 0.227928 -0.921754 -0.313716
vn 0.269341 -0.888834 -0.370716
vn 0.324017 -0.888834 -0.324017
vn 0.227928 -0.921754 -0.313716
vn 0.176046 -0.921754 -0.345510
vn 0.208032 -0.888834 -0.408286
vn 0.269341 -0.888834 -0.370716
vn 0.176046 -0.921754 -0.345510
vn 0.119829 -0.921754 -0.368796
vn 0.141601 -0.888834 -0.435802
vn 0.208032 -0.888834 -0.408286
vn 0.119829 -0.921754 -0.368796
vn 0.060661 -0.921754 -0.383001
vn 0.071683 -0.888834 -0.452588
vn 0.141601 -0.888834 -0.435802
vn 0.060661 -0.921754 -0.383001
vn 0.000000 -0.921754 -0.387775
vn 0.000000 -0.888834 -0.458230
vn 0.071683 -0.888834 -0.452588
vn 0.000000 -0.921754 -0.387775
vn -0.060661 -0.921754 -0.383000
vn -0.071683 -0.888834 -0.452588
vn 0.000000 -0.888834 -0.458230
vn -0.060661 -0.921754 -0.383000
vn -0.119829 -0.921754 -0.368796
vn -0.141601 -0.888834 -0.435802
vn -0.071683 -0.888834 -0.452588
vn -0.119829 -0.921754 -0.368796
vn -0.176046 -0.921754 -0.345510
vn -0.208032 -0.888834 -0.408286
vn -0.141601 -0.888834 -0.435802
vn -0.176046 -0.921754 -0.345510
vn -0.227928 -0.921754 -0.313716
vn -0.269341 -0.888834 -0.370716
vn -0.208032 -0.888834 -0.408286
vn -0.227928 -0.921754 -0.313716
vn -0.274198 -0.921754 -0.274198
vn -0.324017 -0.888834 -0.324017
vn -0.269341 -0.888834 -0.370716
vn -0.274198 -0.921754 -0.274198
vn -0.313716 -0.921754 -0.227928
vn -0.370716 -0.888834 -0.269341
vn -0.324017 -0.888834 -0.324017
vn -0.313716 -0.921754 -0.227928
vn -0.345510 -0.921754 -0.176046
vn -0.408286 -0.888834 -0.208032
vn -0.370716 -0.888834 -0.269341
vn -0.345510 -0.921754 -0.176046
vn -0.368796 -0.921754 -0.119829
vn -0.435802 -0.888834 -0.141601
vn -0.408286 -0.888834 -0.208032
vn -0.368796 -0.921754 -0.119829
vn -0.383001 -0.921754 -0.060661
vn -0.452588 -0.888834 -0.071683
vn -0.435802 -0.888834 -0.141601
vn -0.383001 -0.921754 -0.060661
vn -0.387775 -0.921754 0.000000
vn -0.458230 -0.888834 0.000000
vn -0.452588 -0.888834 -0.071683
vn -0.387775 -0.921754 0.000000
vn -0.383001 -0.921754 0.060661
vn -0.452588 -0.888834 0.071683
vn -0.458230 -0.888834 0.000000
vn -0.383001 -0.921754 0.060661
vn -0.368796 -0.921754 0.119829
vn -0.435802 -0.888834 0.141601
vn -0.452588 -0.888834 0.071683
vn -0.368796 -0.921754 0.119829
vn -0.345510 -0.921754 0.176046
vn -0.408286 -0.888834 0.208032
vn -0.435802 -0.888834 0.141601
vn -0.345510 -0.921754 0.176046
vn -0.313716 -0.921754 0.227928
vn -0.370715 -0.888834 0.269341
vn -0.408286 -0.888834 0.208032
vn -0.313716 -0.921754 0.227928
vn -0.274198 -0.921754 0.274198
vn -0.324017 -0.888834 0.324017
vn -0.370715 -0.888834 0.269341
vn -0.274198 -0.921754 0.274198
vn -0.227928 -0.921754 0.313716
vn -0.269341 -0.888834 0.370716
vn -0.324017 -0.888834 0.324017
vn -0.227928 -0.921754 0.313716
vn -0.176046 -0.921754 0.345510
vn -0.208032 -0.888834 0.408286
vn -0.269341 -0.888834 0.370716
vn -0.176046 -0.921754 0.345510
vn -0.119829 -0.921754 0.368796
vn -0.141601 -0.888834 0.435802
vn -0.208032 -0.888834 0.408286
vn -0.119829 -0.921754 0.368796
vn -0.060661 -0.921754 0.383001
vn -0.071683 -0.888834 0.452588
vn -0.141601 -0.888834 0.435802
vn -0.060661 -0.921754 0.383001
vn 0.000000 -0.921754 0.387775
vn 0.000000 -0.888834 0.458230
vn -0.071683 -0.888834 0.452588
vn 0.000000 -0.921754 0.387775
vn 0.060661 -0.921754 0.383001
vn 0.071683 -0.888834 0.452588
vn 0.000000 -0.888834 0.458230
vn 0.060661 -0.921754 0.383001
vn 0.119829 -0.921754 0.368796
vn 0.141601 -0.888834 0.435802
vn 0.071683 -0.888834 0.452588
vn 0.119829 -0.921754 0.368796
vn 0.176046 -0.921754 0.345510
vn 0.208032 -0.888834 0.408286
vn 0.141601 -0.888834 0.435802
vn 0.176046 -0.921754 0.345510
vn 0.227928 -0.921754 0.313716
vn 0.269341 -0.888834 0.370716
vn 0.208032 -0.888834 0.408286
vn 0.227928 -0.921754 0.313716
vn 0.274198 -0.921754 0.274198
vn 0.324018 -0.888834 0.324017
vn 0.269341 -0.888834 0.370716
vn 0.274198 -0.921754 0.274198
vn 0.313716 -0.921754 0.227928
vn 0.370716 -0.888834 0.269341
vn 0.324018 -0.888834 0.324017
vn 0.313716 -0.921754 0.227928
vn 0.345510 -0.921754 0.176046
vn 0.408286 -0.888834 0.208032
vn 0.370716 -0.888834 0.269341
vn 0.345510 -0.921754 0.176046
vn 0.368796 -0.921754 0.119829
vn 0.435803 -0.888834 0.141601
vn 0.408286 -0.888834 0.208032
vn 0.368796 -0.921754 0.119829
vn 0.383001 -0.921754 0.060661
vn 0.452588 -0.888834 0.071683
vn 0.435803 -0.888834 0.141601
vn 0.383001 -0.921754 0.060661
vn 0.387775 -0.921754 0.000001
vn 0.458230 -0.888834 0.000001
vn 0.452588 -0.888834 0.071683
vn 0.387775 -0.921754 0.000001
vn 0.383001 -0.921754 -0.060661
vn 0.452588 -0.888834 -0.071682
vn 0.458230 -0.888834 0.000001
vn 0.452588 -0.888834 -0.071682
vn 0.435802 -0.888834 -0.141601
vn 0.500313 -0.850447 -0.162561
vn 0.519584 -0.850447 -0.082293
vn 0.435802 -0.888834 -0.141601
vn 0.408286 -0.888834 -0.208032
vn 0.468723 -0.850447 -0.238826
vn 0.500313 -0.850447 -0.162561
vn 0.408286 -0.888834 -0.208032
vn 0.370716 -0.888834 -0.269340
vn 0.425592 -0.850447 -0.309210
vn 0.468723 -0.850447 -0.238826
vn 0.370716 -0.888834 -0.269340
vn 0.324017 -0.888834 -0.324017
vn 0.371981 -0.850447 -0.371981
vn 0.425592 -0.850447 -0.309210
vn 0.324017 -0.888834 -0.324017
vn 0.269341 -0.888834 -0.370716
vn 0.309211 -0.850447 -0.425592
vn 0.371981 -0.850447 -0.371981
vn 0.269341 -0.888834 -0.370716
vn 0.208032 -0.888834 -0.408286
vn 0.238826 -0.850447 -0.468723
vn 0.309211 -0.850447 -0.425592
vn 0.208032 -0.888834 -0.408286
vn 0.141601 -0.888834 -0.435802
vn 0.162562 -0.850447 -0.500313
vn 0.238826 -0.850447 -0.468723
vn 0.141601 -0.888834 -0.435802
vn 0.071683 -0.888834 -0.452588
vn 0.082294 -0.850447 -0.519584
vn 0.162562 -0.850447 -0.500313
vn 0.071683 -0.888834 -0.452588
vn 0.000000 -0.888834 -0.458230
vn 0.000000 -0.850447 -0.526060
vn 0.082294 -0.850447 -0.519584
vn 0.000000 -0.888834 -0.458230
vn -0.071683 -0.888834 -0.452588
vn -0.082294 -0.850447 -0.519584
vn 0.000000 -0.850447 -0.526060
vn -0.071683 -0.888834 -0.452588
vn -0.141601 -0.888834 -0.435802
vn -0.162562 -0.850447 -0.500313
vn -0.082294 -0.850447 -0.519584
vn -0.141601 -0.888834 -0.435802
vn -0.208032 -0.888834 -0.408286
vn -0.238826 -0.850447 -0.468723
vn -0.162562 -0.850447 -0.500313
vn -0.208032 -0.888834 -0.408286
vn -0.269341 -0.888834 -0.370716
vn -0.309210 -0.850447 -0.425592
vn -0.238826 -0.850447 -0.468723
vn -0.269341 -0.888834 -0.370716
vn -0.324017 -0.888834 -0.324017
vn -0.371981 -0.850447 -0.371981
vn -0.309210 -0.850447 -0.425592
vn -0.324017 -0.888834 -0.324017
vn -0.370716 -0.888834 -0.269341
vn -0.425592 -0.850447 -0.309211
vn -0.371981 -0.850447 -0.371981
vn -0.370716 -0.888834 -0.269341
vn -0.408286 -0.888834 -0.208032
vn -0.468723 -0.850447 -0.238826
vn -0.425592 -0.850447 -0.309211
vn -0.408286 -0.888834 -0.208032
vn -0.435802 -0.888834 -0.141601
vn -0.500313 -0.850447 -0.162562
vn -0.468723 -0.850447 -0.238826
vn -0.435802 -0.888834 -0.141601
vn -0.452588 -0.888834 -0.071683
vn -0.519584 -0.850447 -0.082294
vn -0.500313 -0.850447 -0.162562
vn -0.452588 -0.888834 -0.071683
vn -0.458230 -0.888834 0.000000
vn -0.526060 -0.850447 0.000000
vn -0.519584 -0.850447 -0.082294
vn -0.458230 -0.888834 0.000000
vn -0.452588 -0.888834 0.071683
vn -0.519584 -0.850447 0.082294
vn -0.526060 -0.850447 0.000000
vn -0.452588 -0.888834 0.071683
vn -0.435802 -0.888834 0.141601
vn -0.500313 -0.850447 0.162562
vn -0.519584 -0.850447 0.082294
vn -0.435802 -0.888834 0.141601
vn -0.408286 -0.888834 0.208032
vn -0.468723 -0.850447 0.238826
vn -0.500313 -0.850447 0.162562
vn -0.408286 -0.888834 0.208032
vn -0.370715 -0.888834 0.269341
vn -0.425592 -0.850447 0.309211
vn -0.468723 -0.850447 0.238826
vn -0.370715 -0.888834 0.269341
vn -0.324017 -0.888834 0.324017
vn -0.371981 -0.850447 0.371981
vn -0.425592 -0.850447 0.309211
vn -0.324017 -0.888834 0.324017
vn -0.269341 -0.888834 0.370716
vn -0.309211 -0.850447 0.425592
vn -0.371981 -0.850447 0.371981
vn -0.269341 -0.888834 0.370716
vn -0.208032 -0.888834 0.408286
vn -0.238827 -0.850447 0.468723
vn -0.309211 -0.850447 0.425592
vn -0.208032 -0.888834 0.408286
vn -0.141601 -0.888834 0.435802
vn -0.162562 -0.850447 0.500313
vn -0.238827 -0.850447 0.468723
vn -0.141601 -0.888834 0.435802
vn -0.071683 -0.888834 0.452588
vn -0.082294 -0.850447 0.519584
vn -0.162562 -0.850447 0.500313
vn -0.071683 -0.888834 0.452588
vn 0.000000 -0.888834 0.458230
vn 0.000000 -0.850447 0.526060
vn -0.082294 -0.850447 0.519584
vn 0.000000 -0.888834 0.458230
vn 0.071683 -0.888834 0.452588
vn 0.082294 -0.850447 0.519584
vn 0.000000 -0.850447 0.526060
vn 0.071683 -0.888834 0.452588
vn 0.141601 -0.888834 0.435802
vn 0.162562 -0.850447 0.500313
vn 0.082294 -0.850447 0.519584
vn 0.141601 -0.888834 0.435802
vn 0.208032 -0.888834 0.408286
vn 0.238826 -0.850447 0.468723
vn 0.162562 -0.850447 0.500313
vn 0.208032 -0.888834 0.408286
vn 0.269341 -0.888834 0.370716
vn 0.309211 -0.850447 0.425592
vn 0.238826 -0.850447 0.468723
vn 0.269341 -0.888834 0.370716
vn 0.324018 -0.888834 0.324017
vn 0.371981 -0.850447 0.371981
vn 0.309211 -0.850447 0.425592
vn 0.324018 -0.888834 0.324017
vn 0.370716 -0.888834 0.269341
vn 0.425592 -0.850447 0.309210
vn 0.371981 -0.850447 0.371981
vn 0.370716 -0.888834 0.269341
vn 0.408286 -0.888834 0.208032
vn 0.468723 -0.850447 0.238826
vn 0.425592 -0.850447 0.309210
vn 0.408286 -0.888834 0.208032
vn 0.435803 -0.888834 0.141601
vn 0.500313 -0.850447 0.162562
vn 0.468723 -0.850447 0.238826
vn 0.435803 -0.888834 0.141601
vn 0.452588 -0.888834 0.071683
vn 0.519584 -0.850447 0.082294
vn 0.500313 -0.850447 0.162562
vn 0.452588 -0.888834 0.071683
vn 0.458230 -0.888834 0.000001
vn 0.526060 -0.850447 0.000001
vn 0.519584 -0.850447 0.082294
vn 0.458230 -0.888834 0.000001
vn 0.452588 -0.888834 -0.071682
vn 0.519584 -0.850447 -0.082293
vn 0.526060 -0.850447 0.000001
vn 0.519584 -0.850447 -0.082293
vn 0.500313 -0.850447 -0.162561
vn 0.561864 -0.806833 -0.182561
vn 0.583506 -0.806833 -0.092417
vn 0.500313 -0.850447 -0.162561
vn 0.468723 -0.850447 -0.238826
vn 0.526388 -0.806833 -0.268208
vn 0.561864 -0.806833 -0.182561
vn 0.468723 -0.850447 -0.238826
vn 0.425592 -0.850447 -0.309210
vn 0.477950 -0.806834 -0.347251
vn 0.526388 -0.806833 -0.268208
vn 0.425592 -0.850447 -0.309210
vn 0.371981 -0.850447 -0.371981
vn 0.417744 -0.806833 -0.417744
vn 0.477950 -0.806834 -0.347251
vn 0.371981 -0.850447 -0.371981
vn 0.309211 -0.850447 -0.425592
vn 0.347251 -0.806834 -0.477950
vn 0.417744 -0.806833 -0.417744
vn 0.309211 -0.850447 -0.425592
vn 0.238826 -0.850447 -0.468723
vn 0.268208 -0.806834 -0.526388
vn 0.347251 -0.806834 -0.477950
vn 0.238826 -0.850447 -0.468723
vn 0.162562 -0.850447 -0.500313
vn 0.182561 -0.806834 -0.561864
vn 0.268208 -0.806834 -0.526388
vn 0.162562 -0.850447 -0.500313
vn 0.082294 -0.850447 -0.519584
vn 0.092418 -0.806834 -0.583505
vn 0.182561 -0.806834 -0.561864
vn 0.082294 -0.850447 -0.519584
vn 0.000000 -0.850447 -0.526060
vn 0.000000 -0.806834 -0.590779
vn 0.092418 -0.806834 -0.583505
vn 0.000000 -0.850447 -0.526060
vn -0.082294 -0.850447 -0.519584
vn -0.092418 -0.806834 -0.583505
vn 0.000000 -0.806834 -0.590779
vn -0.082294 -0.850447 -0.519584
vn -0.162562 -0.850447 -0.500313
vn -0.182561 -0.806834 -0.561864
vn -0.092418 -0.806834 -0.583505
vn -0.162562 -0.850447 -0.500313
vn -0.238826 -0.850447 -0.468723
vn -0.268208 -0.806833 -0.526388
vn -0.182561 -0.806834 -0.561864
vn -0.238826 -0.850447 -0.468723
vn -0.309210 -0.850447 -0.425592
vn -0.347251 -0.806834 -0.477950
vn -0.268208 -0.806833 -0.526388
vn -0.309210 -0.850447 -0.425592
vn -0.371981 -0.850447 -0.371981
vn -0.417744 -0.806834 -0.417744
vn -0.347251 -0.806834 -0.477950
vn -0.371981 -0.850447 -0.371981
vn -0.425592 -0.850447 -0.309211
vn -0.477950 -0.806834 -0.347251
vn -0.417744 -0.806834 -0.417744
vn -0.425592 -0.850447 -0.309211
vn -0.468723 -0.850447 -0.238826
vn -0.526388 -0.806833 -0.268208
vn -0.477950 -0.806834 -0.347251
vn -0.468723 -0.850447 -0.238826
vn -0.500313 -0.850447 -0.162562
vn -0.561864 -0.806833 -0.182561
vn -0.526388 -0.806833 -0.268208
vn -0.500313 -0.850447 -0.162562
vn -0.519584 -0.850447 -0.082294
vn -0.583506 -0.806833 -0.092418
vn -0.561864 -0.806833 -0.182561
vn -0.519584 -0.850447 -0.082294
vn -0.526060 -0.850447 0.000000
vn -0.590779 -0.806833 0.000000
vn -0.583506 -0.806833 -0.092418
vn -0.526060 -0.850447 0.000000
vn -0.519584 -0.850447 0.082294
vn -0.583506 -0.806833 0.092418
vn -0.590779 -0.806833 0.000000
vn -0.519584 -0.850447 0.082294
vn -0.500313 -0.850447 0.162562
vn -0.561864 -0.806834 0.182561
vn -0.583506 -0.806833 0.092418
vn -0.500313 -0.850447 0.162562
vn -0.468723 -0.850447 0.238826
vn -0.526388 -0.806833 0.268208
vn -0.561864 -0.806834 0.182561
vn -0.468723 -0.850447 0.238826
vn -0.425592 -0.850447 0.309211
vn -0.477950 -0.806834 0.347251
vn -0.526388 -0.806833 0.268208
vn -0.425592 -0.850447 0.309211
vn -0.371981 -0.850447 0.371981
vn -0.417744 -0.806833 0.417744
vn -0.477950 -0.806834 0.347251
vn -0.371981 -0.850447 0.371981
vn -0.309211 -0.850447 0.425592
vn -0.347251 -0.806834 0.477950
vn -0.417744 -0.806833 0.417744
vn -0.309211 -0.850447 0.425592
vn -0.238827 -0.850447 0.468723
vn -0.268208 -0.806833 0.526388
vn -0.347251 -0.806834 0.477950
vn -0.238827 -0.850447 0.468723
vn -0.162562 -0.850447 0.500313
vn -0.182561 -0.806834 0.561864
vn -0.268208 -0.806833 0.526388
vn -0.162562 -0.850447 0.500313
vn -0.082294 -0.850447 0.519584
vn -0.092418 -0.806833 0.583506
vn -0.182561 -0.806834 0.561864
vn -0.082294 -0.850447 0.519584
vn 0.000000 -0.850447 0.526060
vn 0.000000 -0.806834 0.590779
vn -0.092418 -0.806833 0.583506
vn 0.000000 -0.850447 0.526060
vn 0.082294 -0.850447 0.519584
vn 0.092418 -0.806833 0.583506
vn 0.000000 -0.806834 0.590779
vn 0.082294 -0.850447 0.519584
vn 0.162562 -0.850447 0.500313
vn 0.182561 -0.806833 0.561864
vn 0.092418 -0.806833 0.583506
vn 0.162562 -0.850447 0.500313
vn 0.238826 -0.850447 0.468723
vn 0.268208 -0.806834 0.526388
vn 0.182561 -0.806833 0.561864
vn 0.238826 -0.850447 0.468723
vn 0.309211 -0.850447 0.425592
vn 0.347251 -0.806834 0.477950
vn 0.268208 -0.806834 0.526388
vn 0.309211 -0.850447 0.425592
vn 0.371981 -0.850447 0.371981
vn 0.417744 -0.806833 0.417744
vn 0.347251 -0.806834 0.477950
vn 0.371981 -0.850447 0.371981
vn 0.425592 -0.850447 0.309210
vn 0.477950 -0.806834 0.347251
vn 0.417744 -0.806833 0.417744
vn 0.425592 -0.850447 0.309210
vn 0.468723 -0.850447 0.238826
vn 0.526388 -0.806833 0.268208
vn 0.477950 -0.806834 0.347251
vn 0.468723 -0.850447 0.238826
vn 0.500313 -0.850447 0.162562
vn 0.561864 -0.806833 0.182561
vn 0.526388 -0.806833 0.268208
vn 0.500313 -0.850447 0.162562
vn 0.519584 -0.850447 0.082294
vn 0.583506 -0.806833 0.092418
vn 0.561864 -0.806833 0.182561
vn 0.519584 -0.850447 0.082294
vn 0.526060 -0.850447 0.000001
vn 0.590779 -0.806833 0.000001
vn 0.583506 -0.806833 0.092418
vn 0.526060 -0.850447 0.000001
vn 0.519584 -0.850447 -0.082293
vn 0.583506 -0.806833 -0.092417
vn 0.590779 -0.806833 0.000001
vn 0.583506 -0.806833 -0.092417
vn 0.561864 -0.806833 -0.182561
vn 0.620042 -0.758262 -0.201464
vn 0.643924 -0.758262 -0.101986
vn 0.561864 -0.806833 -0.182561
vn 0.526388 -0.806833 -0.268208
vn 0.580892 -0.758262 -0.295979
vn 0.620042 -0.758262 -0.201464
vn 0.526388 -0.806833 -0.268208
vn 0.477950 -0.806834 -0.347251
vn 0.527439 -0.758262 -0.383207
vn 0.580892 -0.758262 -0.295979
vn 0.477950 -0.806834 -0.347251
vn 0.417744 -0.806833 -0.417744
vn 0.460999 -0.758261 -0.460999
vn 0.527439 -0.758262 -0.383207
vn 0.417744 -0.806833 -0.417744
vn 0.347251 -0.806834 -0.477950
vn 0.383207 -0.758262 -0.527439
vn 0.460999 -0.758261 -0.460999
vn 0.347251 -0.806834 -0.477950
vn 0.268208 -0.806834 -0.526388
vn 0.295979 -0.758262 -0.580892
vn 0.383207 -0.758262 -0.527439
vn 0.268208 -0.806834 -0.526388
vn 0.182561 -0.806834 -0.561864
vn 0.201464 -0.758262 -0.620042
vn 0.295979 -0.758262 -0.580892
vn 0.182561 -0.806834 -0.561864
vn 0.092418 -0.806834 -0.583505
vn 0.101988 -0.758262 -0.643924
vn 0.201464 -0.758262 -0.620042
vn 0.092418 -0.806834 -0.583505
vn 0.000000 -0.806834 -0.590779
vn 0.000000 -0.758262 -0.651950
vn 0.101988 -0.758262 -0.643924
vn 0.000000 -0.806834 -0.590779
vn -0.092418 -0.806834 -0.583505
vn -0.101988 -0.758262 -0.643924
vn 0.000000 -0.758262 -0.651950
vn -0.092418 -0.806834 -0.583505
vn -0.182561 -0.806834 -0.561864
vn -0.201464 -0.758262 -0.620042
vn -0.101988 -0.758262 -0.643924
vn -0.182561 -0.806834 -0.561864
vn -0.268208 -0.806833 -0.526388
vn -0.295979 -0.758262 -0.580892
vn -0.201464 -0.758262 -0.620042
vn -0.268208 -0.806833 -0.526388
vn -0.347251 -0.806834 -0.477950
vn -0.383207 -0.758262 -0.527439
vn -0.295979 -0.758262 -0.580892
vn -0.347251 -0.806834 -0.477950
vn -0.417744 -0.806834 -0.417744
vn -0.460999 -0.758261 -0.460999
vn -0.383207 -0.758262 -0.527439
vn -0.417744 -0.806834 -0.417744
vn -0.477950 -0.806834 -0.347251
vn -0.527439 -0.758262 -0.383207
vn -0.460999 -0.758261 -0.460999
vn -0.477950 -0.806834 -0.347251
vn -0.526388 -0.806833 -0.268208
vn -0.580892 -0.758262 -0.295979
vn -0.527439 -0.758262 -0.383207
vn -0.526388 -0.806833 -0.268208
vn -0.561864 -0.806833 -0.182561
vn -0.620042 -0.758262 -0.201464
vn -0.580892 -0.758262 -0.295979
vn -0.561864 -0.806833 -0.182561
vn -0.583506 -0.806833 -0.092418
vn -0.643924 -0.758262 -0.101987
vn -0.620042 -0.758262 -0.201464
vn -0.583506 -0.806833 -0.092418
vn -0.590779 -0.806833 0.000000
vn -0.651951 -0.758261 0.000000
vn -0.643924 -0.758262 -0.101987
vn -0.590779 -0.806833 0.000000
vn -0.583506 -0.806833 0.092418
vn -0.643924 -0.758262 0.101987
vn -0.651951 -0.758261 0.000000
vn -0.583506 -0.806833 0.092418
vn -0.561864 -0.806834 0.182561
vn -0.620042 -0.758262 0.201464
vn -0.643924 -0.758262 0.101987
vn -0.561864 -0.806834 0.182561
vn -0.526388 -0.806833 0.268208
vn -0.580892 -0.758262 0.295979
vn -0.620042 -0.758262 0.201464
vn -0.526388 -0.806833 0.268208
vn -0.477950 -0.806834 0.347251
vn -0.527439 -0.758261 0.383207
vn -0.580892 -0.758262 0.295979
vn -0.477950 -0.806834 0.347251
vn -0.417744 -0.806833 0.417744
vn -0.460999 -0.758261 0.460999
vn -0.527439 -0.758261 0.383207
vn -0.417744 -0.806833 0.417744
vn -0.347251 -0.806834 0.477950
vn -0.383207 -0.758262 0.527439
vn -0.460999 -0.758261 0.460999
vn -0.347251 -0.806834 0.477950
vn -0.268208 -0.806833 0.526388
vn -0.295979 -0.758262 0.580892
vn -0.383207 -0.758262 0.527439
vn -0.268208 -0.806833 0.526388
vn -0.182561 -0.806834 0.561864
vn -0.201464 -0.758262 0.620042
vn -0.295979 -0.758262 0.580892
vn -0.182561 -0.806834 0.561864
vn -0.092418 -0.806833 0.583506
vn -0.101987 -0.758262 0.643924
vn -0.201464 -0.758262 0.620042
vn -0.092418 -0.806833 0.583506
vn 0.000000 -0.806834 0.590779
vn 0.000000 -0.758261 0.651951
vn -0.101987 -0.758262 0.643924
vn 0.000000 -0.806834 0.590779
vn 0.092418 -0.806833 0.583506
vn 0.101987 -0.758262 0.643924
vn 0.000000 -0.758261 0.651951
vn 0.092418 -0.806833 0.583506
vn 0.182561 -0.806833 0.561864
vn 0.201464 -0.758262 0.620042
vn 0.101987 -0.758262 0.643924
vn 0.182561 -0.806833 0.561864
vn 0.268208 -0.806834 0.526388
vn 0.295979 -0.758262 0.580892
vn 0.201464 -0.758262 0.620042
vn 0.268208 -0.806834 0.526388
vn 0.347251 -0.806834 0.477950
vn 0.383207 -0.758262 0.527439
vn 0.295979 -0.758262 0.580892
vn 0.347251 -0.806834 0.477950
vn 0.417744 -0.806833 0.417744
vn 0.460999 -0.758261 0.460999
vn 0.383207 -0.758262 0.527439
vn 0.417744 -0.806833 0.417744
vn 0.477950 -0.806834 0.347251
vn 0.527439 -0.758261 0.383207
vn 0.460999 -0.758261 0.460999
vn 0.477950 -0.806834 0.347251
vn 0.526388 -0.806833 0.268208
vn 0.580893 -0.758261 0.295979
vn 0.527439 -0.758261 0.383207
vn 0.526388 -0.806833 0.268208
vn 0.561864 -0.806833 0.182561
vn 0.620042 -0.758261 0.201464
vn 0.580893 -0.758261 0.295979
vn 0.561864 -0.806833 0.182561
vn 0.583506 -0.806833 0.092418
vn 0.643924 -0.758261 0.101988
vn 0.620042 -0.758261 0.201464
vn 0.583506 -0.806833 0.092418
vn 0.590779 -0.806833 0.000001
vn 0.651951 -0.758261 0.000001
vn 0.643924 -0.758261 0.101988
vn 0.590779 -0.806833 0.000001
vn 0.583506 -0.806833 -0.092417
vn 0.643924 -0.758262 -0.101986
vn 0.651951 -0.758261 0.000001
vn 0.643924 -0.758262 -0.101986
vn 0.620042 -0.758262 -0.201464
vn 0.674465 -0.705033 -0.219147
vn 0.700444 -0.705033 -0.110938
vn 0.620042 -0.758262 -0.201464
vn 0.580892 -0.758262 -0.295979
vn 0.631880 -0.705033 -0.321958
vn 0.674465 -0.705033 -0.219147
vn 0.580892 -0.758262 -0.295979
vn 0.527439 -0.758262 -0.383207
vn 0.573735 -0.705033 -0.416842
vn 0.631880 -0.705033 -0.321958
vn 0.527439 -0.758262 -0.383207
vn 0.460999 -0.758261 -0.460999
vn 0.501462 -0.705033 -0.501462
vn 0.573735 -0.705033 -0.416842
vn 0.460999 -0.758261 -0.460999
vn 0.383207 -0.758262 -0.527439
vn 0.416843 -0.705033 -0.573734
vn 0.501462 -0.705033 -0.501462
vn 0.383207 -0.758262 -0.527439
vn 0.295979 -0.758262 -0.580892
vn 0.321959 -0.705033 -0.631879
vn 0.416843 -0.705033 -0.573734
vn 0.295979 -0.758262 -0.580892
vn 0.201464 -0.758262 -0.620042
vn 0.219147 -0.705033 -0.674465
vn 0.321959 -0.705033 -0.631879
vn 0.201464 -0.758262 -0.620042
vn 0.101988 -0.758262 -0.643924
vn 0.110940 -0.705033 -0.700444
vn 0.219147 -0.705033 -0.674465
vn 0.101988 -0.758262 -0.643924
vn 0.000000 -0.758262 -0.651950
vn 0.000000 -0.705033 -0.709175
vn 0.110940 -0.705033 -0.700444
vn 0.000000 -0.758262 -0.651950
vn -0.101988 -0.758262 -0.643924
vn -0.110940 -0.705033 -0.700444
vn 0.000000 -0.705033 -0.709175
vn -0.101988 -0.758262 -0.643924
vn -0.201464 -0.758262 -0.620042
vn -0.219147 -0.705033 -0.674466
vn -0.110940 -0.705033 -0.700444
vn -0.201464 -0.758262 -0.620042
vn -0.295979 -0.758262 -0.580892
vn -0.321958 -0.705033 -0.631880
vn -0.219147 -0.705033 -0.674466
vn -0.295979 -0.758262 -0.580892
vn -0.383207 -0.758262 -0.527439
vn -0.416842 -0.705033 -0.573735
vn -0.321958 -0.705033 -0.631880
vn -0.383207 -0.758262 -0.527439
vn -0.460999 -0.758261 -0.460999
vn -0.501462 -0.705033 -0.501462
vn -0.416842 -0.705033 -0.573735
vn -0.460999 -0.758261 -0.460999
vn -0.527439 -0.758262 -0.383207
vn -0.573734 -0.705033 -0.416842
vn -0.501462 -0.705033 -0.501462
vn -0.527439 -0.758262 -0.383207
vn -0.580892 -0.758262 -0.295979
vn -0.631879 -0.705033 -0.321959
vn -0.573734 -0.705033 -0.416842
vn -0.580892 -0.758262 -0.295979
vn -0.620042 -0.758262 -0.201464
vn -0.674465 -0.705033 -0.219147
vn -0.631879 -0.705033 -0.321959
vn -0.620042 -0.758262 -0.201464
vn -0.643924 -0.758262 -0.101987
vn -0.700444 -0.705033 -0.110939
vn -0.674465 -0.705033 -0.219147
vn -0.643924 -0.758262 -0.101987
vn -0.651951 -0.758261 0.000000
vn -0.709175 -0.705033 0.000000
vn -0.700444 -0.705033 -0.110939
vn -0.651951 -0.758261 0.000000
vn -0.643924 -0.758262 0.101987
vn -0.700444 -0.705033 0.110939
vn -0.709175 -0.705033 0.000000
vn -0.643924 -0.758262 0.101987
vn -0.620042 -0.758262 0.201464
vn -0.674465 -0.705033 0.219147
vn -0.700444 -0.705033 0.110939
vn -0.620042 -0.758262 0.201464
vn -0.580892 -0.758262 0.295979
vn -0.631879 -0.705033 0.321959
vn -0.674465 -0.705033 0.219147
vn -0.580892 -0.758262 0.295979
vn -0.527439 -0.758261 0.383207
vn -0.573735 -0.705033 0.416843
vn -0.631879 -0.705033 0.321959
vn -0.527439 -0.758261 0.383207
vn -0.460999 -0.758261 0.460999
vn -0.501462 -0.705033 0.501462
vn -0.573735 -0.705033 0.416843
vn -0.460999 -0.758261 0.460999
vn -0.383207 -0.758262 0.527439
vn -0.416843 -0.705033 0.573734
vn -0.501462 -0.705033 0.501462
vn -0.383207 -0.758262 0.527439
vn -0.295979 -0.758262 0.580892
vn -0.321959 -0.705033 0.631880
vn -0.416843 -0.705033 0.573734
vn -0.295979 -0.758262 0.580892
vn -0.201464 -0.758262 0.620042
vn -0.219147 -0.705032 0.674466
vn -0.321959 -0.705033 0.631880
vn -0.201464 -0.758262 0.620042
vn -0.101987 -0.758262 0.643924
vn -0.110939 -0.705033 0.700444
vn -0.219147 -0.705032 0.674466
vn -0.101987 -0.758262 0.643924
vn 0.000000 -0.758261 0.651951
vn 0.000000 -0.705033 0.709175
vn -0.110939 -0.705033 0.700444
vn 0.000000 -0.758261 0.651951
vn 0.101987 -0.758262 0.643924
vn 0.110939 -0.705033 0.700444
vn 0.000000 -0.705033 0.709175
vn 0.101987 -0.758262 0.643924
vn 0.201464 -0.758262 0.620042
vn 0.219147 -0.705032 0.674466
vn 0.110939 -0.705033 0.700444
vn 0.201464 -0.758262 0.620042
vn 0.295979 -0.758262 0.580892
vn 0.321959 -0.705033 0.631880
vn 0.219147 -0.705032 0.674466
vn 0.295979 -0.758262 0.580892
vn 0.383207 -0.758262 0.527439
vn 0.416843 -0.705033 0.573734
vn 0.321959 -0.705033 0.631880
vn 0.383207 -0.758262 0.527439
vn 0.460999 -0.758261 0.460999
vn 0.501463 -0.705033 0.501462
vn 0.416843 -0.705033 0.573734
vn 0.460999 -0.758261 0.460999
vn 0.527439 -0.758261 0.383207
vn 0.573735 -0.705033 0.416843
vn 0.501463 -0.705033 0.501462
vn 0.527439 -0.758261 0.383207
vn 0.580893 -0.758261 0.295979
vn 0.631880 -0.705032 0.321958
vn 0.573735 -0.705033 0.416843
vn 0.580893 -0.758261 0.295979
vn 0.620042 -0.758261 0.201464
vn 0.674466 -0.705032 0.219147
vn 0.631880 -0.705032 0.321958
vn 0.620042 -0.758261 0.201464
vn 0.643924 -0.758261 0.101988
vn 0.700444 -0.705032 0.110939
vn 0.674466 -0.705032 0.219147
vn 0.643924 -0.758261 0.101988
vn 0.651951 -0.758261 0.000001
vn 0.709175 -0.705033 0.000001
vn 0.700444 -0.705032 0.110939
vn 0.651951 -0.758261 0.000001
vn 0.643924 -0.758262 -0.101986
vn 0.700444 -0.705033 -0.110938
vn 0.709175 -0.705033 0.000001
vn 0.700444 -0.705033 -0.110938
vn 0.674465 -0.705033 -0.219147
vn 0.724787 -0.647475 -0.235498
vn 0.752704 -0.647476 -0.119215
vn 0.674465 -0.705033 -0.219147
vn 0.631880 -0.705033 -0.321958
vn 0.679024 -0.647476 -0.345980
vn 0.724787 -0.647475 -0.235498
vn 0.631880 -0.705033 -0.321958
vn 0.573735 -0.705033 -0.416842
vn 0.616541 -0.647476 -0.447943
vn 0.679024 -0.647476 -0.345980
vn 0.573735 -0.705033 -0.416842
vn 0.501462 -0.705033 -0.501462
vn 0.538877 -0.647475 -0.538876
vn 0.616541 -0.647476 -0.447943
vn 0.501462 -0.705033 -0.501462
vn 0.416843 -0.705033 -0.573734
vn 0.447943 -0.647475 -0.616541
vn 0.538877 -0.647475 -0.538876
vn 0.416843 -0.705033 -0.573734
vn 0.321959 -0.705033 -0.631879
vn 0.345980 -0.647476 -0.679024
vn 0.447943 -0.647475 -0.616541
vn 0.321959 -0.705033 -0.631879
vn 0.219147 -0.705033 -0.674465
vn 0.235498 -0.647476 -0.724787
vn 0.345980 -0.647476 -0.679024
vn 0.219147 -0.705033 -0.674465
vn 0.110940 -0.705033 -0.700444
vn 0.119217 -0.647475 -0.752704
vn 0.235498 -0.647476 -0.724787
vn 0.110940 -0.705033 -0.700444
vn 0.000000 -0.705033 -0.709175
vn 0.000000 -0.647475 -0.762086
vn 0.119217 -0.647475 -0.752704
vn 0.000000 -0.705033 -0.709175
vn -0.110940 -0.705033 -0.700444
vn -0.119217 -0.647475 -0.752704
vn 0.000000 -0.647475 -0.762086
vn -0.110940 -0.705033 -0.700444
vn -0.219147 -0.705033 -0.674466
vn -0.235497 -0.647476 -0.724787
vn -0.119217 -0.647475 -0.752704
vn -0.219147 -0.705033 -0.674466
vn -0.321958 -0.705033 -0.631880
vn -0.345980 -0.647475 -0.679024
vn -0.235497 -0.647476 -0.724787
vn -0.321958 -0.705033 -0.631880
vn -0.416842 -0.705033 -0.573735
vn -0.447943 -0.647475 -0.616541
vn -0.345980 -0.647475 -0.679024
vn -0.416842 -0.705033 -0.573735
vn -0.501462 -0.705033 -0.501462
vn -0.538876 -0.647475 -0.538876
vn -0.447943 -0.647475 -0.616541
vn -0.501462 -0.705033 -0.501462
vn -0.573734 -0.705033 -0.416842
vn -0.616541 -0.647475 -0.447943
vn -0.538876 -0.647475 -0.538876
vn -0.573734 -0.705033 -0.416842
vn -0.631879 -0.705033 -0.321959
vn -0.679024 -0.647476 -0.345980
vn -0.616541 -0.647475 -0.447943
vn -0.631879 -0.705033 -0.321959
vn -0.674465 -0.705033 -0.219147
vn -0.724787 -0.647476 -0.235498
vn -0.679024 -0.647476 -0.345980
vn -0.674465 -0.705033 -0.219147
vn -0.700444 -0.705033 -0.110939
vn -0.752704 -0.647476 -0.119216
vn -0.724787 -0.647476 -0.235498
vn -0.700444 -0.705033 -0.110939
vn -0.709175 -0.705033 0.000000
vn -0.762086 -0.647475 0.000000
vn -0.752704 -0.647476 -0.119216
vn -0.709175 -0.705033 0.000000
vn -0.700444 -0.705033 0.110939
vn -0.752704 -0.647475 0.119216
vn -0.762086 -0.647475 0.000000
vn -0.700444 -0.705033 0.110939
vn -0.674465 -0.705033 0.219147
vn -0.724787 -0.647476 0.235498
vn -0.752704 -0.647475 0.119216
vn -0.674465 -0.705033 0.219147
vn -0.631879 -0.705033 0.321959
vn -0.679024 -0.647475 0.345980
vn -0.724787 -0.647476 0.235498
vn -0.631879 -0.705033 0.321959
vn -0.573735 -0.705033 0.416843
vn -0.616541 -0.647475 0.447943
vn -0.679024 -0.647475 0.345980
vn -0.573735 -0.705033 0.416843
vn -0.501462 -0.705033 0.501462
vn -0.538876 -0.647475 0.538877
vn -0.616541 -0.647475 0.447943
vn -0.501462 -0.705033 0.501462
vn -0.416843 -0.705033 0.573734
vn -0.447943 -0.647475 0.616541
vn -0.538876 -0.647475 0.538877
vn -0.416843 -0.705033 0.573734
vn -0.321959 -0.705033 0.631880
vn -0.345980 -0.647475 0.679024
vn -0.447943 -0.647475 0.616541
vn -0.321959 -0.705033 0.631880
vn -0.219147 -0.705032 0.674466
vn -0.235498 -0.647475 0.724787
vn -0.345980 -0.647475 0.679024
vn -0.219147 -0.705032 0.674466
vn -0.110939 -0.705033 0.700444
vn -0.119216 -0.647475 0.752704
vn -0.235498 -0.647475 0.724787
vn -0.110939 -0.705033 0.700444
vn 0.000000 -0.705033 0.709175
vn 0.000000 -0.647475 0.762087
vn -0.119216 -0.647475 0.752704
vn 0.000000 -0.705033 0.709175
vn 0.110939 -0.705033 0.700444
vn 0.119216 -0.647475 0.752704
vn 0.000000 -0.647475 0.762087
vn 0.110939 -0.705033 0.700444
vn 0.219147 -0.705032 0.674466
vn 0.235498 -0.647475 0.724787
vn 0.119216 -0.647475 0.752704
vn 0.219147 -0.705032 0.674466
vn 0.321959 -0.705033 0.631880
vn 0.345980 -0.647475 0.679024
vn 0.235498 -0.647475 0.724787
vn 0.321959 -0.705033 0.631880
vn 0.416843 -0.705033 0.573734
vn 0.447943 -0.647475 0.616541
vn 0.345980 -0.647475 0.679024
vn 0.416843 -0.705033 0.573734
vn 0.501463 -0.705033 0.501462
vn 0.538877 -0.647475 0.538876
vn 0.447943 -0.647475 0.616541
vn 0.501463 -0.705033 0.501462
vn 0.573735 -0.705033 0.416843
vn 0.616541 -0.647475 0.447943
vn 0.538877 -0.647475 0.538876
vn 0.573735 -0.705033 0.416843
vn 0.631880 -0.705032 0.321958
vn 0.679024 -0.647475 0.345980
vn 0.616541 -0.647475 0.447943
vn 0.631880 -0.705032 0.321958
vn 0.674466 -0.705032 0.219147
vn 0.724787 -0.647475 0.235498
vn 0.679024 -0.647475 0.345980
vn 0.674466 -0.705032 0.219147
vn 0.700444 -0.705032 0.110939
vn 0.752704 -0.647475 0.119216
vn 0.724787 -0.647475 0.235498
vn 0.700444 -0.705032 0.110939
vn 0.709175 -0.705033 0.000001
vn 0.762086 -0.647475 0.000002
vn 0.752704 -0.647475 0.119216
vn 0.709175 -0.705033 0.000001
vn 0.700444 -0.705033 -0.110938
vn 0.752704 -0.647476 -0.119215
vn 0.762086 -0.647475 0.000002
vn 0.752704 -0.647476 -0.119215
vn 0.724787 -0.647475 -0.235498
vn 0.770690 -0.585944 -0.250412
vn 0.800375 -0.585944 -0.126765
vn 0.724787 -0.647475 -0.235498
vn 0.679024 -0.647476 -0.345980
vn 0.722029 -0.585944 -0.367892
vn 0.770690 -0.585944 -0.250412
vn 0.679024 -0.647476 -0.345980
vn 0.616541 -0.647476 -0.447943
vn 0.655589 -0.585944 -0.476313
vn 0.722029 -0.585944 -0.367892
vn 0.616541 -0.647476 -0.447943
vn 0.538877 -0.647475 -0.538876
vn 0.573005 -0.585944 -0.573005
vn 0.655589 -0.585944 -0.476313
vn 0.538877 -0.647475 -0.538876
vn 0.447943 -0.647475 -0.616541
vn 0.476313 -0.585944 -0.655588
vn 0.573005 -0.585944 -0.573005
vn 0.447943 -0.647475 -0.616541
vn 0.345980 -0.647476 -0.679024
vn 0.367892 -0.585944 -0.722029
vn 0.476313 -0.585944 -0.655588
vn 0.345980 -0.647476 -0.679024
vn 0.235498 -0.647476 -0.724787
vn 0.250413 -0.585944 -0.770690
vn 0.367892 -0.585944 -0.722029
vn 0.235498 -0.647476 -0.724787
vn 0.119217 -0.647475 -0.752704
vn 0.126767 -0.585944 -0.800375
vn 0.250413 -0.585944 -0.770690
vn 0.119217 -0.647475 -0.752704
vn 0.000000 -0.647475 -0.762086
vn 0.000000 -0.585944 -0.810352
vn 0.126767 -0.585944 -0.800375
vn 0.000000 -0.647475 -0.762086
vn -0.119217 -0.647475 -0.752704
vn -0.126767 -0.585944 -0.800375
vn 0.000000 -0.585944 -0.810352
vn -0.119217 -0.647475 -0.752704
vn -0.235497 -0.647476 -0.724787
vn -0.250412 -0.585944 -0.770690
vn -0.126767 -0.585944 -0.800375
vn -0.235497 -0.647476 -0.724787
vn -0.345980 -0.647475 -0.679024
vn -0.367892 -0.585944 -0.722029
vn -0.250412 -0.585944 -0.770690
vn -0.345980 -0.647475 -0.679024
vn -0.447943 -0.647475 -0.616541
vn -0.476313 -0.585944 -0.655589
vn -0.367892 -0.585944 -0.722029
vn -0.447943 -0.647475 -0.616541
vn -0.538876 -0.647475 -0.538876
vn -0.573005 -0.585944 -0.573005
vn -0.476313 -0.585944 -0.655589
vn -0.538876 -0.647475 -0.538876
vn -0.616541 -0.647475 -0.447943
vn -0.655588 -0.585944 -0.476313
vn -0.573005 -0.585944 -0.573005
vn -0.616541 -0.647475 -0.447943
vn -0.679024 -0.647476 -0.345980
vn -0.722029 -0.585944 -0.367892
vn -0.655588 -0.585944 -0.476313
vn -0.679024 -0.647476 -0.345980
vn -0.724787 -0.647476 -0.235498
vn -0.770690 -0.585944 -0.250413
vn -0.722029 -0.585944 -0.367892
vn -0.724787 -0.647476 -0.235498
vn -0.752704 -0.647476 -0.119216
vn -0.800375 -0.585944 -0.126767
vn -0.770690 -0.585944 -0.250413
vn -0.752704 -0.647476 -0.119216
vn -0.762086 -0.647475 0.000000
vn -0.810352 -0.585944 0.000000
vn -0.800375 -0.585944 -0.126767
vn -0.762086 -0.647475 0.000000
vn -0.752704 -0.647475 0.119216
vn -0.800375 -0.585944 0.126767
vn -0.810352 -0.585944 0.000000
vn -0.752704 -0.647475 0.119216
vn -0.724787 -0.647476 0.235498
vn -0.770691 -0.585943 0.250412
vn -0.800375 -0.585944 0.126767
vn -0.724787 -0.647476 0.235498
vn -0.679024 -0.647475 0.345980
vn -0.722029 -0.585943 0.367892
vn -0.770691 -0.585943 0.250412
vn -0.679024 -0.647475 0.345980
vn -0.616541 -0.647475 0.447943
vn -0.655589 -0.585943 0.476313
vn -0.722029 -0.585943 0.367892
vn -0.616541 -0.647475 0.447943
vn -0.538876 -0.647475 0.538877
vn -0.573005 -0.585944 0.573005
vn -0.655589 -0.585943 0.476313
vn -0.538876 -0.647475 0.538877
vn -0.447943 -0.647475 0.616541
vn -0.476313 -0.585943 0.655588
vn -0.573005 -0.585944 0.573005
vn -0.447943 -0.647475 0.616541
vn -0.345980 -0.647475 0.679024
vn -0.367892 -0.585944 0.722029
vn -0.476313 -0.585943 0.655588
vn -0.345980 -0.647475 0.679024
vn -0.235498 -0.647475 0.724787
vn -0.250413 -0.585944 0.770690
vn -0.367892 -0.585944 0.722029
vn -0.235498 -0.647475 0.724787
vn -0.119216 -0.647475 0.752704
vn -0.126767 -0.585944 0.800375
vn -0.250413 -0.585944 0.770690
vn -0.119216 -0.647475 0.752704
vn 0.000000 -0.647475 0.762087
vn 0.000000 -0.585944 0.810352
vn -0.126767 -0.585944 0.800375
vn 0.000000 -0.647475 0.762087
vn 0.119216 -0.647475 0.752704
vn 0.126767 -0.585944 0.800375
vn 0.000000 -0.585944 0.810352
vn 0.119216 -0.647475 0.752704
vn 0.235498 -0.647475 0.724787
vn 0.250413 -0.585944 0.770690
vn 0.126767 -0.585944 0.800375
vn 0.235498 -0.647475 0.724787
vn 0.345980 -0.647475 0.679024
vn 0.367892 -0.585943 0.722029
vn 0.250413 -0.585944 0.770690
vn 0.345980 -0.647475 0.679024
vn 0.447943 -0.647475 0.616541
vn 0.476313 -0.585943 0.655589
vn 0.367892 -0.585943 0.722029
vn 0.447943 -0.647475 0.616541
vn 0.538877 -0.647475 0.538876
vn 0.573006 -0.585943 0.573005
vn 0.476313 -0.585943 0.655589
vn 0.538877 -0.647475 0.538876
vn 0.616541 -0.647475 0.447943
vn 0.655589 -0.585944 0.476313
vn 0.573006 -0.585943 0.573005
vn 0.616541 -0.647475 0.447943
vn 0.679024 -0.647475 0.345980
vn 0.722029 -0.585944 0.367892
vn 0.655589 -0.585944 0.476313
vn 0.679024 -0.647475 0.345980
vn 0.724787 -0.647475 0.235498
vn 0.770691 -0.585944 0.250412
vn 0.722029 -0.585944 0.367892
vn 0.724787 -0.647475 0.235498
vn 0.752704 -0.647475 0.119216
vn 0.800375 -0.585944 0.126767
vn 0.770691 -0.585944 0.250412
vn 0.752704 -0.647475 0.119216
vn 0.762086 -0.647475 0.000002
vn 0.810352 -0.585944 0.000002
vn 0.800375 -0.585944 0.126767
vn 0.762086 -0.647475 0.000002
vn 0.752704 -0.647476 -0.119215
vn 0.800375 -0.585944 -0.126765
vn 0.810352 -0.585944 0.000002
vn 0.800375 -0.585944 -0.126765
vn 0.770690 -0.585944 -0.250412
vn 0.811887 -0.520817 -0.263798
vn 0.843159 -0.520817 -0.133541
vn 0.770690 -0.585944 -0.250412
vn 0.722029 -0.585944 -0.367892
vn 0.760624 -0.520817 -0.387557
vn 0.811887 -0.520817 -0.263798
vn 0.722029 -0.585944 -0.367892
vn 0.655589 -0.585944 -0.476313
vn 0.690632 -0.520817 -0.501774
vn 0.760624 -0.520817 -0.387557
vn 0.655589 -0.585944 -0.476313
vn 0.573005 -0.585944 -0.573005
vn 0.603635 -0.520817 -0.603635
vn 0.690632 -0.520817 -0.501774
vn 0.573005 -0.585944 -0.573005
vn 0.476313 -0.585944 -0.655588
vn 0.501774 -0.520817 -0.690632
vn 0.603635 -0.520817 -0.603635
vn 0.476313 -0.585944 -0.655588
vn 0.367892 -0.585944 -0.722029
vn 0.387558 -0.520817 -0.760624
vn 0.501774 -0.520817 -0.690632
vn 0.367892 -0.585944 -0.722029
vn 0.250413 -0.585944 -0.770690
vn 0.263798 -0.520817 -0.811887
vn 0.387558 -0.520817 -0.760624
vn 0.250413 -0.585944 -0.770690
vn 0.126767 -0.585944 -0.800375
vn 0.133543 -0.520817 -0.843158
vn 0.263798 -0.520817 -0.811887
vn 0.126767 -0.585944 -0.800375
vn 0.000000 -0.585944 -0.810352
vn 0.000000 -0.520817 -0.853668
vn 0.133543 -0.520817 -0.843158
vn 0.000000 -0.585944 -0.810352
vn -0.126767 -0.585944 -0.800375
vn -0.133543 -0.520817 -0.843158
vn 0.000000 -0.520817 -0.853668
vn -0.126767 -0.585944 -0.800375
vn -0.250412 -0.585944 -0.770690
vn -0.263798 -0.520817 -0.811887
vn -0.133543 -0.520817 -0.843158
vn -0.250412 -0.585944 -0.770690
vn -0.367892 -0.585944 -0.722029
vn -0.387557 -0.520817 -0.760624
vn -0.263798 -0.520817 -0.811887
vn -0.367892 -0.585944 -0.722029
vn -0.476313 -0.585944 -0.655589
vn -0.501774 -0.520817 -0.690632
vn -0.387557 -0.520817 -0.760624
vn -0.476313 -0.585944 -0.655589
vn -0.573005 -0.585944 -0.573005
vn -0.603635 -0.520817 -0.603635
vn -0.501774 -0.520817 -0.690632
vn -0.573005 -0.585944 -0.573005
vn -0.655588 -0.585944 -0.476313
vn -0.690632 -0.520817 -0.501774
vn -0.603635 -0.520817 -0.603635
vn -0.655588 -0.585944 -0.476313
vn -0.722029 -0.585944 -0.367892
vn -0.760624 -0.520817 -0.387558
vn -0.690632 -0.520817 -0.501774
vn -0.722029 -0.585944 -0.367892
vn -0.770690 -0.585944 -0.250413
vn -0.811887 -0.520817 -0.263798
vn -0.760624 -0.520817 -0.387558
vn -0.770690 -0.585944 -0.250413
vn -0.800375 -0.585944 -0.126767
vn -0.843158 -0.520817 -0.133543
vn -0.811887 -0.520817 -0.263798
vn -0.800375 -0.585944 -0.126767
vn -0.810352 -0.585944 0.000000
vn -0.853668 -0.520817 0.000000
vn -0.843158 -0.520817 -0.133543
vn -0.810352 -0.585944 0.000000
vn -0.800375 -0.585944 0.126767
vn -0.843159 -0.520817 0.133543
vn -0.853668 -0.520817 0.000000
vn -0.800375 -0.585944 0.126767
vn -0.770691 -0.585943 0.250412
vn -0.811887 -0.520817 0.263798
vn -0.843159 -0.520817 0.133543
vn -0.770691 -0.585943 0.250412
vn -0.722029 -0.585943 0.367892
vn -0.760624 -0.520817 0.387557
vn -0.811887 -0.520817 0.263798
vn -0.722029 -0.585943 0.367892
vn -0.655589 -0.585943 0.476313
vn -0.690632 -0.520817 0.501774
vn -0.760624 -0.520817 0.387557
vn -0.655589 -0.585943 0.476313
vn -0.573005 -0.585944 0.573005
vn -0.603635 -0.520817 0.603635
vn -0.690632 -0.520817 0.501774
vn -0.573005 -0.585944 0.573005
vn -0.476313 -0.585943 0.655588
vn -0.501774 -0.520817 0.690632
vn -0.603635 -0.520817 0.603635
vn -0.476313 -0.585943 0.655588
vn -0.367892 -0.585944 0.722029
vn -0.387558 -0.520817 0.760624
vn -0.501774 -0.520817 0.690632
vn -0.367892 -0.585944 0.722029
vn -0.250413 -0.585944 0.770690
vn -0.263798 -0.520817 0.811887
vn -0.387558 -0.520817 0.760624
vn -0.250413 -0.585944 0.770690
vn -0.126767 -0.585944 0.800375
vn -0.133543 -0.520817 0.843158
vn -0.263798 -0.520817 0.811887
vn -0.126767 -0.585944 0.800375
vn 0.000000 -0.585944 0.810352
vn 0.000000 -0.520817 0.853669
vn -0.133543 -0.520817 0.843158
vn 0.000000 -0.585944 0.810352
vn 0.126767 -0.585944 0.800375
vn 0.133543 -0.520817 0.843159
vn 0.000000 -0.520817 0.853669
vn 0.126767 -0.585944 0.800375
vn 0.250413 -0.585944 0.770690
vn 0.263798 -0.520817 0.811887
vn 0.133543 -0.520817 0.843159
vn 0.250413 -0.585944 0.770690
vn 0.367892 -0.585943 0.722029
vn 0.387557 -0.520817 0.760624
vn 0.263798 -0.520817 0.811887
vn 0.367892 -0.585943 0.722029
vn 0.476313 -0.585943 0.655589
vn 0.501774 -0.520817 0.690632
vn 0.387557 -0.520817 0.760624
vn 0.476313 -0.585943 0.655589
vn 0.573006 -0.585943 0.573005
vn 0.603635 -0.520817 0.603635
vn 0.501774 -0.520817 0.690632
vn 0.573006 -0.585943 0.573005
vn 0.655589 -0.585944 0.476313
vn 0.690632 -0.520817 0.501774
vn 0.603635 -0.520817 0.603635
vn 0.655589 -0.585944 0.476313
vn 0.722029 -0.585944 0.367892
vn 0.760624 -0.520817 0.387557
vn 0.690632 -0.520817 0.501774
vn 0.722029 -0.585944 0.367892
vn 0.770691 -0.585944 0.250412
vn 0.811887 -0.520817 0.263798
vn 0.760624 -0.520817 0.387557
vn 0.770691 -0.585944 0.250412
vn 0.800375 -0.585944 0.126767
vn 0.843159 -0.520817 0.133543
vn 0.811887 -0.520817 0.263798
vn 0.800375 -0.585944 0.126767
vn 0.810352 -0.585944 0.000002
vn 0.853668 -0.520817 0.000002
vn 0.843159 -0.520817 0.133543
vn 0.810352 -0.585944 0.000002
vn 0.800375 -0.585944 -0.126765
vn 0.843159 -0.520817 -0.133541
vn 0.853668 -0.520817 0.000002
vn 0.843159 -0.520817 -0.133541
vn 0.811887 -0.520817 -0.263798
vn 0.848121 -0.452495 -0.275571
vn 0.880788 -0.452495 -0.139501
vn 0.811887 -0.520817 -0.263798
vn 0.760624 -0.520817 -0.387557
vn 0.794570 -0.452495 -0.404853
vn 0.848121 -0.452495 -0.275571
vn 0.760624 -0.520817 -0.387557
vn 0.690632 -0.520817 -0.501774
vn 0.721455 -0.452495 -0.524167
vn 0.794570 -0.452495 -0.404853
vn 0.690632 -0.520817 -0.501774
vn 0.603635 -0.520817 -0.603635
vn 0.630575 -0.452495 -0.630574
vn 0.721455 -0.452495 -0.524167
vn 0.603635 -0.520817 -0.603635
vn 0.501774 -0.520817 -0.690632
vn 0.524168 -0.452495 -0.721455
vn 0.630575 -0.452495 -0.630574
vn 0.501774 -0.520817 -0.690632
vn 0.387558 -0.520817 -0.760624
vn 0.404854 -0.452495 -0.794570
vn 0.524168 -0.452495 -0.721455
vn 0.387558 -0.520817 -0.760624
vn 0.263798 -0.520817 -0.811887
vn 0.275571 -0.452495 -0.848121
vn 0.404854 -0.452495 -0.794570
vn 0.263798 -0.520817 -0.811887
vn 0.133543 -0.520817 -0.843158
vn 0.139503 -0.452495 -0.880788
vn 0.275571 -0.452495 -0.848121
vn 0.133543 -0.520817 -0.843158
vn 0.000000 -0.520817 -0.853668
vn 0.000000 -0.452495 -0.891767
vn 0.139503 -0.452495 -0.880788
vn 0.000000 -0.520817 -0.853668
vn -0.133543 -0.520817 -0.843158
vn -0.139503 -0.452495 -0.880788
vn 0.000000 -0.452495 -0.891767
vn -0.133543 -0.520817 -0.843158
vn -0.263798 -0.520817 -0.811887
vn -0.275571 -0.452495 -0.848121
vn -0.139503 -0.452495 -0.880788
vn -0.263798 -0.520817 -0.811887
vn -0.387557 -0.520817 -0.760624
vn -0.404854 -0.452495 -0.794570
vn -0.275571 -0.452495 -0.848121
vn -0.387557 -0.520817 -0.760624
vn -0.501774 -0.520817 -0.690632
vn -0.524167 -0.452495 -0.721455
vn -0.404854 -0.452495 -0.794570
vn -0.501774 -0.520817 -0.690632
vn -0.603635 -0.520817 -0.603635
vn -0.630574 -0.452495 -0.630574
vn -0.524167 -0.452495 -0.721455
vn -0.603635 -0.520817 -0.603635
vn -0.690632 -0.520817 -0.501774
vn -0.721455 -0.452495 -0.524168
vn -0.630574 -0.452495 -0.630574
vn -0.690632 -0.520817 -0.501774
vn -0.760624 -0.520817 -0.387558
vn -0.794570 -0.452495 -0.404854
vn -0.721455 -0.452495 -0.524168
vn -0.760624 -0.520817 -0.387558
vn -0.811887 -0.520817 -0.263798
vn -0.848121 -0.452495 -0.275571
vn -0.794570 -0.452495 -0.404854
vn -0.811887 -0.520817 -0.263798
vn -0.843158 -0.520817 -0.133543
vn -0.880788 -0.452495 -0.139503
vn -0.848121 -0.452495 -0.275571
vn -0.843158 -0.520817 -0.133543
vn -0.853668 -0.520817 0.000000
vn -0.891767 -0.452495 0.000000
vn -0.880788 -0.452495 -0.139503
vn -0.853668 -0.520817 0.000000
vn -0.843159 -0.520817 0.133543
vn -0.880788 -0.452495 0.139503
vn -0.891767 -0.452495 0.000000
vn -0.843159 -0.520817 0.133543
vn -0.811887 -0.520817 0.263798
vn -0.848121 -0.452495 0.275571
vn -0.880788 -0.452495 0.139503
vn -0.811887 -0.520817 0.263798
vn -0.760624 -0.520817 0.387557
vn -0.794570 -0.452495 0.404854
vn -0.848121 -0.452495 0.275571
vn -0.760624 -0.520817 0.387557
vn -0.690632 -0.520817 0.501774
vn -0.721455 -0.452495 0.524167
vn -0.794570 -0.452495 0.404854
vn -0.690632 -0.520817 0.501774
vn -0.603635 -0.520817 0.603635
vn -0.630575 -0.452495 0.630574
vn -0.721455 -0.452495 0.524167
vn -0.603635 -0.520817 0.603635
vn -0.501774 -0.520817 0.690632
vn -0.524168 -0.452495 0.721455
vn -0.630575 -0.452495 0.630574
vn -0.501774 -0.520817 0.690632
vn -0.387558 -0.520817 0.760624
vn -0.404854 -0.452495 0.794570
vn -0.524168 -0.452495 0.721455
vn -0.387558 -0.520817 0.760624
vn -0.263798 -0.520817 0.811887
vn -0.275571 -0.452495 0.848121
vn -0.404854 -0.452495 0.794570
vn -0.263798 -0.520817 0.811887
vn -0.133543 -0.520817 0.843158
vn -0.139503 -0.452495 0.880788
vn -0.275571 -0.452495 0.848121
vn -0.133543 -0.520817 0.843158
vn 0.000000 -0.520817 0.853669
vn 0.000000 -0.452495 0.891767
vn -0.139503 -0.452495 0.880788
vn 0.000000 -0.520817 0.853669
vn 0.133543 -0.520817 0.843159
vn 0.139503 -0.452495 0.880788
vn 0.000000 -0.452495 0.891767
vn 0.133543 -0.520817 0.843159
vn 0.263798 -0.520817 0.811887
vn 0.275571 -0.452495 0.848121
vn 0.139503 -0.452495 0.880788
vn 0.263798 -0.520817 0.811887
vn 0.387557 -0.520817 0.760624
vn 0.404854 -0.452495 0.794570
vn 0.275571 -0.452495 0.848121
vn 0.387557 -0.520817 0.760624
vn 0.501774 -0.520817 0.690632
vn 0.524168 -0.452495 0.721455
vn 0.404854 -0.452495 0.794570
vn 0.501774 -0.520817 0.690632
vn 0.603635 -0.520817 0.603635
vn 0.630574 -0.452495 0.630574
vn 0.524168 -0.452495 0.721455
vn 0.603635 -0.520817 0.603635
vn 0.690632 -0.520817 0.501774
vn 0.721455 -0.452495 0.524167
vn 0.630574 -0.452495 0.630574
vn 0.690632 -0.520817 0.501774
vn 0.760624 -0.520817 0.387557
vn 0.794570 -0.452495 0.404853
vn 0.721455 -0.452495 0.524167
vn 0.760624 -0.520817 0.387557
vn 0.811887 -0.520817 0.263798
vn 0.848121 -0.452495 0.275571
vn 0.794570 -0.452495 0.404853
vn 0.811887 -0.520817 0.263798
vn 0.843159 -0.520817 0.133543
vn 0.880788 -0.452495 0.139503
vn 0.848121 -0.452495 0.275571
vn 0.843159 -0.520817 0.133543
vn 0.853668 -0.520817 0.000002
vn 0.891767 -0.452495 0.000002
vn 0.880788 -0.452495 0.139503
vn 0.853668 -0.520817 0.000002
vn 0.843159 -0.520817 -0.133541
vn 0.880788 -0.452495 -0.139501
vn 0.891767 -0.452495 0.000002
vn 0.880788 -0.452495 -0.139501
vn 0.848121 -0.452495 -0.275571
vn 0.879167 -0.381397 -0.285659
vn 0.913031 -0.381397 -0.144608
vn 0.848121 -0.452495 -0.275571
vn 0.794570 -0.452495 -0.404853
vn 0.823657 -0.381397 -0.419674
vn 0.879167 -0.381397 -0.285659
vn 0.794570 -0.452495 -0.404853
vn 0.721455 -0.452495 -0.524167
vn 0.747864 -0.381398 -0.543355
vn 0.823657 -0.381397 -0.419674
vn 0.721455 -0.452495 -0.524167
vn 0.630575 -0.452495 -0.630574
vn 0.653658 -0.381398 -0.653657
vn 0.747864 -0.381398 -0.543355
vn 0.630575 -0.452495 -0.630574
vn 0.524168 -0.452495 -0.721455
vn 0.543355 -0.381398 -0.747864
vn 0.653658 -0.381398 -0.653657
vn 0.524168 -0.452495 -0.721455
vn 0.404854 -0.452495 -0.794570
vn 0.419674 -0.381398 -0.823656
vn 0.543355 -0.381398 -0.747864
vn 0.404854 -0.452495 -0.794570
vn 0.275571 -0.452495 -0.848121
vn 0.285659 -0.381398 -0.879167
vn 0.419674 -0.381398 -0.823656
vn 0.275571 -0.452495 -0.848121
vn 0.139503 -0.452495 -0.880788
vn 0.144610 -0.381398 -0.913030
vn 0.285659 -0.381398 -0.879167
vn 0.139503 -0.452495 -0.880788
vn 0.000000 -0.452495 -0.891767
vn 0.000000 -0.381398 -0.924411
vn 0.144610 -0.381398 -0.913030
vn 0.000000 -0.452495 -0.891767
vn -0.139503 -0.452495 -0.880788
vn -0.144610 -0.381398 -0.913030
vn 0.000000 -0.381398 -0.924411
vn -0.139503 -0.452495 -0.880788
vn -0.275571 -0.452495 -0.848121
vn -0.285659 -0.381398 -0.879167
vn -0.144610 -0.381398 -0.913030
vn -0.275571 -0.452495 -0.848121
vn -0.404854 -0.452495 -0.794570
vn -0.419674 -0.381397 -0.823656
vn -0.285659 -0.381398 -0.879167
vn -0.404854 -0.452495 -0.794570
vn -0.524167 -0.452495 -0.721455
vn -0.543355 -0.381397 -0.747864
vn -0.419674 -0.381397 -0.823656
vn -0.524167 -0.452495 -0.721455
vn -0.630574 -0.452495 -0.630574
vn -0.653657 -0.381398 -0.653657
vn -0.543355 -0.381397 -0.747864
vn -0.630574 -0.452495 -0.630574
vn -0.721455 -0.452495 -0.524168
vn -0.747864 -0.381397 -0.543355
vn -0.653657 -0.381398 -0.653657
vn -0.721455 -0.452495 -0.524168
vn -0.794570 -0.452495 -0.404854
vn -0.823656 -0.381397 -0.419674
vn -0.747864 -0.381397 -0.543355
vn -0.794570 -0.452495 -0.404854
vn -0.848121 -0.452495 -0.275571
vn -0.879167 -0.381397 -0.285659
vn -0.823656 -0.381397 -0.419674
vn -0.848121 -0.452495 -0.275571
vn -0.880788 -0.452495 -0.139503
vn -0.913030 -0.381398 -0.144610
vn -0.879167 -0.381397 -0.285659
vn -0.880788 -0.452495 -0.139503
vn -0.891767 -0.452495 0.000000
vn -0.924411 -0.381398 0.000000
vn -0.913030 -0.381398 -0.144610
vn -0.891767 -0.452495 0.000000
vn -0.880788 -0.452495 0.139503
vn -0.913030 -0.381398 0.144610
vn -0.924411 -0.381398 0.000000
vn -0.880788 -0.452495 0.139503
vn -0.848121 -0.452495 0.275571
vn -0.879167 -0.381398 0.285659
vn -0.913030 -0.381398 0.144610
vn -0.848121 -0.452495 0.275571
vn -0.794570 -0.452495 0.404854
vn -0.823656 -0.381398 0.419674
vn -0.879167 -0.381398 0.285659
vn -0.794570 -0.452495 0.404854
vn -0.721455 -0.452495 0.524167
vn -0.747864 -0.381398 0.543355
vn -0.823656 -0.381398 0.419674
vn -0.721455 -0.452495 0.524167
vn -0.630575 -0.452495 0.630574
vn -0.653657 -0.381398 0.653657
vn -0.747864 -0.381398 0.543355
vn -0.630575 -0.452495 0.630574
vn -0.524168 -0.452495 0.721455
vn -0.543355 -0.381398 0.747864
vn -0.653657 -0.381398 0.653657
vn -0.524168 -0.452495 0.721455
vn -0.404854 -0.452495 0.794570
vn -0.419674 -0.381398 0.823656
vn -0.543355 -0.381398 0.747864
vn -0.404854 -0.452495 0.794570
vn -0.275571 -0.452495 0.848121
vn -0.285659 -0.381398 0.879167
vn -0.419674 -0.381398 0.823656
vn -0.275571 -0.452495 0.848121
vn -0.139503 -0.452495 0.880788
vn -0.144610 -0.381397 0.913030
vn -0.285659 -0.381398 0.879167
vn -0.139503 -0.452495 0.880788
vn 0.000000 -0.452495 0.891767
vn 0.000000 -0.381397 0.924411
vn -0.144610 -0.381397 0.913030
vn 0.000000 -0.452495 0.891767
vn 0.139503 -0.452495 0.880788
vn 0.144610 -0.381397 0.913030
vn 0.000000 -0.381397 0.924411
vn 0.139503 -0.452495 0.880788
vn 0.275571 -0.452495 0.848121
vn 0.285659 -0.381397 0.879167
vn 0.144610 -0.381397 0.913030
vn 0.275571 -0.452495 0.848121
vn 0.404854 -0.452495 0.794570
vn 0.419674 -0.381397 0.823656
vn 0.285659 -0.381397 0.879167
vn 0.404854 -0.452495 0.794570
vn 0.524168 -0.452495 0.721455
vn 0.543355 -0.381397 0.747864
vn 0.419674 -0.381397 0.823656
vn 0.524168 -0.452495 0.721455
vn 0.630574 -0.452495 0.630574
vn 0.653658 -0.381397 0.653657
vn 0.543355 -0.381397 0.747864
vn 0.630574 -0.452495 0.630574
vn 0.721455 -0.452495 0.524167
vn 0.747864 -0.381397 0.543355
vn 0.653658 -0.381397 0.653657
vn 0.721455 -0.452495 0.524167
vn 0.794570 -0.452495 0.404853
vn 0.823657 -0.381397 0.419674
vn 0.747864 -0.381397 0.543355
vn 0.794570 -0.452495 0.404853
vn 0.848121 -0.452495 0.275571
vn 0.879167 -0.381398 0.285658
vn 0.823657 -0.381397 0.419674
vn 0.848121 -0.452495 0.275571
vn 0.880788 -0.452495 0.139503
vn 0.913030 -0.381398 0.144610
vn 0.879167 -0.381398 0.285658
vn 0.880788 -0.452495 0.139503
vn 0.891767 -0.452495 0.000002
vn 0.924411 -0.381397 0.000002
vn 0.913030 -0.381398 0.144610
vn 0.891767 -0.452495 0.000002
vn 0.880788 -0.452495 -0.139501
vn 0.913031 -0.381397 -0.144608
vn 0.924411 -0.381397 0.000002
vn 0.913031 -0.381397 -0.144608
vn 0.879167 -0.381397 -0.285659
vn 0.904834 -0.307962 -0.293998
vn 0.939686 -0.307962 -0.148830
vn 0.879167 -0.381397 -0.285659
vn 0.823657 -0.381397 -0.419674
vn 0.847703 -0.307962 -0.431926
vn 0.904834 -0.307962 -0.293998
vn 0.823657 -0.381397 -0.419674
vn 0.747864 -0.381398 -0.543355
vn 0.769698 -0.307962 -0.559218
vn 0.847703 -0.307962 -0.431926
vn 0.747864 -0.381398 -0.543355
vn 0.653658 -0.381398 -0.653657
vn 0.672741 -0.307962 -0.672740
vn 0.769698 -0.307962 -0.559218
vn 0.653658 -0.381398 -0.653657
vn 0.543355 -0.381398 -0.747864
vn 0.559218 -0.307962 -0.769698
vn 0.672741 -0.307962 -0.672740
vn 0.543355 -0.381398 -0.747864
vn 0.419674 -0.381398 -0.823656
vn 0.431926 -0.307962 -0.847702
vn 0.559218 -0.307962 -0.769698
vn 0.419674 -0.381398 -0.823656
vn 0.285659 -0.381398 -0.879167
vn 0.293999 -0.307962 -0.904834
vn 0.431926 -0.307962 -0.847702
vn 0.285659 -0.381398 -0.879167
vn 0.144610 -0.381398 -0.913030
vn 0.148832 -0.307962 -0.939685
vn 0.293999 -0.307962 -0.904834
vn 0.144610 -0.381398 -0.913030
vn 0.000000 -0.381398 -0.924411
vn 0.000000 -0.307962 -0.951399
vn 0.148832 -0.307962 -0.939685
vn 0.000000 -0.381398 -0.924411
vn -0.144610 -0.381398 -0.913030
vn -0.148831 -0.307962 -0.939685
vn 0.000000 -0.307962 -0.951399
vn -0.144610 -0.381398 -0.913030
vn -0.285659 -0.381398 -0.879167
vn -0.293998 -0.307962 -0.904834
vn -0.148831 -0.307962 -0.939685
vn -0.285659 -0.381398 -0.879167
vn -0.419674 -0.381397 -0.823656
vn -0.431926 -0.307962 -0.847703
vn -0.293998 -0.307962 -0.904834
vn -0.419674 -0.381397 -0.823656
vn -0.543355 -0.381397 -0.747864
vn -0.559218 -0.307962 -0.769698
vn -0.431926 -0.307962 -0.847703
vn -0.543355 -0.381397 -0.747864
vn -0.653657 -0.381398 -0.653657
vn -0.672740 -0.307962 -0.672741
vn -0.559218 -0.307962 -0.769698
vn -0.653657 -0.381398 -0.653657
vn -0.747864 -0.381397 -0.543355
vn -0.769698 -0.307962 -0.559218
vn -0.672740 -0.307962 -0.672741
vn -0.747864 -0.381397 -0.543355
vn -0.823656 -0.381397 -0.419674
vn -0.847702 -0.307962 -0.431926
vn -0.769698 -0.307962 -0.559218
vn -0.823656 -0.381397 -0.419674
vn -0.879167 -0.381397 -0.285659
vn -0.904834 -0.307962 -0.293999
vn -0.847702 -0.307962 -0.431926
vn -0.879167 -0.381397 -0.285659
vn -0.913030 -0.381398 -0.144610
vn -0.939685 -0.307962 -0.148832
vn -0.904834 -0.307962 -0.293999
vn -0.913030 -0.381398 -0.144610
vn -0.924411 -0.381398 0.000000
vn -0.951399 -0.307962 0.000000
vn -0.939685 -0.307962 -0.148832
vn -0.924411 -0.381398 0.000000
vn -0.913030 -0.381398 0.144610
vn -0.939685 -0.307962 0.148832
vn -0.951399 -0.307962 0.000000
vn -0.913030 -0.381398 0.144610
vn -0.879167 -0.381398 0.285659
vn -0.904834 -0.307962 0.293998
vn -0.939685 -0.307962 0.148832
vn -0.879167 -0.381398 0.285659
vn -0.823656 -0.381398 0.419674
vn -0.847702 -0.307962 0.431926
vn -0.904834 -0.307962 0.293998
vn -0.823656 -0.381398 0.419674
vn -0.747864 -0.381398 0.543355
vn -0.769698 -0.307962 0.559218
vn -0.847702 -0.307962 0.431926
vn -0.747864 -0.381398 0.543355
vn -0.653657 -0.381398 0.653657
vn -0.672740 -0.307962 0.672741
vn -0.769698 -0.307962 0.559218
vn -0.653657 -0.381398 0.653657
vn -0.543355 -0.381398 0.747864
vn -0.559218 -0.307962 0.769698
vn -0.672740 -0.307962 0.672741
vn -0.543355 -0.381398 0.747864
vn -0.419674 -0.381398 0.823656
vn -0.431926 -0.307962 0.847702
vn -0.559218 -0.307962 0.769698
vn -0.419674 -0.381398 0.823656
vn -0.285659 -0.381398 0.879167
vn -0.293999 -0.307962 0.904834
vn -0.431926 -0.307962 0.847702
vn -0.285659 -0.381398 0.879167
vn -0.144610 -0.381397 0.913030
vn -0.148831 -0.307962 0.939685
vn -0.293999 -0.307962 0.904834
vn -0.144610 -0.381397 0.913030
vn 0.000000 -0.381397 0.924411
vn 0.000000 -0.307962 0.951399
vn -0.148831 -0.307962 0.939685
vn 0.000000 -0.381397 0.924411
vn 0.144610 -0.381397 0.913030
vn 0.148831 -0.307962 0.939685
vn 0.000000 -0.307962 0.951399
vn 0.144610 -0.381397 0.913030
vn 0.285659 -0.381397 0.879167
vn 0.293999 -0.307962 0.904834
vn 0.148831 -0.307962 0.939685
vn 0.285659 -0.381397 0.879167
vn 0.419674 -0.381397 0.823656
vn 0.431926 -0.307962 0.847702
vn 0.293999 -0.307962 0.904834
vn 0.419674 -0.381397 0.823656
vn 0.543355 -0.381397 0.747864
vn 0.559218 -0.307962 0.769698
vn 0.431926 -0.307962 0.847702
vn 0.543355 -0.381397 0.747864
vn 0.653658 -0.381397 0.653657
vn 0.672741 -0.307962 0.672740
vn 0.559218 -0.307962 0.769698
vn 0.653658 -0.381397 0.653657
vn 0.747864 -0.381397 0.543355
vn 0.769698 -0.307962 0.559218
vn 0.672741 -0.307962 0.672740
vn 0.747864 -0.381397 0.543355
vn 0.823657 -0.381397 0.419674
vn 0.847703 -0.307962 0.431926
vn 0.769698 -0.307962 0.559218
vn 0.823657 -0.381397 0.419674
vn 0.879167 -0.381398 0.285658
vn 0.904834 -0.307962 0.293998
vn 0.847703 -0.307962 0.431926
vn 0.879167 -0.381398 0.285658
vn 0.913030 -0.381398 0.144610
vn 0.939685 -0.307962 0.148831
vn 0.904834 -0.307962 0.293998
vn 0.913030 -0.381398 0.144610
vn 0.924411 -0.381397 0.000002
vn 0.951399 -0.307962 0.000002
vn 0.939685 -0.307962 0.148831
vn 0.924411 -0.381397 0.000002
vn 0.913031 -0.381397 -0.144608
vn 0.939686 -0.307962 -0.148830
vn 0.951399 -0.307962 0.000002
vn 0.939686 -0.307962 -0.148830
vn 0.904834 -0.307962 -0.293998
vn 0.924962 -0.232640 -0.300538
vn 0.960589 -0.232640 -0.152140
vn 0.904834 -0.307962 -0.293998
vn 0.847703 -0.307962 -0.431926
vn 0.866560 -0.232640 -0.441534
vn 0.924962 -0.232640 -0.300538
vn 0.847703 -0.307962 -0.431926
vn 0.769698 -0.307962 -0.559218
vn 0.786820 -0.232639 -0.571658
vn 0.866560 -0.232640 -0.441534
vn 0.769698 -0.307962 -0.559218
vn 0.672741 -0.307962 -0.672740
vn 0.687706 -0.232639 -0.687706
vn 0.786820 -0.232639 -0.571658
vn 0.672741 -0.307962 -0.672740
vn 0.559218 -0.307962 -0.769698
vn 0.571658 -0.232639 -0.786820
vn 0.687706 -0.232639 -0.687706
vn 0.559218 -0.307962 -0.769698
vn 0.431926 -0.307962 -0.847702
vn 0.441535 -0.232639 -0.866560
vn 0.571658 -0.232639 -0.786820
vn 0.431926 -0.307962 -0.847702
vn 0.293999 -0.307962 -0.904834
vn 0.300539 -0.232639 -0.924962
vn 0.441535 -0.232639 -0.866560
vn 0.293999 -0.307962 -0.904834
vn 0.148832 -0.307962 -0.939685
vn 0.152142 -0.232639 -0.960589
vn 0.300539 -0.232639 -0.924962
vn 0.148832 -0.307962 -0.939685
vn 0.000000 -0.307962 -0.951399
vn 0.000000 -0.232639 -0.972563
vn 0.152142 -0.232639 -0.960589
vn 0.000000 -0.307962 -0.951399
vn -0.148831 -0.307962 -0.939685
vn -0.152142 -0.232639 -0.960589
vn 0.000000 -0.232639 -0.972563
vn -0.148831 -0.307962 -0.939685
vn -0.293998 -0.307962 -0.904834
vn -0.300538 -0.232640 -0.924962
vn -0.152142 -0.232639 -0.960589
vn -0.293998 -0.307962 -0.904834
vn -0.431926 -0.307962 -0.847703
vn -0.441534 -0.232640 -0.866560
vn -0.300538 -0.232640 -0.924962
vn -0.431926 -0.307962 -0.847703
vn -0.559218 -0.307962 -0.769698
vn -0.571658 -0.232639 -0.786820
vn -0.441534 -0.232640 -0.866560
vn -0.559218 -0.307962 -0.769698
vn -0.672740 -0.307962 -0.672741
vn -0.687706 -0.232639 -0.687706
vn -0.571658 -0.232639 -0.786820
vn -0.672740 -0.307962 -0.672741
vn -0.769698 -0.307962 -0.559218
vn -0.786820 -0.232639 -0.571658
vn -0.687706 -0.232639 -0.687706
vn -0.769698 -0.307962 -0.559218
vn -0.847702 -0.307962 -0.431926
vn -0.866560 -0.232640 -0.441534
vn -0.786820 -0.232639 -0.571658
vn -0.847702 -0.307962 -0.431926
vn -0.904834 -0.307962 -0.293999
vn -0.924962 -0.232639 -0.300539
vn -0.866560 -0.232640 -0.441534
vn -0.904834 -0.307962 -0.293999
vn -0.939685 -0.307962 -0.148832
vn -0.960589 -0.232639 -0.152143
vn -0.924962 -0.232639 -0.300539
vn -0.939685 -0.307962 -0.148832
vn -0.951399 -0.307962 0.000000
vn -0.972563 -0.232639 0.000000
vn -0.960589 -0.232639 -0.152143
vn -0.951399 -0.307962 0.000000
vn -0.939685 -0.307962 0.148832
vn -0.960589 -0.232639 0.152142
vn -0.972563 -0.232639 0.000000
vn -0.939685 -0.307962 0.148832
vn -0.904834 -0.307962 0.293998
vn -0.924962 -0.232639 0.300539
vn -0.960589 -0.232639 0.152142
vn -0.904834 -0.307962 0.293998
vn -0.847702 -0.307962 0.431926
vn -0.866560 -0.232639 0.441534
vn -0.924962 -0.232639 0.300539
vn -0.847702 -0.307962 0.431926
vn -0.769698 -0.307962 0.559218
vn -0.786820 -0.232639 0.571658
vn -0.866560 -0.232639 0.441534
vn -0.769698 -0.307962 0.559218
vn -0.672740 -0.307962 0.672741
vn -0.687706 -0.232639 0.687706
vn -0.786820 -0.232639 0.571658
vn -0.672740 -0.307962 0.672741
vn -0.559218 -0.307962 0.769698
vn -0.571658 -0.232639 0.786820
vn -0.687706 -0.232639 0.687706
vn -0.559218 -0.307962 0.769698
vn -0.431926 -0.307962 0.847702
vn -0.441535 -0.232639 0.866560
vn -0.571658 -0.232639 0.786820
vn -0.431926 -0.307962 0.847702
vn -0.293999 -0.307962 0.904834
vn -0.300539 -0.232639 0.924962
vn -0.441535 -0.232639 0.866560
vn -0.293999 -0.307962 0.904834
vn -0.148831 -0.307962 0.939685
vn -0.152142 -0.232639 0.960589
vn -0.300539 -0.232639 0.924962
vn -0.148831 -0.307962 0.939685
vn 0.000000 -0.307962 0.951399
vn 0.000000 -0.232639 0.972563
vn -0.152142 -0.232639 0.960589
vn 0.000000 -0.307962 0.951399
vn 0.148831 -0.307962 0.939685
vn 0.152142 -0.232639 0.960589
vn 0.000000 -0.232639 0.972563
vn 0.148831 -0.307962 0.939685
vn 0.293999 -0.307962 0.904834
vn 0.300539 -0.232639 0.924962
vn 0.152142 -0.232639 0.960589
vn 0.293999 -0.307962 0.904834
vn 0.431926 -0.307962 0.847702
vn 0.441534 -0.232640 0.866560
vn 0.300539 -0.232639 0.924962
vn 0.431926 -0.307962 0.847702
vn 0.559218 -0.307962 0.769698
vn 0.571658 -0.232639 0.786820
vn 0.441534 -0.232640 0.866560
vn 0.559218 -0.307962 0.769698
vn 0.672741 -0.307962 0.672740
vn 0.687706 -0.232639 0.687706
vn 0.571658 -0.232639 0.786820
vn 0.672741 -0.307962 0.672740
vn 0.769698 -0.307962 0.559218
vn 0.786820 -0.232639 0.571658
vn 0.687706 -0.232639 0.687706
vn 0.769698 -0.307962 0.559218
vn 0.847703 -0.307962 0.431926
vn 0.866560 -0.232639 0.441534
vn 0.786820 -0.232639 0.571658
vn 0.847703 -0.307962 0.431926
vn 0.904834 -0.307962 0.293998
vn 0.924963 -0.232639 0.300538
vn 0.866560 -0.232639 0.441534
vn 0.904834 -0.307962 0.293998
vn 0.939685 -0.307962 0.148831
vn 0.960589 -0.232639 0.152142
vn 0.924963 -0.232639 0.300538
vn 0.939685 -0.307962 0.148831
vn 0.951399 -0.307962 0.000002
vn 0.972563 -0.232639 0.000002
vn 0.960589 -0.232639 0.152142
vn 0.951399 -0.307962 0.000002
vn 0.939686 -0.307962 -0.148830
vn 0.960589 -0.232640 -0.152140
vn 0.972563 -0.232639 0.000002
vn 0.960589 -0.232640 -0.152140
vn 0.924962 -0.232640 -0.300538
vn 0.939429 -0.155890 -0.305239
vn 0.975614 -0.155890 -0.154520
vn 0.924962 -0.232640 -0.300538
vn 0.866560 -0.232640 -0.441534
vn 0.880114 -0.155889 -0.448440
vn 0.939429 -0.155890 -0.305239
vn 0.866560 -0.232640 -0.441534
vn 0.786820 -0.232639 -0.571658
vn 0.799127 -0.155889 -0.580599
vn 0.880114 -0.155889 -0.448440
vn 0.786820 -0.232639 -0.571658
vn 0.687706 -0.232639 -0.687706
vn 0.698462 -0.155889 -0.698462
vn 0.799127 -0.155889 -0.580599
vn 0.687706 -0.232639 -0.687706
vn 0.571658 -0.232639 -0.786820
vn 0.580599 -0.155889 -0.799127
vn 0.698462 -0.155889 -0.698462
vn 0.571658 -0.232639 -0.786820
vn 0.441535 -0.232639 -0.866560
vn 0.448441 -0.155889 -0.880113
vn 0.580599 -0.155889 -0.799127
vn 0.441535 -0.232639 -0.866560
vn 0.300539 -0.232639 -0.924962
vn 0.305239 -0.155889 -0.939430
vn 0.448441 -0.155889 -0.880113
vn 0.300539 -0.232639 -0.924962
vn 0.152142 -0.232639 -0.960589
vn 0.154522 -0.155889 -0.975613
vn 0.305239 -0.155889 -0.939430
vn 0.152142 -0.232639 -0.960589
vn 0.000000 -0.232639 -0.972563
vn 0.000000 -0.155889 -0.987775
vn 0.154522 -0.155889 -0.975613
vn 0.000000 -0.232639 -0.972563
vn -0.152142 -0.232639 -0.960589
vn -0.154522 -0.155889 -0.975613
vn 0.000000 -0.155889 -0.987775
vn -0.152142 -0.232639 -0.960589
vn -0.300538 -0.232640 -0.924962
vn -0.305239 -0.155889 -0.939430
vn -0.154522 -0.155889 -0.975613
vn -0.300538 -0.232640 -0.924962
vn -0.441534 -0.232640 -0.866560
vn -0.448440 -0.155889 -0.880114
vn -0.305239 -0.155889 -0.939430
vn -0.441534 -0.232640 -0.866560
vn -0.571658 -0.232639 -0.786820
vn -0.580599 -0.155889 -0.799127
vn -0.448440 -0.155889 -0.880114
vn -0.571658 -0.232639 -0.786820
vn -0.687706 -0.232639 -0.687706
vn -0.698462 -0.155889 -0.698462
vn -0.580599 -0.155889 -0.799127
vn -0.687706 -0.232639 -0.687706
vn -0.786820 -0.232639 -0.571658
vn -0.799127 -0.155889 -0.580599
vn -0.698462 -0.155889 -0.698462
vn -0.786820 -0.232639 -0.571658
vn -0.866560 -0.232640 -0.441534
vn -0.880114 -0.155889 -0.448440
vn -0.799127 -0.155889 -0.580599
vn -0.866560 -0.232640 -0.441534
vn -0.924962 -0.232639 -0.300539
vn -0.939430 -0.155889 -0.305239
vn -0.880114 -0.155889 -0.448440
vn -0.924962 -0.232639 -0.300539
vn -0.960589 -0.232639 -0.152143
vn -0.975613 -0.155889 -0.154522
vn -0.939430 -0.155889 -0.305239
vn -0.960589 -0.232639 -0.152143
vn -0.972563 -0.232639 0.000000
vn -0.987775 -0.155889 0.000000
vn -0.975613 -0.155889 -0.154522
vn -0.972563 -0.232639 0.000000
vn -0.960589 -0.232639 0.152142
vn -0.975613 -0.155889 0.154522
vn -0.987775 -0.155889 0.000000
vn -0.960589 -0.232639 0.152142
vn -0.924962 -0.232639 0.300539
vn -0.939430 -0.155889 0.305239
vn -0.975613 -0.155889 0.154522
vn -0.924962 -0.232639 0.300539
vn -0.866560 -0.232639 0.441534
vn -0.880114 -0.155889 0.448440
vn -0.939430 -0.155889 0.305239
vn -0.866560 -0.232639 0.441534
vn -0.786820 -0.232639 0.571658
vn -0.799127 -0.155889 0.580599
vn -0.880114 -0.155889 0.448440
vn -0.786820 -0.232639 0.571658
vn -0.687706 -0.232639 0.687706
vn -0.698462 -0.155889 0.698462
vn -0.799127 -0.155889 0.580599
vn -0.687706 -0.232639 0.687706
vn -0.571658 -0.232639 0.786820
vn -0.580599 -0.155889 0.799127
vn -0.698462 -0.155889 0.698462
vn -0.571658 -0.232639 0.786820
vn -0.441535 -0.232639 0.866560
vn -0.448440 -0.155889 0.880114
vn -0.580599 -0.155889 0.799127
vn -0.441535 -0.232639 0.866560
vn -0.300539 -0.232639 0.924962
vn -0.305239 -0.155889 0.939430
vn -0.448440 -0.155889 0.880114
vn -0.300539 -0.232639 0.924962
vn -0.152142 -0.232639 0.960589
vn -0.154522 -0.155889 0.975613
vn -0.305239 -0.155889 0.939430
vn -0.152142 -0.232639 0.960589
vn 0.000000 -0.232639 0.972563
vn 0.000000 -0.155889 0.987775
vn -0.154522 -0.155889 0.975613
vn 0.000000 -0.232639 0.972563
vn 0.152142 -0.232639 0.960589
vn 0.154522 -0.155889 0.975613
vn 0.000000 -0.155889 0.987775
vn 0.152142 -0.232639 0.960589
vn 0.300539 -0.232639 0.924962
vn 0.305239 -0.155889 0.939430
vn 0.154522 -0.155889 0.975613
vn 0.300539 -0.232639 0.924962
vn 0.441534 -0.232640 0.866560
vn 0.448440 -0.155889 0.880114
vn 0.305239 -0.155889 0.939430
vn 0.441534 -0.232640 0.866560
vn 0.571658 -0.232639 0.786820
vn 0.580600 -0.155889 0.799126
vn 0.448440 -0.155889 0.880114
vn 0.571658 -0.232639 0.786820
vn 0.687706 -0.232639 0.687706
vn 0.698462 -0.155889 0.698462
vn 0.580600 -0.155889 0.799126
vn 0.687706 -0.232639 0.687706
vn 0.786820 -0.232639 0.571658
vn 0.799127 -0.155889 0.580599
vn 0.698462 -0.155889 0.698462
vn 0.786820 -0.232639 0.571658
vn 0.866560 -0.232639 0.441534
vn 0.880114 -0.155889 0.448440
vn 0.799127 -0.155889 0.580599
vn 0.866560 -0.232639 0.441534
vn 0.924963 -0.232639 0.300538
vn 0.939430 -0.155889 0.305239
vn 0.880114 -0.155889 0.448440
vn 0.924963 -0.232639 0.300538
vn 0.960589 -0.232639 0.152142
vn 0.975613 -0.155889 0.154522
vn 0.939430 -0.155889 0.305239
vn 0.960589 -0.232639 0.152142
vn 0.972563 -0.232639 0.000002
vn 0.987775 -0.155889 0.000002
vn 0.975613 -0.155889 0.154522
vn 0.972563 -0.232639 0.000002
vn 0.960589 -0.232640 -0.152140
vn 0.975614 -0.155890 -0.154520
vn 0.987775 -0.155889 0.000002
vn 0.975614 -0.155890 -0.154520
vn 0.939429 -0.155890 -0.305239
vn 0.948145 -0.078184 -0.308071
vn 0.984665 -0.078184 -0.155953
vn 0.939429 -0.155890 -0.305239
vn 0.880114 -0.155889 -0.448440
vn 0.888279 -0.078184 -0.452601
vn 0.948145 -0.078184 -0.308071
vn 0.880114 -0.155889 -0.448440
vn 0.799127 -0.155889 -0.580599
vn 0.806541 -0.078184 -0.585986
vn 0.888279 -0.078184 -0.452601
vn 0.799127 -0.155889 -0.580599
vn 0.698462 -0.155889 -0.698462
vn 0.704942 -0.078184 -0.704942
vn 0.806541 -0.078184 -0.585986
vn 0.698462 -0.155889 -0.698462
vn 0.580599 -0.155889 -0.799127
vn 0.585986 -0.078184 -0.806541
vn 0.704942 -0.078184 -0.704942
vn 0.580599 -0.155889 -0.799127
vn 0.448441 -0.155889 -0.880113
vn 0.452601 -0.078184 -0.888279
vn 0.585986 -0.078184 -0.806541
vn 0.448441 -0.155889 -0.880113
vn 0.305239 -0.155889 -0.939430
vn 0.308071 -0.078184 -0.948145
vn 0.452601 -0.078184 -0.888279
vn 0.305239 -0.155889 -0.939430
vn 0.154522 -0.155889 -0.975613
vn 0.155956 -0.078184 -0.984665
vn 0.308071 -0.078184 -0.948145
vn 0.154522 -0.155889 -0.975613
vn 0.000000 -0.155889 -0.987775
vn 0.000000 -0.078184 -0.996939
vn 0.155956 -0.078184 -0.984665
vn 0.000000 -0.155889 -0.987775
vn -0.154522 -0.155889 -0.975613
vn -0.155956 -0.078184 -0.984665
vn 0.000000 -0.078184 -0.996939
vn -0.154522 -0.155889 -0.975613
vn -0.305239 -0.155889 -0.939430
vn -0.308071 -0.078184 -0.948145
vn -0.155956 -0.078184 -0.984665
vn -0.305239 -0.155889 -0.939430
vn -0.448440 -0.155889 -0.880114
vn -0.452601 -0.078184 -0.888279
vn -0.308071 -0.078184 -0.948145
vn -0.448440 -0.155889 -0.880114
vn -0.580599 -0.155889 -0.799127
vn -0.585986 -0.078184 -0.806541
vn -0.452601 -0.078184 -0.888279
vn -0.580599 -0.155889 -0.799127
vn -0.698462 -0.155889 -0.698462
vn -0.704942 -0.078184 -0.704942
vn -0.585986 -0.078184 -0.806541
vn -0.698462 -0.155889 -0.698462
vn -0.799127 -0.155889 -0.580599
vn -0.806541 -0.078184 -0.585986
vn -0.704942 -0.078184 -0.704942
vn -0.799127 -0.155889 -0.580599
vn -0.880114 -0.155889 -0.448440
vn -0.888279 -0.078184 -0.452601
vn -0.806541 -0.078184 -0.585986
vn -0.880114 -0.155889 -0.448440
vn -0.939430 -0.155889 -0.305239
vn -0.948145 -0.078184 -0.308071
vn -0.888279 -0.078184 -0.452601
vn -0.939430 -0.155889 -0.305239
vn -0.975613 -0.155889 -0.154522
vn -0.984665 -0.078184 -0.155956
vn -0.948145 -0.078184 -0.308071
vn -0.975613 -0.155889 -0.154522
vn -0.987775 -0.155889 0.000000
vn -0.996939 -0.078184 0.000000
vn -0.984665 -0.078184 -0.155956
vn -0.987775 -0.155889 0.000000
vn -0.975613 -0.155889 0.154522
vn -0.984665 -0.078184 0.155956
vn -0.996939 -0.078184 0.000000
vn -0.975613 -0.155889 0.154522
vn -0.939430 -0.155889 0.305239
vn -0.948145 -0.078184 0.308071
vn -0.984665 -0.078184 0.155956
vn -0.939430 -0.155889 0.305239
vn -0.880114 -0.155889 0.448440
vn -0.888279 -0.078184 0.452601
vn -0.948145 -0.078184 0.308071
vn -0.880114 -0.155889 0.448440
vn -0.799127 -0.155889 0.580599
vn -0.806540 -0.078184 0.585986
vn -0.888279 -0.078184 0.452601
vn -0.799127 -0.155889 0.580599
vn -0.698462 -0.155889 0.698462
vn -0.704942 -0.078184 0.704942
vn -0.806540 -0.078184 0.585986
vn -0.698462 -0.155889 0.698462
vn -0.580599 -0.155889 0.799127
vn -0.585986 -0.078184 0.806540
vn -0.704942 -0.078184 0.704942
vn -0.580599 -0.155889 0.799127
vn -0.448440 -0.155889 0.880114
vn -0.452601 -0.078184 0.888279
vn -0.585986 -0.078184 0.806540
vn -0.448440 -0.155889 0.880114
vn -0.305239 -0.155889 0.939430
vn -0.308071 -0.078184 0.948145
vn -0.452601 -0.078184 0.888279
vn -0.305239 -0.155889 0.939430
vn -0.154522 -0.155889 0.975613
vn -0.155955 -0.078184 0.984665
vn -0.308071 -0.078184 0.948145
vn -0.154522 -0.155889 0.975613
vn 0.000000 -0.155889 0.987775
vn 0.000000 -0.078184 0.996939
vn -0.155955 -0.078184 0.984665
vn 0.000000 -0.155889 0.987775
vn 0.154522 -0.155889 0.975613
vn 0.155955 -0.078184 0.984665
vn 0.000000 -0.078184 0.996939
vn 0.154522 -0.155889 0.975613
vn 0.305239 -0.155889 0.939430
vn 0.308071 -0.078184 0.948145
vn 0.155955 -0.078184 0.984665
vn 0.305239 -0.155889 0.939430
vn 0.448440 -0.155889 0.880114
vn 0.452601 -0.078184 0.888279
vn 0.308071 -0.078184 0.948145
vn 0.448440 -0.155889 0.880114
vn 0.580600 -0.155889 0.799126
vn 0.585986 -0.078184 0.806540
vn 0.452601 -0.078184 0.888279
vn 0.580600 -0.155889 0.799126
vn 0.698462 -0.155889 0.698462
vn 0.704943 -0.078184 0.704942
vn 0.585986 -0.078184 0.806540
vn 0.698462 -0.155889 0.698462
vn 0.799127 -0.155889 0.580599
vn 0.806541 -0.078184 0.585986
vn 0.704943 -0.078184 0.704942
vn 0.799127 -0.155889 0.580599
vn 0.880114 -0.155889 0.448440
vn 0.888279 -0.078184 0.452601
vn 0.806541 -0.078184 0.585986
vn 0.880114 -0.155889 0.448440
vn 0.939430 -0.155889 0.305239
vn 0.948145 -0.078184 0.308071
vn 0.888279 -0.078184 0.452601
vn 0.939430 -0.155889 0.305239
vn 0.975613 -0.155889 0.154522
vn 0.984665 -0.078184 0.155955
vn 0.948145 -0.078184 0.308071
vn 0.975613 -0.155889 0.154522
vn 0.987775 -0.155889 0.000002
vn 0.996939 -0.078184 0.000002
vn 0.984665 -0.078184 0.155955
vn 0.987775 -0.155889 0.000002
vn 0.975614 -0.155890 -0.154520
vn 0.984665 -0.078184 -0.155953
vn 0.996939 -0.078184 0.000002
vn 0.984665 -0.078184 -0.155953
vn 0.948145 -0.078184 -0.308071
vn 0.951057 0.000000 -0.309017
vn 0.987689 0.000000 -0.156432
vn 0.948145 -0.078184 -0.308071
vn 0.888279 -0.078184 -0.452601
vn 0.891007 0.000000 -0.453990
vn 0.951057 0.000000 -0.309017
vn 0.888279 -0.078184 -0.452601
vn 0.806541 -0.078184 -0.585986
vn 0.809017 0.000000 -0.587785
vn 0.891007 0.000000 -0.453990
vn 0.806541 -0.078184 -0.585986
vn 0.704942 -0.078184 -0.704942
vn 0.707107 0.000000 -0.707107
vn 0.809017 0.000000 -0.587785
vn 0.704942 -0.078184 -0.704942
vn 0.585986 -0.078184 -0.806541
vn 0.587785 0.000000 -0.809017
vn 0.707107 0.000000 -0.707107
vn 0.585986 -0.078184 -0.806541
vn 0.452601 -0.078184 -0.888279
vn 0.453991 0.000000 -0.891006
vn 0.587785 0.000000 -0.809017
vn 0.452601 -0.078184 -0.888279
vn 0.308071 -0.078184 -0.948145
vn 0.309017 0.000000 -0.951057
vn 0.453991 0.000000 -0.891006
vn 0.308071 -0.078184 -0.948145
vn 0.155956 -0.078184 -0.984665
vn 0.156434 0.000000 -0.987688
vn 0.309017 0.000000 -0.951057
vn 0.155956 -0.078184 -0.984665
vn 0.000000 -0.078184 -0.996939
vn 0.000000 0.000000 -1.000000
vn 0.156434 0.000000 -0.987688
vn 0.000000 -0.078184 -0.996939
vn -0.155956 -0.078184 -0.984665
vn -0.156434 0.000000 -0.987688
vn 0.000000 0.000000 -1.000000
vn -0.155956 -0.078184 -0.984665
vn -0.308071 -0.078184 -0.948145
vn -0.309017 0.000000 -0.951057
vn -0.156434 0.000000 -0.987688
vn -0.308071 -0.078184 -0.948145
vn -0.452601 -0.078184 -0.888279
vn -0.453991 0.000000 -0.891006
vn -0.309017 0.000000 -0.951057
vn -0.452601 -0.078184 -0.888279
vn -0.585986 -0.078184 -0.806541
vn -0.587785 0.000000 -0.809017
vn -0.453991 0.000000 -0.891006
vn -0.585986 -0.078184 -0.806541
vn -0.704942 -0.078184 -0.704942
vn -0.707106 0.000000 -0.707107
vn -0.587785 0.000000 -0.809017
vn -0.704942 -0.078184 -0.704942
vn -0.806541 -0.078184 -0.585986
vn -0.809017 0.000000 -0.587785
vn -0.707106 0.000000 -0.707107
vn -0.806541 -0.078184 -0.585986
vn -0.888279 -0.078184 -0.452601
vn -0.891006 0.000000 -0.453991
vn -0.809017 0.000000 -0.587785
vn -0.888279 -0.078184 -0.452601
vn -0.948145 -0.078184 -0.308071
vn -0.951057 0.000000 -0.309017
vn -0.891006 0.000000 -0.453991
vn -0.948145 -0.078184 -0.308071
vn -0.984665 -0.078184 -0.155956
vn -0.987688 0.000000 -0.156435
vn -0.951057 0.000000 -0.309017
vn -0.984665 -0.078184 -0.155956
vn -0.996939 -0.078184 0.000000
vn -1.000000 0.000000 0.000000
vn -0.987688 0.000000 -0.156435
vn -0.996939 -0.078184 0.000000
vn -0.984665 -0.078184 0.155956
vn -0.987688 0.000000 0.156434
vn -1.000000 0.000000 0.000000
vn -0.984665 -0.078184 0.155956
vn -0.948145 -0.078184 0.308071
vn -0.951057 0.000000 0.309017
vn -0.987688 0.000000 0.156434
vn -0.948145 -0.078184 0.308071
vn -0.888279 -0.078184 0.452601
vn -0.891007 0.000000 0.453990
vn -0.951057 0.000000 0.309017
vn -0.888279 -0.078184 0.452601
vn -0.806540 -0.078184 0.585986
vn -0.809017 0.000000 0.587785
vn -0.891007 0.000000 0.453990
vn -0.806540 -0.078184 0.585986
vn -0.704942 -0.078184 0.704942
vn -0.707107 0.000000 0.707107
vn -0.809017 0.000000 0.587785
vn -0.704942 -0.078184 0.704942
vn -0.585986 -0.078184 0.806540
vn -0.587786 0.000000 0.809017
vn -0.707107 0.000000 0.707107
vn -0.585986 -0.078184 0.806540
vn -0.452601 -0.078184 0.888279
vn -0.453991 0.000000 0.891006
vn -0.587786 0.000000 0.809017
vn -0.452601 -0.078184 0.888279
vn -0.308071 -0.078184 0.948145
vn -0.309017 0.000000 0.951057
vn -0.453991 0.000000 0.891006
vn -0.308071 -0.078184 0.948145
vn -0.155955 -0.078184 0.984665
vn -0.156434 0.000000 0.987688
vn -0.309017 0.000000 0.951057
vn -0.155955 -0.078184 0.984665
vn 0.000000 -0.078184 0.996939
vn 0.000000 0.000000 1.000000
vn -0.156434 0.000000 0.987688
vn 0.000000 -0.078184 0.996939
vn 0.155955 -0.078184 0.984665
vn 0.156434 0.000000 0.987688
vn 0.000000 0.000000 1.000000
vn 0.155955 -0.078184 0.984665
vn 0.308071 -0.078184 0.948145
vn 0.309017 0.000000 0.951057
vn 0.156434 0.000000 0.987688
vn 0.308071 -0.078184 0.948145
vn 0.452601 -0.078184 0.888279
vn 0.453990 0.000000 0.891007
vn 0.309017 0.000000 0.951057
vn 0.452601 -0.078184 0.888279
vn 0.585986 -0.078184 0.806540
vn 0.587785 0.000000 0.809017
vn 0.453990 0.000000 0.891007
vn 0.585986 -0.078184 0.806540
vn 0.704943 -0.078184 0.704942
vn 0.707107 0.000000 0.707107
vn 0.587785 0.000000 0.809017
vn 0.704943 -0.078184 0.704942
vn 0.806541 -0.078184 0.585986
vn 0.809017 0.000000 0.587785
vn 0.707107 0.000000 0.707107
vn 0.806541 -0.078184 0.585986
vn 0.888279 -0.078184 0.452601
vn 0.891007 0.000000 0.453990
vn 0.809017 0.000000 0.587785
vn 0.888279 -0.078184 0.452601
vn 0.948145 -0.078184 0.308071
vn 0.951057 0.000000 0.309017
vn 0.891007 0.000000 0.453990
vn 0.948145 -0.078184 0.308071
vn 0.984665 -0.078184 0.155955
vn 0.987688 0.000000 0.156434
vn 0.951057 0.000000 0.309017
vn 0.984665 -0.078184 0.155955
vn 0.996939 -0.078184 0.000002
vn 1.000000 0.000000 0.000002
vn 0.987688 0.000000 0.156434
vn 0.996939 -0.078184 0.000002
vn 0.984665 -0.078184 -0.155953
vn 0.987689 0.000000 -0.156432
vn 1.000000 0.000000 0.000002
vn 0.987689 0.000000 -0.156432
vn 0.951057 0.000000 -0.309017
vn 0.948145 0.078184 -0.308071
vn 0.984665 0.078184 -0.155953
vn 0.951057 0.000000 -0.309017
vn 0.891007 0.000000 -0.453990
vn 0.888279 0.078184 -0.452601
vn 0.948145 0.078184 -0.308071
vn 0.891007 0.000000 -0.453990
vn 0.809017 0.000000 -0.587785
vn 0.806541 0.078184 -0.585986
vn 0.888279 0.078184 -0.452601
vn 0.809017 0.000000 -0.587785
vn 0.707107 0.000000 -0.707107
vn 0.704942 0.078184 -0.704942
vn 0.806541 0.078184 -0.585986
vn 0.707107 0.000000 -0.707107
vn 0.587785 0.000000 -0.809017
vn 0.585986 0.078184 -0.806541
vn 0.704942 0.078184 -0.704942
vn 0.587785 0.000000 -0.809017
vn 0.453991 0.000000 -0.891006
vn 0.452601 0.078184 -0.888279
vn 0.585986 0.078184 -0.806541
vn 0.453991 0.000000 -0.891006
vn 0.309017 0.000000 -0.951057
vn 0.308071 0.078184 -0.948145
vn 0.452601 0.078184 -0.888279
vn 0.309017 0.000000 -0.951057
vn 0.156434 0.000000 -0.987688
vn 0.155956 0.078184 -0.984665
vn 0.308071 0.078184 -0.948145
vn 0.156434 0.000000 -0.987688
vn 0.000000 0.000000 -1.000000
vn 0.000000 0.078184 -0.996939
vn 0.155956 0.078184 -0.984665
vn 0.000000 0.000000 -1.000000
vn -0.156434 0.000000 -0.987688
vn -0.155956 0.078184 -0.984665
vn 0.000000 0.078184 -0.996939
vn -0.156434 0.000000 -0.987688
vn -0.309017 0.000000 -0.951057
vn -0.308071 0.078184 -0.948145
vn -0.155956 0.078184 -0.984665
vn -0.309017 0.000000 -0.951057
vn -0.453991 0.000000 -0.891006
vn -0.452601 0.078184 -0.888279
vn -0.308071 0.078184 -0.948145
vn -0.453991 0.000000 -0.891006
vn -0.587785 0.000000 -0.809017
vn -0.585986 0.078184 -0.806541
vn -0.452601 0.078184 -0.888279
vn -0.587785 0.000000 -0.809017
vn -0.707106 0.000000 -0.707107
vn -0.704942 0.078184 -0.704942
vn -0.585986 0.078184 -0.806541
vn -0.707106 0.000000 -0.707107
vn -0.809017 0.000000 -0.587785
vn -0.806540 0.078184 -0.585986
vn -0.704942 0.078184 -0.704942
vn -0.809017 0.000000 -0.587785
vn -0.891006 0.000000 -0.453991
vn -0.888279 0.078184 -0.452601
vn -0.806540 0.078184 -0.585986
vn -0.891006 0.000000 -0.453991
vn -0.951057 0.000000 -0.309017
vn -0.948145 0.078184 -0.308071
vn -0.888279 0.078184 -0.452601
vn -0.951057 0.000000 -0.309017
vn -0.987688 0.000000 -0.156435
vn -0.984665 0.078184 -0.155956
vn -0.948145 0.078184 -0.308071
vn -0.987688 0.000000 -0.156435
vn -1.000000 0.000000 0.000000
vn -0.996939 0.078184 0.000000
vn -0.984665 0.078184 -0.155956
vn -1.000000 0.000000 0.000000
vn -0.987688 0.000000 0.156434
vn -0.984665 0.078184 0.155956
vn -0.996939 0.078184 0.000000
vn -0.987688 0.000000 0.156434
vn -0.951057 0.000000 0.309017
vn -0.948145 0.078184 0.308071
vn -0.984665 0.078184 0.155956
vn -0.951057 0.000000 0.309017
vn -0.891007 0.000000 0.453990
vn -0.888279 0.078184 0.452601
vn -0.948145 0.078184 0.308071
vn -0.891007 0.000000 0.453990
vn -0.809017 0.000000 0.587785
vn -0.806541 0.078184 0.585986
vn -0.888279 0.078184 0.452601
vn -0.809017 0.000000 0.587785
vn -0.707107 0.000000 0.707107
vn -0.704942 0.078184 0.704942
vn -0.806541 0.078184 0.585986
vn -0.707107 0.000000 0.707107
vn -0.587786 0.000000 0.809017
vn -0.585986 0.078184 0.806540
vn -0.704942 0.078184 0.704942
vn -0.587786 0.000000 0.809017
vn -0.453991 0.000000 0.891006
vn -0.452601 0.078184 0.888279
vn -0.585986 0.078184 0.806540
vn -0.453991 0.000000 0.891006
vn -0.309017 0.000000 0.951057
vn -0.308071 0.078184 0.948145
vn -0.452601 0.078184 0.888279
vn -0.309017 0.000000 0.951057
vn -0.156434 0.000000 0.987688
vn -0.155955 0.078184 0.984665
vn -0.308071 0.078184 0.948145
vn -0.156434 0.000000 0.987688
vn 0.000000 0.000000 1.000000
vn 0.000000 0.078184 0.996939
vn -0.155955 0.078184 0.984665
vn 0.000000 0.000000 1.000000
vn 0.156434 0.000000 0.987688
vn 0.155955 0.078184 0.984665
vn 0.000000 0.078184 0.996939
vn 0.156434 0.000000 0.987688
vn 0.309017 0.000000 0.951057
vn 0.308071 0.078184 0.948145
vn 0.155955 0.078184 0.984665
vn 0.309017 0.000000 0.951057
vn 0.453990 0.000000 0.891007
vn 0.452601 0.078184 0.888279
vn 0.308071 0.078184 0.948145
vn 0.453990 0.000000 0.891007
vn 0.587785 0.000000 0.809017
vn 0.585986 0.078184 0.806540
vn 0.452601 0.078184 0.888279
vn 0.587785 0.000000 0.809017
vn 0.707107 0.000000 0.707107
vn 0.704943 0.078184 0.704942
vn 0.585986 0.078184 0.806540
vn 0.707107 0.000000 0.707107
vn 0.809017 0.000000 0.587785
vn 0.806541 0.078184 0.585986
vn 0.704943 0.078184 0.704942
vn 0.809017 0.000000 0.587785
vn 0.891007 0.000000 0.453990
vn 0.888279 0.078184 0.452601
vn 0.806541 0.078184 0.585986
vn 0.891007 0.000000 0.453990
vn 0.951057 0.000000 0.309017
vn 0.948145 0.078184 0.308071
vn 0.888279 0.078184 0.452601
vn 0.951057 0.000000 0.309017
vn 0.987688 0.000000 0.156434
vn 0.984665 0.078184 0.155955
vn 0.948145 0.078184 0.308071
vn 0.987688 0.000000 0.156434
vn 1.000000 0.000000 0.000002
vn 0.996939 0.078184 0.000002
vn 0.984665 0.078184 0.155955
vn 1.000000 0.000000 0.000002
vn 0.987689 0.000000 -0.156432
vn 0.984665 0.078184 -0.155953
vn 0.996939 0.078184 0.000002
vn 0.984665 0.078184 -0.155953
vn 0.948145 0.078184 -0.308071
vn 0.939429 0.155890 -0.305239
vn 0.975614 0.155890 -0.154520
vn 0.948145 0.078184 -0.308071
vn 0.888279 0.078184 -0.452601
vn 0.880114 0.155889 -0.448440
vn 0.939429 0.155890 -0.305239
vn 0.888279 0.078184 -0.452601
vn 0.806541 0.078184 -0.585986
vn 0.799127 0.155889 -0.580599
vn 0.880114 0.155889 -0.448440
vn 0.806541 0.078184 -0.585986
vn 0.704942 0.078184 -0.704942
vn 0.698462 0.155889 -0.698462
vn 0.799127 0.155889 -0.580599
vn 0.704942 0.078184 -0.704942
vn 0.585986 0.078184 -0.806541
vn 0.580599 0.155889 -0.799127
vn 0.698462 0.155889 -0.698462
vn 0.585986 0.078184 -0.806541
vn 0.452601 0.078184 -0.888279
vn 0.448441 0.155889 -0.880113
vn 0.580599 0.155889 -0.799127
vn 0.452601 0.078184 -0.888279
vn 0.308071 0.078184 -0.948145
vn 0.305239 0.155889 -0.939430
vn 0.448441 0.155889 -0.880113
vn 0.308071 0.078184 -0.948145
vn 0.155956 0.078184 -0.984665
vn 0.154522 0.155889 -0.975613
vn 0.305239 0.155889 -0.939430
vn 0.155956 0.078184 -0.984665
vn 0.000000 0.078184 -0.996939
vn 0.000000 0.155889 -0.987775
vn 0.154522 0.155889 -0.975613
vn 0.000000 0.078184 -0.996939
vn -0.155956 0.078184 -0.984665
vn -0.154522 0.155889 -0.975613
vn 0.000000 0.155889 -0.987775
vn -0.155956 0.078184 -0.984665
vn -0.308071 0.078184 -0.948145
vn -0.305239 0.155889 -0.939430
vn -0.154522 0.155889 -0.975613
vn -0.308071 0.078184 -0.948145
vn -0.452601 0.078184 -0.888279
vn -0.448440 0.155889 -0.880114
vn -0.305239 0.155889 -0.939430
vn -0.452601 0.078184 -0.888279
vn -0.585986 0.078184 -0.806541
vn -0.580599 0.155889 -0.799127
vn -0.448440 0.155889 -0.880114
vn -0.585986 0.078184 -0.806541
vn -0.704942 0.078184 -0.704942
vn -0.698462 0.155889 -0.698462
vn -0.580599 0.155889 -0.799127
vn -0.704942 0.078184 -0.704942
vn -0.806540 0.078184 -0.585986
vn -0.799127 0.155889 -0.580599
vn -0.698462 0.155889 -0.698462
vn -0.806540 0.078184 -0.585986
vn -0.888279 0.078184 -0.452601
vn -0.880114 0.155889 -0.448440
vn -0.799127 0.155889 -0.580599
vn -0.888279 0.078184 -0.452601
vn -0.948145 0.078184 -0.308071
vn -0.939430 0.155889 -0.305239
vn -0.880114 0.155889 -0.448440
vn -0.948145 0.078184 -0.308071
vn -0.984665 0.078184 -0.155956
vn -0.975613 0.155889 -0.154522
vn -0.939430 0.155889 -0.305239
vn -0.984665 0.078184 -0.155956
vn -0.996939 0.078184 0.000000
vn -0.987775 0.155889 0.000000
vn -0.975613 0.155889 -0.154522
vn -0.996939 0.078184 0.000000
vn -0.984665 0.078184 0.155956
vn -0.975613 0.155889 0.154522
vn -0.987775 0.155889 0.000000
vn -0.984665 0.078184 0.155956
vn -0.948145 0.078184 0.308071
vn -0.939430 0.155889 0.305239
vn -0.975613 0.155889 0.154522
vn -0.948145 0.078184 0.308071
vn -0.888279 0.078184 0.452601
vn -0.880114 0.155889 0.448440
vn -0.939430 0.155889 0.305239
vn -0.888279 0.078184 0.452601
vn -0.806541 0.078184 0.585986
vn -0.799127 0.155889 0.580599
vn -0.880114 0.155889 0.448440
vn -0.806541 0.078184 0.585986
vn -0.704942 0.078184 0.704942
vn -0.698462 0.155889 0.698462
vn -0.799127 0.155889 0.580599
vn -0.704942 0.078184 0.704942
vn -0.585986 0.078184 0.806540
vn -0.580599 0.155889 0.799127
vn -0.698462 0.155889 0.698462
vn -0.585986 0.078184 0.806540
vn -0.452601 0.078184 0.888279
vn -0.448440 0.155889 0.880114
vn -0.580599 0.155889 0.799127
vn -0.452601 0.078184 0.888279
vn -0.308071 0.078184 0.948145
vn -0.305239 0.155889 0.939430
vn -0.448440 0.155889 0.880114
vn -0.308071 0.078184 0.948145
vn -0.155955 0.078184 0.984665
vn -0.154522 0.155889 0.975613
vn -0.305239 0.155889 0.939430
vn -0.155955 0.078184 0.984665
vn 0.000000 0.078184 0.996939
vn 0.000000 0.155889 0.987775
vn -0.154522 0.155889 0.975613
vn 0.000000 0.078184 0.996939
vn 0.155955 0.078184 0.984665
vn 0.154522 0.155889 0.975613
vn 0.000000 0.155889 0.987775
vn 0.155955 0.078184 0.984665
vn 0.308071 0.078184 0.948145
vn 0.305239 0.155889 0.939430
vn 0.154522 0.155889 0.975613
vn 0.308071 0.078184 0.948145
vn 0.452601 0.078184 0.888279
vn 0.448440 0.155889 0.880114
vn 0.305239 0.155889 0.939430
vn 0.452601 0.078184 0.888279
vn 0.585986 0.078184 0.806540
vn 0.580600 0.155889 0.799126
vn 0.448440 0.155889 0.880114
vn 0.585986 0.078184 0.806540
vn 0.704943 0.078184 0.704942
vn 0.698462 0.155889 0.698462
vn 0.580600 0.155889 0.799126
vn 0.704943 0.078184 0.704942
vn 0.806541 0.078184 0.585986
vn 0.799127 0.155889 0.580599
vn 0.698462 0.155889 0.698462
vn 0.806541 0.078184 0.585986
vn 0.888279 0.078184 0.452601
vn 0.880114 0.155889 0.448440
vn 0.799127 0.155889 0.580599
vn 0.888279 0.078184 0.452601
vn 0.948145 0.078184 0.308071
vn 0.939430 0.155889 0.305239
vn 0.880114 0.155889 0.448440
vn 0.948145 0.078184 0.308071
vn 0.984665 0.078184 0.155955
vn 0.975613 0.155889 0.154522
vn 0.939430 0.155889 0.305239
vn 0.984665 0.078184 0.155955
vn 0.996939 0.078184 0.000002
vn 0.987775 0.155889 0.000002
vn 0.975613 0.155889 0.154522
vn 0.996939 0.078184 0.000002
vn 0.984665 0.078184 -0.155953
vn 0.975614 0.155890 -0.154520
vn 0.987775 0.155889 0.000002
vn 0.975614 0.155890 -0.154520
vn 0.939429 0.155890 -0.305239
vn 0.924963 0.232640 -0.300538
vn 0.960589 0.232640 -0.152140
vn 0.939429 0.155890 -0.305239
vn 0.880114 0.155889 -0.448440
vn 0.866560 0.232640 -0.441534
vn 0.924963 0.232640 -0.300538
vn 0.880114 0.155889 -0.448440
vn 0.799127 0.155889 -0.580599
vn 0.786820 0.232639 -0.571658
vn 0.866560 0.232640 -0.441534
vn 0.799127 0.155889 -0.580599
vn 0.698462 0.155889 -0.698462
vn 0.687706 0.232639 -0.687706
vn 0.786820 0.232639 -0.571658
vn 0.698462 0.155889 -0.698462
vn 0.580599 0.155889 -0.799127
vn 0.571658 0.232639 -0.786820
vn 0.687706 0.232639 -0.687706
vn 0.580599 0.155889 -0.799127
vn 0.448441 0.155889 -0.880113
vn 0.441535 0.232640 -0.866560
vn 0.571658 0.232639 -0.786820
vn 0.448441 0.155889 -0.880113
vn 0.305239 0.155889 -0.939430
vn 0.300539 0.232639 -0.924962
vn 0.441535 0.232640 -0.866560
vn 0.305239 0.155889 -0.939430
vn 0.154522 0.155889 -0.975613
vn 0.152142 0.232639 -0.960589
vn 0.300539 0.232639 -0.924962
vn 0.154522 0.155889 -0.975613
vn 0.000000 0.155889 -0.987775
vn 0.000000 0.232639 -0.972563
vn 0.152142 0.232639 -0.960589
vn 0.000000 0.155889 -0.987775
vn -0.154522 0.155889 -0.975613
vn -0.152142 0.232639 -0.960589
vn 0.000000 0.232639 -0.972563
vn -0.154522 0.155889 -0.975613
vn -0.305239 0.155889 -0.939430
vn -0.300538 0.232640 -0.924962
vn -0.152142 0.232639 -0.960589
vn -0.305239 0.155889 -0.939430
vn -0.448440 0.155889 -0.880114
vn -0.441534 0.232640 -0.866560
vn -0.300538 0.232640 -0.924962
vn -0.448440 0.155889 -0.880114
vn -0.580599 0.155889 -0.799127
vn -0.571658 0.232639 -0.786820
vn -0.441534 0.232640 -0.866560
vn -0.580599 0.155889 -0.799127
vn -0.698462 0.155889 -0.698462
vn -0.687706 0.232639 -0.687706
vn -0.571658 0.232639 -0.786820
vn -0.698462 0.155889 -0.698462
vn -0.799127 0.155889 -0.580599
vn -0.786820 0.232639 -0.571658
vn -0.687706 0.232639 -0.687706
vn -0.799127 0.155889 -0.580599
vn -0.880114 0.155889 -0.448440
vn -0.866560 0.232640 -0.441534
vn -0.786820 0.232639 -0.571658
vn -0.880114 0.155889 -0.448440
vn -0.939430 0.155889 -0.305239
vn -0.924962 0.232639 -0.300539
vn -0.866560 0.232640 -0.441534
vn -0.939430 0.155889 -0.305239
vn -0.975613 0.155889 -0.154522
vn -0.960589 0.232639 -0.152142
vn -0.924962 0.232639 -0.300539
vn -0.975613 0.155889 -0.154522
vn -0.987775 0.155889 0.000000
vn -0.972563 0.232639 0.000000
vn -0.960589 0.232639 -0.152142
vn -0.987775 0.155889 0.000000
vn -0.975613 0.155889 0.154522
vn -0.960589 0.232639 0.152142
vn -0.972563 0.232639 0.000000
vn -0.975613 0.155889 0.154522
vn -0.939430 0.155889 0.305239
vn -0.924963 0.232639 0.300538
vn -0.960589 0.232639 0.152142
vn -0.939430 0.155889 0.305239
vn -0.880114 0.155889 0.448440
vn -0.866560 0.232639 0.441534
vn -0.924963 0.232639 0.300538
vn -0.880114 0.155889 0.448440
vn -0.799127 0.155889 0.580599
vn -0.786820 0.232639 0.571658
vn -0.866560 0.232639 0.441534
vn -0.799127 0.155889 0.580599
vn -0.698462 0.155889 0.698462
vn -0.687706 0.232639 0.687706
vn -0.786820 0.232639 0.571658
vn -0.698462 0.155889 0.698462
vn -0.580599 0.155889 0.799127
vn -0.571658 0.232639 0.786820
vn -0.687706 0.232639 0.687706
vn -0.580599 0.155889 0.799127
vn -0.448440 0.155889 0.880114
vn -0.441535 0.232639 0.866560
vn -0.571658 0.232639 0.786820
vn -0.448440 0.155889 0.880114
vn -0.305239 0.155889 0.939430
vn -0.300539 0.232639 0.924962
vn -0.441535 0.232639 0.866560
vn -0.305239 0.155889 0.939430
vn -0.154522 0.155889 0.975613
vn -0.152142 0.232639 0.960589
vn -0.300539 0.232639 0.924962
vn -0.154522 0.155889 0.975613
vn 0.000000 0.155889 0.987775
vn 0.000000 0.232639 0.972563
vn -0.152142 0.232639 0.960589
vn 0.000000 0.155889 0.987775
vn 0.154522 0.155889 0.975613
vn 0.152142 0.232639 0.960589
vn 0.000000 0.232639 0.972563
vn 0.154522 0.155889 0.975613
vn 0.305239 0.155889 0.939430
vn 0.300539 0.232639 0.924963
vn 0.152142 0.232639 0.960589
vn 0.305239 0.155889 0.939430
vn 0.448440 0.155889 0.880114
vn 0.441534 0.232639 0.866560
vn 0.300539 0.232639 0.924963
vn 0.448440 0.155889 0.880114
vn 0.580600 0.155889 0.799126
vn 0.571658 0.232639 0.786820
vn 0.441534 0.232639 0.866560
vn 0.580600 0.155889 0.799126
vn 0.698462 0.155889 0.698462
vn 0.687706 0.232639 0.687706
vn 0.571658 0.232639 0.786820
vn 0.698462 0.155889 0.698462
vn 0.799127 0.155889 0.580599
vn 0.786820 0.232639 0.571658
vn 0.687706 0.232639 0.687706
vn 0.799127 0.155889 0.580599
vn 0.880114 0.155889 0.448440
vn 0.866560 0.232639 0.441534
vn 0.786820 0.232639 0.571658
vn 0.880114 0.155889 0.448440
vn 0.939430 0.155889 0.305239
vn 0.924963 0.232639 0.300538
vn 0.866560 0.232639 0.441534
vn 0.939430 0.155889 0.305239
vn 0.975613 0.155889 0.154522
vn 0.960589 0.232639 0.152142
vn 0.924963 0.232639 0.300538
vn 0.975613 0.155889 0.154522
vn 0.987775 0.155889 0.000002
vn 0.972563 0.232639 0.000002
vn 0.960589 0.232639 0.152142
vn 0.987775 0.155889 0.000002
vn 0.975614 0.155890 -0.154520
vn 0.960589 0.232640 -0.152140
vn 0.972563 0.232639 0.000002
vn 0.960589 0.232640 -0.152140
vn 0.924963 0.232640 -0.300538
vn 0.904834 0.307962 -0.293998
vn 0.939686 0.307962 -0.148830
vn 0.924963 0.232640 -0.300538
vn 0.866560 0.232640 -0.441534
vn 0.847703 0.307962 -0.431926
vn 0.904834 0.307962 -0.293998
vn 0.866560 0.232640 -0.441534
vn 0.786820 0.232639 -0.571658
vn 0.769698 0.307962 -0.559218
vn 0.847703 0.307962 -0.431926
vn 0.786820 0.232639 -0.571658
vn 0.687706 0.232639 -0.687706
vn 0.672741 0.307962 -0.672740
vn 0.769698 0.307962 -0.559218
vn 0.687706 0.232639 -0.687706
vn 0.571658 0.232639 -0.786820
vn 0.559218 0.307962 -0.769698
vn 0.672741 0.307962 -0.672740
vn 0.571658 0.232639 -0.786820
vn 0.441535 0.232640 -0.866560
vn 0.431926 0.307962 -0.847702
vn 0.559218 0.307962 -0.769698
vn 0.441535 0.232640 -0.866560
vn 0.300539 0.232639 -0.924962
vn 0.293999 0.307962 -0.904834
vn 0.431926 0.307962 -0.847702
vn 0.300539 0.232639 -0.924962
vn 0.152142 0.232639 -0.960589
vn 0.148832 0.307962 -0.939685
vn 0.293999 0.307962 -0.904834
vn 0.152142 0.232639 -0.960589
vn 0.000000 0.232639 -0.972563
vn 0.000000 0.307962 -0.951399
vn 0.148832 0.307962 -0.939685
vn 0.000000 0.232639 -0.972563
vn -0.152142 0.232639 -0.960589
vn -0.148831 0.307963 -0.939685
vn 0.000000 0.307962 -0.951399
vn -0.152142 0.232639 -0.960589
vn -0.300538 0.232640 -0.924962
vn -0.293998 0.307962 -0.904834
vn -0.148831 0.307963 -0.939685
vn -0.300538 0.232640 -0.924962
vn -0.441534 0.232640 -0.866560
vn -0.431926 0.307962 -0.847702
vn -0.293998 0.307962 -0.904834
vn -0.441534 0.232640 -0.866560
vn -0.571658 0.232639 -0.786820
vn -0.559218 0.307962 -0.769698
vn -0.431926 0.307962 -0.847702
vn -0.571658 0.232639 -0.786820
vn -0.687706 0.232639 -0.687706
vn -0.672740 0.307962 -0.672741
vn -0.559218 0.307962 -0.769698
vn -0.687706 0.232639 -0.687706
vn -0.786820 0.232639 -0.571658
vn -0.769698 0.307962 -0.559218
vn -0.672740 0.307962 -0.672741
vn -0.786820 0.232639 -0.571658
vn -0.866560 0.232640 -0.441534
vn -0.847702 0.307962 -0.431926
vn -0.769698 0.307962 -0.559218
vn -0.866560 0.232640 -0.441534
vn -0.924962 0.232639 -0.300539
vn -0.904834 0.307962 -0.293998
vn -0.847702 0.307962 -0.431926
vn -0.924962 0.232639 -0.300539
vn -0.960589 0.232639 -0.152142
vn -0.939685 0.307962 -0.148832
vn -0.904834 0.307962 -0.293998
vn -0.960589 0.232639 -0.152142
vn -0.972563 0.232639 0.000000
vn -0.951398 0.307963 0.000000
vn -0.939685 0.307962 -0.148832
vn -0.972563 0.232639 0.000000
vn -0.960589 0.232639 0.152142
vn -0.939685 0.307963 0.148831
vn -0.951398 0.307963 0.000000
vn -0.960589 0.232639 0.152142
vn -0.924963 0.232639 0.300538
vn -0.904834 0.307963 0.293998
vn -0.939685 0.307963 0.148831
vn -0.924963 0.232639 0.300538
vn -0.866560 0.232639 0.441534
vn -0.847702 0.307963 0.431926
vn -0.904834 0.307963 0.293998
vn -0.866560 0.232639 0.441534
vn -0.786820 0.232639 0.571658
vn -0.769698 0.307962 0.559218
vn -0.847702 0.307963 0.431926
vn -0.786820 0.232639 0.571658
vn -0.687706 0.232639 0.687706
vn -0.672740 0.307962 0.672740
vn -0.769698 0.307962 0.559218
vn -0.687706 0.232639 0.687706
vn -0.571658 0.232639 0.786820
vn -0.559218 0.307962 0.769698
vn -0.672740 0.307962 0.672740
vn -0.571658 0.232639 0.786820
vn -0.441535 0.232639 0.866560
vn -0.431926 0.307962 0.847702
vn -0.559218 0.307962 0.769698
vn -0.441535 0.232639 0.866560
vn -0.300539 0.232639 0.924962
vn -0.293999 0.307962 0.904834
vn -0.431926 0.307962 0.847702
vn -0.300539 0.232639 0.924962
vn -0.152142 0.232639 0.960589
vn -0.148831 0.307962 0.939685
vn -0.293999 0.307962 0.904834
vn -0.152142 0.232639 0.960589
vn 0.000000 0.232639 0.972563
vn 0.000000 0.307962 0.951399
vn -0.148831 0.307962 0.939685
vn 0.000000 0.232639 0.972563
vn 0.152142 0.232639 0.960589
vn 0.148832 0.307962 0.939685
vn 0.000000 0.307962 0.951399
vn 0.152142 0.232639 0.960589
vn 0.300539 0.232639 0.924963
vn 0.293999 0.307962 0.904834
vn 0.148832 0.307962 0.939685
vn 0.300539 0.232639 0.924963
vn 0.441534 0.232639 0.866560
vn 0.431926 0.307962 0.847702
vn 0.293999 0.307962 0.904834
vn 0.441534 0.232639 0.866560
vn 0.571658 0.232639 0.786820
vn 0.559218 0.307963 0.769698
vn 0.431926 0.307962 0.847702
vn 0.571658 0.232639 0.786820
vn 0.687706 0.232639 0.687706
vn 0.672741 0.307962 0.672740
vn 0.559218 0.307963 0.769698
vn 0.687706 0.232639 0.687706
vn 0.786820 0.232639 0.571658
vn 0.769698 0.307962 0.559218
vn 0.672741 0.307962 0.672740
vn 0.786820 0.232639 0.571658
vn 0.866560 0.232639 0.441534
vn 0.847702 0.307962 0.431926
vn 0.769698 0.307962 0.559218
vn 0.866560 0.232639 0.441534
vn 0.924963 0.232639 0.300538
vn 0.904834 0.307962 0.293998
vn 0.847702 0.307962 0.431926
vn 0.924963 0.232639 0.300538
vn 0.960589 0.232639 0.152142
vn 0.939685 0.307962 0.148831
vn 0.904834 0.307962 0.293998
vn 0.960589 0.232639 0.152142
vn 0.972563 0.232639 0.000002
vn 0.951399 0.307962 0.000002
vn 0.939685 0.307962 0.148831
vn 0.972563 0.232639 0.000002
vn 0.960589 0.232640 -0.152140
vn 0.939686 0.307962 -0.148830
vn 0.951399 0.307962 0.000002
vn 0.939686 0.307962 -0.148830
vn 0.904834 0.307962 -0.293998
vn 0.879167 0.381397 -0.285659
vn 0.913031 0.381397 -0.144608
vn 0.904834 0.307962 -0.293998
vn 0.847703 0.307962 -0.431926
vn 0.823657 0.381397 -0.419674
vn 0.879167 0.381397 -0.285659
vn 0.847703 0.307962 -0.431926
vn 0.769698 0.307962 -0.559218
vn 0.747865 0.381397 -0.543355
vn 0.823657 0.381397 -0.419674
vn 0.769698 0.307962 -0.559218
vn 0.672741 0.307962 -0.672740
vn 0.653658 0.381398 -0.653657
vn 0.747865 0.381397 -0.543355
vn 0.672741 0.307962 -0.672740
vn 0.559218 0.307962 -0.769698
vn 0.543355 0.381398 -0.747864
vn 0.653658 0.381398 -0.653657
vn 0.559218 0.307962 -0.769698
vn 0.431926 0.307962 -0.847702
vn 0.419674 0.381398 -0.823656
vn 0.543355 0.381398 -0.747864
vn 0.431926 0.307962 -0.847702
vn 0.293999 0.307962 -0.904834
vn 0.285659 0.381398 -0.879167
vn 0.419674 0.381398 -0.823656
vn 0.293999 0.307962 -0.904834
vn 0.148832 0.307962 -0.939685
vn 0.144610 0.381398 -0.913030
vn 0.285659 0.381398 -0.879167
vn 0.148832 0.307962 -0.939685
vn 0.000000 0.307962 -0.951399
vn 0.000000 0.381397 -0.924411
vn 0.144610 0.381398 -0.913030
vn 0.000000 0.307962 -0.951399
vn -0.148831 0.307963 -0.939685
vn -0.144610 0.381398 -0.913030
vn 0.000000 0.381397 -0.924411
vn -0.148831 0.307963 -0.939685
vn -0.293998 0.307962 -0.904834
vn -0.285658 0.381397 -0.879168
vn -0.144610 0.381398 -0.913030
vn -0.293998 0.307962 -0.904834
vn -0.431926 0.307962 -0.847702
vn -0.419674 0.381397 -0.823657
vn -0.285658 0.381397 -0.879168
vn -0.431926 0.307962 -0.847702
vn -0.559218 0.307962 -0.769698
vn -0.543355 0.381397 -0.747864
vn -0.419674 0.381397 -0.823657
vn -0.559218 0.307962 -0.769698
vn -0.672740 0.307962 -0.672741
vn -0.653657 0.381398 -0.653657
vn -0.543355 0.381397 -0.747864
vn -0.672740 0.307962 -0.672741
vn -0.769698 0.307962 -0.559218
vn -0.747864 0.381397 -0.543355
vn -0.653657 0.381398 -0.653657
vn -0.769698 0.307962 -0.559218
vn -0.847702 0.307962 -0.431926
vn -0.823656 0.381397 -0.419674
vn -0.747864 0.381397 -0.543355
vn -0.847702 0.307962 -0.431926
vn -0.904834 0.307962 -0.293998
vn -0.879167 0.381397 -0.285659
vn -0.823656 0.381397 -0.419674
vn -0.904834 0.307962 -0.293998
vn -0.939685 0.307962 -0.148832
vn -0.913030 0.381398 -0.144610
vn -0.879167 0.381397 -0.285659
vn -0.939685 0.307962 -0.148832
vn -0.951398 0.307963 0.000000
vn -0.924411 0.381398 0.000000
vn -0.913030 0.381398 -0.144610
vn -0.951398 0.307963 0.000000
vn -0.939685 0.307963 0.148831
vn -0.913030 0.381398 0.144610
vn -0.924411 0.381398 0.000000
vn -0.939685 0.307963 0.148831
vn -0.904834 0.307963 0.293998
vn -0.879167 0.381397 0.285659
vn -0.913030 0.381398 0.144610
vn -0.904834 0.307963 0.293998
vn -0.847702 0.307963 0.431926
vn -0.823656 0.381398 0.419674
vn -0.879167 0.381397 0.285659
vn -0.847702 0.307963 0.431926
vn -0.769698 0.307962 0.559218
vn -0.747864 0.381398 0.543355
vn -0.823656 0.381398 0.419674
vn -0.769698 0.307962 0.559218
vn -0.672740 0.307962 0.672740
vn -0.653657 0.381398 0.653657
vn -0.747864 0.381398 0.543355
vn -0.672740 0.307962 0.672740
vn -0.559218 0.307962 0.769698
vn -0.543355 0.381398 0.747864
vn -0.653657 0.381398 0.653657
vn -0.559218 0.307962 0.769698
vn -0.431926 0.307962 0.847702
vn -0.419674 0.381398 0.823656
vn -0.543355 0.381398 0.747864
vn -0.431926 0.307962 0.847702
vn -0.293999 0.307962 0.904834
vn -0.285659 0.381397 0.879167
vn -0.419674 0.381398 0.823656
vn -0.293999 0.307962 0.904834
vn -0.148831 0.307962 0.939685
vn -0.144610 0.381397 0.913030
vn -0.285659 0.381397 0.879167
vn -0.148831 0.307962 0.939685
vn 0.000000 0.307962 0.951399
vn 0.000000 0.381397 0.924411
vn -0.144610 0.381397 0.913030
vn 0.000000 0.307962 0.951399
vn 0.148832 0.307962 0.939685
vn 0.144610 0.381397 0.913030
vn 0.000000 0.381397 0.924411
vn 0.148832 0.307962 0.939685
vn 0.293999 0.307962 0.904834
vn 0.285659 0.381397 0.879167
vn 0.144610 0.381397 0.913030
vn 0.293999 0.307962 0.904834
vn 0.431926 0.307962 0.847702
vn 0.419674 0.381397 0.823656
vn 0.285659 0.381397 0.879167
vn 0.431926 0.307962 0.847702
vn 0.559218 0.307963 0.769698
vn 0.543355 0.381397 0.747864
vn 0.419674 0.381397 0.823656
vn 0.559218 0.307963 0.769698
vn 0.672741 0.307962 0.672740
vn 0.653658 0.381397 0.653657
vn 0.543355 0.381397 0.747864
vn 0.672741 0.307962 0.672740
vn 0.769698 0.307962 0.559218
vn 0.747864 0.381397 0.543355
vn 0.653658 0.381397 0.653657
vn 0.769698 0.307962 0.559218
vn 0.847702 0.307962 0.431926
vn 0.823657 0.381397 0.419674
vn 0.747864 0.381397 0.543355
vn 0.847702 0.307962 0.431926
vn 0.904834 0.307962 0.293998
vn 0.879167 0.381398 0.285659
vn 0.823657 0.381397 0.419674
vn 0.904834 0.307962 0.293998
vn 0.939685 0.307962 0.148831
vn 0.913030 0.381398 0.144610
vn 0.879167 0.381398 0.285659
vn 0.939685 0.307962 0.148831
vn 0.951399 0.307962 0.000002
vn 0.924411 0.381397 0.000002
vn 0.913030 0.381398 0.144610
vn 0.951399 0.307962 0.000002
vn 0.939686 0.307962 -0.148830
vn 0.913031 0.381397 -0.144608
vn 0.924411 0.381397 0.000002
vn 0.913031 0.381397 -0.144608
vn 0.879167 0.381397 -0.285659
vn 0.848121 0.452495 -0.275571
vn 0.880788 0.452495 -0.139501
vn 0.879167 0.381397 -0.285659
vn 0.823657 0.381397 -0.419674
vn 0.794570 0.452495 -0.404854
vn 0.848121 0.452495 -0.275571
vn 0.823657 0.381397 -0.419674
vn 0.747865 0.381397 -0.543355
vn 0.721455 0.452495 -0.524167
vn 0.794570 0.452495 -0.404854
vn 0.747865 0.381397 -0.543355
vn 0.653658 0.381398 -0.653657
vn 0.630575 0.452495 -0.630574
vn 0.721455 0.452495 -0.524167
vn 0.653658 0.381398 -0.653657
vn 0.543355 0.381398 -0.747864
vn 0.524168 0.452495 -0.721455
vn 0.630575 0.452495 -0.630574
vn 0.543355 0.381398 -0.747864
vn 0.419674 0.381398 -0.823656
vn 0.404854 0.452495 -0.794570
vn 0.524168 0.452495 -0.721455
vn 0.419674 0.381398 -0.823656
vn 0.285659 0.381398 -0.879167
vn 0.275571 0.452495 -0.848121
vn 0.404854 0.452495 -0.794570
vn 0.285659 0.381398 -0.879167
vn 0.144610 0.381398 -0.913030
vn 0.139504 0.452495 -0.880788
vn 0.275571 0.452495 -0.848121
vn 0.144610 0.381398 -0.913030
vn 0.000000 0.381397 -0.924411
vn 0.000000 0.452495 -0.891767
vn 0.139504 0.452495 -0.880788
vn 0.000000 0.381397 -0.924411
vn -0.144610 0.381398 -0.913030
vn -0.139503 0.452495 -0.880788
vn 0.000000 0.452495 -0.891767
vn -0.144610 0.381398 -0.913030
vn -0.285658 0.381397 -0.879168
vn -0.275571 0.452495 -0.848121
vn -0.139503 0.452495 -0.880788
vn -0.285658 0.381397 -0.879168
vn -0.419674 0.381397 -0.823657
vn -0.404854 0.452495 -0.794570
vn -0.275571 0.452495 -0.848121
vn -0.419674 0.381397 -0.823657
vn -0.543355 0.381397 -0.747864
vn -0.524167 0.452495 -0.721455
vn -0.404854 0.452495 -0.794570
vn -0.543355 0.381397 -0.747864
vn -0.653657 0.381398 -0.653657
vn -0.630574 0.452495 -0.630575
vn -0.524167 0.452495 -0.721455
vn -0.653657 0.381398 -0.653657
vn -0.747864 0.381397 -0.543355
vn -0.721455 0.452495 -0.524168
vn -0.630574 0.452495 -0.630575
vn -0.747864 0.381397 -0.543355
vn -0.823656 0.381397 -0.419674
vn -0.794570 0.452495 -0.404854
vn -0.721455 0.452495 -0.524168
vn -0.823656 0.381397 -0.419674
vn -0.879167 0.381397 -0.285659
vn -0.848121 0.452495 -0.275571
vn -0.794570 0.452495 -0.404854
vn -0.879167 0.381397 -0.285659
vn -0.913030 0.381398 -0.144610
vn -0.880788 0.452495 -0.139503
vn -0.848121 0.452495 -0.275571
vn -0.913030 0.381398 -0.144610
vn -0.924411 0.381398 0.000000
vn -0.891767 0.452495 0.000000
vn -0.880788 0.452495 -0.139503
vn -0.924411 0.381398 0.000000
vn -0.913030 0.381398 0.144610
vn -0.880788 0.452495 0.139503
vn -0.891767 0.452495 0.000000
vn -0.913030 0.381398 0.144610
vn -0.879167 0.381397 0.285659
vn -0.848121 0.452495 0.275571
vn -0.880788 0.452495 0.139503
vn -0.879167 0.381397 0.285659
vn -0.823656 0.381398 0.419674
vn -0.794570 0.452495 0.404854
vn -0.848121 0.452495 0.275571
vn -0.823656 0.381398 0.419674
vn -0.747864 0.381398 0.543355
vn -0.721455 0.452495 0.524168
vn -0.794570 0.452495 0.404854
vn -0.747864 0.381398 0.543355
vn -0.653657 0.381398 0.653657
vn -0.630574 0.452495 0.630575
vn -0.721455 0.452495 0.524168
vn -0.653657 0.381398 0.653657
vn -0.543355 0.381398 0.747864
vn -0.524167 0.452495 0.721455
vn -0.630574 0.452495 0.630575
vn -0.543355 0.381398 0.747864
vn -0.419674 0.381398 0.823656
vn -0.404854 0.452495 0.794570
vn -0.524167 0.452495 0.721455
vn -0.419674 0.381398 0.823656
vn -0.285659 0.381397 0.879167
vn -0.275571 0.452495 0.848121
vn -0.404854 0.452495 0.794570
vn -0.285659 0.381397 0.879167
vn -0.144610 0.381397 0.913030
vn -0.139503 0.452494 0.880788
vn -0.275571 0.452495 0.848121
vn -0.144610 0.381397 0.913030
vn 0.000000 0.381397 0.924411
vn 0.000000 0.452495 0.891767
vn -0.139503 0.452494 0.880788
vn 0.000000 0.381397 0.924411
vn 0.144610 0.381397 0.913030
vn 0.139503 0.452495 0.880788
vn 0.000000 0.452495 0.891767
vn 0.144610 0.381397 0.913030
vn 0.285659 0.381397 0.879167
vn 0.275571 0.452495 0.848121
vn 0.139503 0.452495 0.880788
vn 0.285659 0.381397 0.879167
vn 0.419674 0.381397 0.823656
vn 0.404854 0.452495 0.794570
vn 0.275571 0.452495 0.848121
vn 0.419674 0.381397 0.823656
vn 0.543355 0.381397 0.747864
vn 0.524167 0.452495 0.721455
vn 0.404854 0.452495 0.794570
vn 0.543355 0.381397 0.747864
vn 0.653658 0.381397 0.653657
vn 0.630574 0.452495 0.630575
vn 0.524167 0.452495 0.721455
vn 0.653658 0.381397 0.653657
vn 0.747864 0.381397 0.543355
vn 0.721455 0.452495 0.524168
vn 0.630574 0.452495 0.630575
vn 0.747864 0.381397 0.543355
vn 0.823657 0.381397 0.419674
vn 0.794570 0.452495 0.404854
vn 0.721455 0.452495 0.524168
vn 0.823657 0.381397 0.419674
vn 0.879167 0.381398 0.285659
vn 0.848121 0.452495 0.275571
vn 0.794570 0.452495 0.404854
vn 0.879167 0.381398 0.285659
vn 0.913030 0.381398 0.144610
vn 0.880788 0.452495 0.139503
vn 0.848121 0.452495 0.275571
vn 0.913030 0.381398 0.144610
vn 0.924411 0.381397 0.000002
vn 0.891767 0.452495 0.000002
vn 0.880788 0.452495 0.139503
vn 0.924411 0.381397 0.000002
vn 0.913031 0.381397 -0.144608
vn 0.880788 0.452495 -0.139501
vn 0.891767 0.452495 0.000002
vn 0.880788 0.452495 -0.139501
vn 0.848121 0.452495 -0.275571
vn 0.811887 0.520817 -0.263798
vn 0.843159 0.520817 -0.133541
vn 0.848121 0.452495 -0.275571
vn 0.794570 0.452495 -0.404854
vn 0.760624 0.520817 -0.387557
vn 0.811887 0.520817 -0.263798
vn 0.794570 0.452495 -0.404854
vn 0.721455 0.452495 -0.524167
vn 0.690632 0.520817 -0.501773
vn 0.760624 0.520817 -0.387557
vn 0.721455 0.452495 -0.524167
vn 0.630575 0.452495 -0.630574
vn 0.603635 0.520817 -0.603634
vn 0.690632 0.520817 -0.501773
vn 0.630575 0.452495 -0.630574
vn 0.524168 0.452495 -0.721455
vn 0.501774 0.520817 -0.690632
vn 0.603635 0.520817 -0.603634
vn 0.524168 0.452495 -0.721455
vn 0.404854 0.452495 -0.794570
vn 0.387558 0.520817 -0.760624
vn 0.501774 0.520817 -0.690632
vn 0.404854 0.452495 -0.794570
vn 0.275571 0.452495 -0.848121
vn 0.263798 0.520817 -0.811887
vn 0.387558 0.520817 -0.760624
vn 0.275571 0.452495 -0.848121
vn 0.139504 0.452495 -0.880788
vn 0.133543 0.520817 -0.843158
vn 0.263798 0.520817 -0.811887
vn 0.139504 0.452495 -0.880788
vn 0.000000 0.452495 -0.891767
vn 0.000000 0.520817 -0.853668
vn 0.133543 0.520817 -0.843158
vn 0.000000 0.452495 -0.891767
vn -0.139503 0.452495 -0.880788
vn -0.133543 0.520817 -0.843158
vn 0.000000 0.520817 -0.853668
vn -0.139503 0.452495 -0.880788
vn -0.275571 0.452495 -0.848121
vn -0.263798 0.520817 -0.811887
vn -0.133543 0.520817 -0.843158
vn -0.275571 0.452495 -0.848121
vn -0.404854 0.452495 -0.794570
vn -0.387557 0.520817 -0.760624
vn -0.263798 0.520817 -0.811887
vn -0.404854 0.452495 -0.794570
vn -0.524167 0.452495 -0.721455
vn -0.501773 0.520817 -0.690632
vn -0.387557 0.520817 -0.760624
vn -0.524167 0.452495 -0.721455
vn -0.630574 0.452495 -0.630575
vn -0.603635 0.520817 -0.603635
vn -0.501773 0.520817 -0.690632
vn -0.630574 0.452495 -0.630575
vn -0.721455 0.452495 -0.524168
vn -0.690632 0.520817 -0.501774
vn -0.603635 0.520817 -0.603635
vn -0.721455 0.452495 -0.524168
vn -0.794570 0.452495 -0.404854
vn -0.760624 0.520817 -0.387557
vn -0.690632 0.520817 -0.501774
vn -0.794570 0.452495 -0.404854
vn -0.848121 0.452495 -0.275571
vn -0.811887 0.520817 -0.263798
vn -0.760624 0.520817 -0.387557
vn -0.848121 0.452495 -0.275571
vn -0.880788 0.452495 -0.139503
vn -0.843158 0.520817 -0.133543
vn -0.811887 0.520817 -0.263798
vn -0.880788 0.452495 -0.139503
vn -0.891767 0.452495 0.000000
vn -0.853668 0.520817 0.000000
vn -0.843158 0.520817 -0.133543
vn -0.891767 0.452495 0.000000
vn -0.880788 0.452495 0.139503
vn -0.843158 0.520817 0.133543
vn -0.853668 0.520817 0.000000
vn -0.880788 0.452495 0.139503
vn -0.848121 0.452495 0.275571
vn -0.811887 0.520817 0.263798
vn -0.843158 0.520817 0.133543
vn -0.848121 0.452495 0.275571
vn -0.794570 0.452495 0.404854
vn -0.760624 0.520817 0.387557
vn -0.811887 0.520817 0.263798
vn -0.794570 0.452495 0.404854
vn -0.721455 0.452495 0.524168
vn -0.690632 0.520817 0.501774
vn -0.760624 0.520817 0.387557
vn -0.721455 0.452495 0.524168
vn -0.630574 0.452495 0.630575
vn -0.603635 0.520817 0.603635
vn -0.690632 0.520817 0.501774
vn -0.630574 0.452495 0.630575
vn -0.524167 0.452495 0.721455
vn -0.501774 0.520817 0.690632
vn -0.603635 0.520817 0.603635
vn -0.524167 0.452495 0.721455
vn -0.404854 0.452495 0.794570
vn -0.387557 0.520817 0.760624
vn -0.501774 0.520817 0.690632
vn -0.404854 0.452495 0.794570
vn -0.275571 0.452495 0.848121
vn -0.263798 0.520817 0.811887
vn -0.387557 0.520817 0.760624
vn -0.275571 0.452495 0.848121
vn -0.139503 0.452494 0.880788
vn -0.133543 0.520817 0.843158
vn -0.263798 0.520817 0.811887
vn -0.139503 0.452494 0.880788
vn 0.000000 0.452495 0.891767
vn 0.000000 0.520817 0.853669
vn -0.133543 0.520817 0.843158
vn 0.000000 0.452495 0.891767
vn 0.139503 0.452495 0.880788
vn 0.133543 0.520817 0.843158
vn 0.000000 0.520817 0.853669
vn 0.139503 0.452495 0.880788
vn 0.275571 0.452495 0.848121
vn 0.263798 0.520817 0.811887
vn 0.133543 0.520817 0.843158
vn 0.275571 0.452495 0.848121
vn 0.404854 0.452495 0.794570
vn 0.387557 0.520817 0.760624
vn 0.263798 0.520817 0.811887
vn 0.404854 0.452495 0.794570
vn 0.524167 0.452495 0.721455
vn 0.501774 0.520817 0.690632
vn 0.387557 0.520817 0.760624
vn 0.524167 0.452495 0.721455
vn 0.630574 0.452495 0.630575
vn 0.603635 0.520817 0.603635
vn 0.501774 0.520817 0.690632
vn 0.630574 0.452495 0.630575
vn 0.721455 0.452495 0.524168
vn 0.690632 0.520817 0.501774
vn 0.603635 0.520817 0.603635
vn 0.721455 0.452495 0.524168
vn 0.794570 0.452495 0.404854
vn 0.760624 0.520817 0.387557
vn 0.690632 0.520817 0.501774
vn 0.794570 0.452495 0.404854
vn 0.848121 0.452495 0.275571
vn 0.811887 0.520817 0.263798
vn 0.760624 0.520817 0.387557
vn 0.848121 0.452495 0.275571
vn 0.880788 0.452495 0.139503
vn 0.843158 0.520817 0.133543
vn 0.811887 0.520817 0.263798
vn 0.880788 0.452495 0.139503
vn 0.891767 0.452495 0.000002
vn 0.853668 0.520817 0.000002
vn 0.843158 0.520817 0.133543
vn 0.891767 0.452495 0.000002
vn 0.880788 0.452495 -0.139501
vn 0.843159 0.520817 -0.133541
vn 0.853668 0.520817 0.000002
vn 0.843159 0.520817 -0.133541
vn 0.811887 0.520817 -0.263798
vn 0.770690 0.585944 -0.250413
vn 0.800375 0.585944 -0.126765
vn 0.811887 0.520817 -0.263798
vn 0.760624 0.520817 -0.387557
vn 0.722029 0.585943 -0.367892
vn 0.770690 0.585944 -0.250413
vn 0.760624 0.520817 -0.387557
vn 0.690632 0.520817 -0.501773
vn 0.655589 0.585944 -0.476313
vn 0.722029 0.585943 -0.367892
vn 0.690632 0.520817 -0.501773
vn 0.603635 0.520817 -0.603634
vn 0.573005 0.585944 -0.573005
vn 0.655589 0.585944 -0.476313
vn 0.603635 0.520817 -0.603634
vn 0.501774 0.520817 -0.690632
vn 0.476313 0.585943 -0.655589
vn 0.573005 0.585944 -0.573005
vn 0.501774 0.520817 -0.690632
vn 0.387558 0.520817 -0.760624
vn 0.367892 0.585943 -0.722029
vn 0.476313 0.585943 -0.655589
vn 0.387558 0.520817 -0.760624
vn 0.263798 0.520817 -0.811887
vn 0.250413 0.585943 -0.770691
vn 0.367892 0.585943 -0.722029
vn 0.263798 0.520817 -0.811887
vn 0.133543 0.520817 -0.843158
vn 0.126767 0.585943 -0.800375
vn 0.250413 0.585943 -0.770691
vn 0.133543 0.520817 -0.843158
vn 0.000000 0.520817 -0.853668
vn 0.000000 0.585943 -0.810352
vn 0.126767 0.585943 -0.800375
vn 0.000000 0.520817 -0.853668
vn -0.133543 0.520817 -0.843158
vn -0.126767 0.585944 -0.800375
vn 0.000000 0.585943 -0.810352
vn -0.133543 0.520817 -0.843158
vn -0.263798 0.520817 -0.811887
vn -0.250412 0.585944 -0.770690
vn -0.126767 0.585944 -0.800375
vn -0.263798 0.520817 -0.811887
vn -0.387557 0.520817 -0.760624
vn -0.367892 0.585944 -0.722029
vn -0.250412 0.585944 -0.770690
vn -0.387557 0.520817 -0.760624
vn -0.501773 0.520817 -0.690632
vn -0.476313 0.585944 -0.655588
vn -0.367892 0.585944 -0.722029
vn -0.501773 0.520817 -0.690632
vn -0.603635 0.520817 -0.603635
vn -0.573005 0.585944 -0.573005
vn -0.476313 0.585944 -0.655588
vn -0.603635 0.520817 -0.603635
vn -0.690632 0.520817 -0.501774
vn -0.655588 0.585944 -0.476313
vn -0.573005 0.585944 -0.573005
vn -0.690632 0.520817 -0.501774
vn -0.760624 0.520817 -0.387557
vn -0.722029 0.585944 -0.367892
vn -0.655588 0.585944 -0.476313
vn -0.760624 0.520817 -0.387557
vn -0.811887 0.520817 -0.263798
vn -0.770690 0.585944 -0.250413
vn -0.722029 0.585944 -0.367892
vn -0.811887 0.520817 -0.263798
vn -0.843158 0.520817 -0.133543
vn -0.800375 0.585943 -0.126767
vn -0.770690 0.585944 -0.250413
vn -0.843158 0.520817 -0.133543
vn -0.853668 0.520817 0.000000
vn -0.810352 0.585944 0.000000
vn -0.800375 0.585943 -0.126767
vn -0.853668 0.520817 0.000000
vn -0.843158 0.520817 0.133543
vn -0.800375 0.585943 0.126767
vn -0.810352 0.585944 0.000000
vn -0.843158 0.520817 0.133543
vn -0.811887 0.520817 0.263798
vn -0.770691 0.585943 0.250413
vn -0.800375 0.585943 0.126767
vn -0.811887 0.520817 0.263798
vn -0.760624 0.520817 0.387557
vn -0.722029 0.585943 0.367892
vn -0.770691 0.585943 0.250413
vn -0.760624 0.520817 0.387557
vn -0.690632 0.520817 0.501774
vn -0.655589 0.585944 0.476312
vn -0.722029 0.585943 0.367892
vn -0.690632 0.520817 0.501774
vn -0.603635 0.520817 0.603635
vn -0.573006 0.585944 0.573005
vn -0.655589 0.585944 0.476312
vn -0.603635 0.520817 0.603635
vn -0.501774 0.520817 0.690632
vn -0.476313 0.585943 0.655589
vn -0.573006 0.585944 0.573005
vn -0.501774 0.520817 0.690632
vn -0.387557 0.520817 0.760624
vn -0.367892 0.585943 0.722029
vn -0.476313 0.585943 0.655589
vn -0.387557 0.520817 0.760624
vn -0.263798 0.520817 0.811887
vn -0.250413 0.585944 0.770690
vn -0.367892 0.585943 0.722029
vn -0.263798 0.520817 0.811887
vn -0.133543 0.520817 0.843158
vn -0.126767 0.585943 0.800375
vn -0.250413 0.585944 0.770690
vn -0.133543 0.520817 0.843158
vn 0.000000 0.520817 0.853669
vn 0.000000 0.585943 0.810353
vn -0.126767 0.585943 0.800375
vn 0.000000 0.520817 0.853669
vn 0.133543 0.520817 0.843158
vn 0.126767 0.585943 0.800376
vn 0.000000 0.585943 0.810353
vn 0.133543 0.520817 0.843158
vn 0.263798 0.520817 0.811887
vn 0.250413 0.585943 0.770691
vn 0.126767 0.585943 0.800376
vn 0.263798 0.520817 0.811887
vn 0.387557 0.520817 0.760624
vn 0.367892 0.585943 0.722029
vn 0.250413 0.585943 0.770691
vn 0.387557 0.520817 0.760624
vn 0.501774 0.520817 0.690632
vn 0.476313 0.585943 0.655589
vn 0.367892 0.585943 0.722029
vn 0.501774 0.520817 0.690632
vn 0.603635 0.520817 0.603635
vn 0.573006 0.585943 0.573005
vn 0.476313 0.585943 0.655589
vn 0.603635 0.520817 0.603635
vn 0.690632 0.520817 0.501774
vn 0.655589 0.585943 0.476313
vn 0.573006 0.585943 0.573005
vn 0.690632 0.520817 0.501774
vn 0.760624 0.520817 0.387557
vn 0.722029 0.585943 0.367892
vn 0.655589 0.585943 0.476313
vn 0.760624 0.520817 0.387557
vn 0.811887 0.520817 0.263798
vn 0.770691 0.585943 0.250412
vn 0.722029 0.585943 0.367892
vn 0.811887 0.520817 0.263798
vn 0.843158 0.520817 0.133543
vn 0.800375 0.585944 0.126767
vn 0.770691 0.585943 0.250412
vn 0.843158 0.520817 0.133543
vn 0.853668 0.520817 0.000002
vn 0.810352 0.585944 0.000002
vn 0.800375 0.585944 0.126767
vn 0.853668 0.520817 0.000002
vn 0.843159 0.520817 -0.133541
vn 0.800375 0.585944 -0.126765
vn 0.810352 0.585944 0.000002
vn 0.800375 0.585944 -0.126765
vn 0.770690 0.585944 -0.250413
vn 0.724787 0.647475 -0.235497
vn 0.752704 0.647475 -0.119215
vn 0.770690 0.585944 -0.250413
vn 0.722029 0.585943 -0.367892
vn 0.679024 0.647475 -0.345980
vn 0.724787 0.647475 -0.235497
vn 0.722029 0.585943 -0.367892
vn 0.655589 0.585944 -0.476313
vn 0.616541 0.647475 -0.447943
vn 0.679024 0.647475 -0.345980
vn 0.655589 0.585944 -0.476313
vn 0.573005 0.585944 -0.573005
vn 0.538877 0.647475 -0.538876
vn 0.616541 0.647475 -0.447943
vn 0.573005 0.585944 -0.573005
vn 0.476313 0.585943 -0.655589
vn 0.447943 0.647475 -0.616541
vn 0.538877 0.647475 -0.538876
vn 0.476313 0.585943 -0.655589
vn 0.367892 0.585943 -0.722029
vn 0.345980 0.647475 -0.679024
vn 0.447943 0.647475 -0.616541
vn 0.367892 0.585943 -0.722029
vn 0.250413 0.585943 -0.770691
vn 0.235498 0.647475 -0.724787
vn 0.345980 0.647475 -0.679024
vn 0.250413 0.585943 -0.770691
vn 0.126767 0.585943 -0.800375
vn 0.119217 0.647475 -0.752704
vn 0.235498 0.647475 -0.724787
vn 0.126767 0.585943 -0.800375
vn 0.000000 0.585943 -0.810352
vn 0.000000 0.647475 -0.762086
vn 0.119217 0.647475 -0.752704
vn 0.000000 0.585943 -0.810352
vn -0.126767 0.585944 -0.800375
vn -0.119217 0.647475 -0.752704
vn 0.000000 0.647475 -0.762086
vn -0.126767 0.585944 -0.800375
vn -0.250412 0.585944 -0.770690
vn -0.235497 0.647475 -0.724787
vn -0.119217 0.647475 -0.752704
vn -0.250412 0.585944 -0.770690
vn -0.367892 0.585944 -0.722029
vn -0.345980 0.647475 -0.679024
vn -0.235497 0.647475 -0.724787
vn -0.367892 0.585944 -0.722029
vn -0.476313 0.585944 -0.655588
vn -0.447943 0.647475 -0.616541
vn -0.345980 0.647475 -0.679024
vn -0.476313 0.585944 -0.655588
vn -0.573005 0.585944 -0.573005
vn -0.538877 0.647475 -0.538877
vn -0.447943 0.647475 -0.616541
vn -0.573005 0.585944 -0.573005
vn -0.655588 0.585944 -0.476313
vn -0.616541 0.647475 -0.447943
vn -0.538877 0.647475 -0.538877
vn -0.655588 0.585944 -0.476313
vn -0.722029 0.585944 -0.367892
vn -0.679024 0.647475 -0.345980
vn -0.616541 0.647475 -0.447943
vn -0.722029 0.585944 -0.367892
vn -0.770690 0.585944 -0.250413
vn -0.724787 0.647475 -0.235498
vn -0.679024 0.647475 -0.345980
vn -0.770690 0.585944 -0.250413
vn -0.800375 0.585943 -0.126767
vn -0.752704 0.647475 -0.119216
vn -0.724787 0.647475 -0.235498
vn -0.800375 0.585943 -0.126767
vn -0.810352 0.585944 0.000000
vn -0.762087 0.647475 0.000000
vn -0.752704 0.647475 -0.119216
vn -0.810352 0.585944 0.000000
vn -0.800375 0.585943 0.126767
vn -0.752704 0.647475 0.119216
vn -0.762087 0.647475 0.000000
vn -0.800375 0.585943 0.126767
vn -0.770691 0.585943 0.250413
vn -0.724787 0.647475 0.235498
vn -0.752704 0.647475 0.119216
vn -0.770691 0.585943 0.250413
vn -0.722029 0.585943 0.367892
vn -0.679024 0.647475 0.345980
vn -0.724787 0.647475 0.235498
vn -0.722029 0.585943 0.367892
vn -0.655589 0.585944 0.476312
vn -0.616541 0.647475 0.447943
vn -0.679024 0.647475 0.345980
vn -0.655589 0.585944 0.476312
vn -0.573006 0.585944 0.573005
vn -0.538877 0.647475 0.538877
vn -0.616541 0.647475 0.447943
vn -0.573006 0.585944 0.573005
vn -0.476313 0.585943 0.655589
vn -0.447943 0.647475 0.616541
vn -0.538877 0.647475 0.538877
vn -0.476313 0.585943 0.655589
vn -0.367892 0.585943 0.722029
vn -0.345980 0.647475 0.679024
vn -0.447943 0.647475 0.616541
vn -0.367892 0.585943 0.722029
vn -0.250413 0.585944 0.770690
vn -0.235498 0.647475 0.724787
vn -0.345980 0.647475 0.679024
vn -0.250413 0.585944 0.770690
vn -0.126767 0.585943 0.800375
vn -0.119217 0.647475 0.752704
vn -0.235498 0.647475 0.724787
vn -0.126767 0.585943 0.800375
vn 0.000000 0.585943 0.810353
vn 0.000000 0.647475 0.762087
vn -0.119217 0.647475 0.752704
vn 0.000000 0.585943 0.810353
vn 0.126767 0.585943 0.800376
vn 0.119217 0.647476 0.752704
vn 0.000000 0.647475 0.762087
vn 0.126767 0.585943 0.800376
vn 0.250413 0.585943 0.770691
vn 0.235498 0.647475 0.724787
vn 0.119217 0.647476 0.752704
vn 0.250413 0.585943 0.770691
vn 0.367892 0.585943 0.722029
vn 0.345980 0.647475 0.679024
vn 0.235498 0.647475 0.724787
vn 0.367892 0.585943 0.722029
vn 0.476313 0.585943 0.655589
vn 0.447943 0.647475 0.616541
vn 0.345980 0.647475 0.679024
vn 0.476313 0.585943 0.655589
vn 0.573006 0.585943 0.573005
vn 0.538877 0.647475 0.538876
vn 0.447943 0.647475 0.616541
vn 0.573006 0.585943 0.573005
vn 0.655589 0.585943 0.476313
vn 0.616541 0.647475 0.447943
vn 0.538877 0.647475 0.538876
vn 0.655589 0.585943 0.476313
vn 0.722029 0.585943 0.367892
vn 0.679024 0.647475 0.345980
vn 0.616541 0.647475 0.447943
vn 0.722029 0.585943 0.367892
vn 0.770691 0.585943 0.250412
vn 0.724788 0.647475 0.235498
vn 0.679024 0.647475 0.345980
vn 0.770691 0.585943 0.250412
vn 0.800375 0.585944 0.126767
vn 0.752704 0.647475 0.119217
vn 0.724788 0.647475 0.235498
vn 0.800375 0.585944 0.126767
vn 0.810352 0.585944 0.000002
vn 0.762087 0.647475 0.000002
vn 0.752704 0.647475 0.119217
vn 0.810352 0.585944 0.000002
vn 0.800375 0.585944 -0.126765
vn 0.752704 0.647475 -0.119215
vn 0.762087 0.647475 0.000002
vn 0.752704 0.647475 -0.119215
vn 0.724787 0.647475 -0.235497
vn 0.674465 0.705033 -0.219147
vn 0.700444 0.705033 -0.110938
vn 0.724787 0.647475 -0.235497
vn 0.679024 0.647475 -0.345980
vn 0.631879 0.705033 -0.321958
vn 0.674465 0.705033 -0.219147
vn 0.679024 0.647475 -0.345980
vn 0.616541 0.647475 -0.447943
vn 0.573734 0.705033 -0.416842
vn 0.631879 0.705033 -0.321958
vn 0.616541 0.647475 -0.447943
vn 0.538877 0.647475 -0.538876
vn 0.501462 0.705033 -0.501462
vn 0.573734 0.705033 -0.416842
vn 0.538877 0.647475 -0.538876
vn 0.447943 0.647475 -0.616541
vn 0.416843 0.705033 -0.573734
vn 0.501462 0.705033 -0.501462
vn 0.447943 0.647475 -0.616541
vn 0.345980 0.647475 -0.679024
vn 0.321959 0.705033 -0.631879
vn 0.416843 0.705033 -0.573734
vn 0.345980 0.647475 -0.679024
vn 0.235498 0.647475 -0.724787
vn 0.219147 0.705033 -0.674465
vn 0.321959 0.705033 -0.631879
vn 0.235498 0.647475 -0.724787
vn 0.119217 0.647475 -0.752704
vn 0.110939 0.705033 -0.700444
vn 0.219147 0.705033 -0.674465
vn 0.119217 0.647475 -0.752704
vn 0.000000 0.647475 -0.762086
vn 0.000000 0.705033 -0.709174
vn 0.110939 0.705033 -0.700444
vn 0.000000 0.647475 -0.762086
vn -0.119217 0.647475 -0.752704
vn -0.110940 0.705033 -0.700443
vn 0.000000 0.705033 -0.709174
vn -0.119217 0.647475 -0.752704
vn -0.235497 0.647475 -0.724787
vn -0.219147 0.705033 -0.674465
vn -0.110940 0.705033 -0.700443
vn -0.235497 0.647475 -0.724787
vn -0.345980 0.647475 -0.679024
vn -0.321958 0.705033 -0.631879
vn -0.219147 0.705033 -0.674465
vn -0.345980 0.647475 -0.679024
vn -0.447943 0.647475 -0.616541
vn -0.416842 0.705033 -0.573734
vn -0.321958 0.705033 -0.631879
vn -0.447943 0.647475 -0.616541
vn -0.538877 0.647475 -0.538877
vn -0.501462 0.705033 -0.501462
vn -0.416842 0.705033 -0.573734
vn -0.538877 0.647475 -0.538877
vn -0.616541 0.647475 -0.447943
vn -0.573734 0.705033 -0.416842
vn -0.501462 0.705033 -0.501462
vn -0.616541 0.647475 -0.447943
vn -0.679024 0.647475 -0.345980
vn -0.631879 0.705033 -0.321958
vn -0.573734 0.705033 -0.416842
vn -0.679024 0.647475 -0.345980
vn -0.724787 0.647475 -0.235498
vn -0.674465 0.705033 -0.219147
vn -0.631879 0.705033 -0.321958
vn -0.724787 0.647475 -0.235498
vn -0.752704 0.647475 -0.119216
vn -0.700443 0.705033 -0.110939
vn -0.674465 0.705033 -0.219147
vn -0.752704 0.647475 -0.119216
vn -0.762087 0.647475 0.000000
vn -0.709174 0.705033 0.000000
vn -0.700443 0.705033 -0.110939
vn -0.762087 0.647475 0.000000
vn -0.752704 0.647475 0.119216
vn -0.700444 0.705033 0.110939
vn -0.709174 0.705033 0.000000
vn -0.752704 0.647475 0.119216
vn -0.724787 0.647475 0.235498
vn -0.674465 0.705033 0.219147
vn -0.700444 0.705033 0.110939
vn -0.724787 0.647475 0.235498
vn -0.679024 0.647475 0.345980
vn -0.631879 0.705033 0.321959
vn -0.674465 0.705033 0.219147
vn -0.679024 0.647475 0.345980
vn -0.616541 0.647475 0.447943
vn -0.573734 0.705033 0.416842
vn -0.631879 0.705033 0.321959
vn -0.616541 0.647475 0.447943
vn -0.538877 0.647475 0.538877
vn -0.501462 0.705033 0.501462
vn -0.573734 0.705033 0.416842
vn -0.538877 0.647475 0.538877
vn -0.447943 0.647475 0.616541
vn -0.416843 0.705033 0.573734
vn -0.501462 0.705033 0.501462
vn -0.447943 0.647475 0.616541
vn -0.345980 0.647475 0.679024
vn -0.321959 0.705033 0.631879
vn -0.416843 0.705033 0.573734
vn -0.345980 0.647475 0.679024
vn -0.235498 0.647475 0.724787
vn -0.219147 0.705032 0.674466
vn -0.321959 0.705033 0.631879
vn -0.235498 0.647475 0.724787
vn -0.119217 0.647475 0.752704
vn -0.110939 0.705033 0.700444
vn -0.219147 0.705032 0.674466
vn -0.119217 0.647475 0.752704
vn 0.000000 0.647475 0.762087
vn 0.000000 0.705033 0.709174
vn -0.110939 0.705033 0.700444
vn 0.000000 0.647475 0.762087
vn 0.119217 0.647476 0.752704
vn 0.110940 0.705033 0.700443
vn 0.000000 0.705033 0.709174
vn 0.119217 0.647476 0.752704
vn 0.235498 0.647475 0.724787
vn 0.219147 0.705033 0.674465
vn 0.110940 0.705033 0.700443
vn 0.235498 0.647475 0.724787
vn 0.345980 0.647475 0.679024
vn 0.321958 0.705033 0.631879
vn 0.219147 0.705033 0.674465
vn 0.345980 0.647475 0.679024
vn 0.447943 0.647475 0.616541
vn 0.416843 0.705033 0.573734
vn 0.321958 0.705033 0.631879
vn 0.447943 0.647475 0.616541
vn 0.538877 0.647475 0.538876
vn 0.501463 0.705033 0.501462
vn 0.416843 0.705033 0.573734
vn 0.538877 0.647475 0.538876
vn 0.616541 0.647475 0.447943
vn 0.573735 0.705033 0.416842
vn 0.501463 0.705033 0.501462
vn 0.616541 0.647475 0.447943
vn 0.679024 0.647475 0.345980
vn 0.631880 0.705033 0.321959
vn 0.573735 0.705033 0.416842
vn 0.679024 0.647475 0.345980
vn 0.724788 0.647475 0.235498
vn 0.674466 0.705032 0.219147
vn 0.631880 0.705033 0.321959
vn 0.724788 0.647475 0.235498
vn 0.752704 0.647475 0.119217
vn 0.700444 0.705032 0.110940
vn 0.674466 0.705032 0.219147
vn 0.752704 0.647475 0.119217
vn 0.762087 0.647475 0.000002
vn 0.709175 0.705033 0.000002
vn 0.700444 0.705032 0.110940
vn 0.762087 0.647475 0.000002
vn 0.752704 0.647475 -0.119215
vn 0.700444 0.705033 -0.110938
vn 0.709175 0.705033 0.000002
vn 0.700444 0.705033 -0.110938
vn 0.674465 0.705033 -0.219147
vn 0.620041 0.758262 -0.201464
vn 0.643924 0.758262 -0.101986
vn 0.674465 0.705033 -0.219147
vn 0.631879 0.705033 -0.321958
vn 0.580892 0.758262 -0.295979
vn 0.620041 0.758262 -0.201464
vn 0.631879 0.705033 -0.321958
vn 0.573734 0.705033 -0.416842
vn 0.527439 0.758262 -0.383207
vn 0.580892 0.758262 -0.295979
vn 0.573734 0.705033 -0.416842
vn 0.501462 0.705033 -0.501462
vn 0.460998 0.758262 -0.460999
vn 0.527439 0.758262 -0.383207
vn 0.501462 0.705033 -0.501462
vn 0.416843 0.705033 -0.573734
vn 0.383207 0.758262 -0.527439
vn 0.460998 0.758262 -0.460999
vn 0.416843 0.705033 -0.573734
vn 0.321959 0.705033 -0.631879
vn 0.295979 0.758262 -0.580892
vn 0.383207 0.758262 -0.527439
vn 0.321959 0.705033 -0.631879
vn 0.219147 0.705033 -0.674465
vn 0.201464 0.758262 -0.620041
vn 0.295979 0.758262 -0.580892
vn 0.219147 0.705033 -0.674465
vn 0.110939 0.705033 -0.700444
vn 0.101988 0.758262 -0.643923
vn 0.201464 0.758262 -0.620041
vn 0.110939 0.705033 -0.700444
vn 0.000000 0.705033 -0.709174
vn 0.000000 0.758262 -0.651950
vn 0.101988 0.758262 -0.643923
vn 0.000000 0.705033 -0.709174
vn -0.110940 0.705033 -0.700443
vn -0.101988 0.758262 -0.643923
vn 0.000000 0.758262 -0.651950
vn -0.110940 0.705033 -0.700443
vn -0.219147 0.705033 -0.674465
vn -0.201464 0.758262 -0.620041
vn -0.101988 0.758262 -0.643923
vn -0.219147 0.705033 -0.674465
vn -0.321958 0.705033 -0.631879
vn -0.295979 0.758262 -0.580892
vn -0.201464 0.758262 -0.620041
vn -0.321958 0.705033 -0.631879
vn -0.416842 0.705033 -0.573734
vn -0.383207 0.758262 -0.527439
vn -0.295979 0.758262 -0.580892
vn -0.416842 0.705033 -0.573734
vn -0.501462 0.705033 -0.501462
vn -0.460998 0.758262 -0.460998
vn -0.383207 0.758262 -0.527439
vn -0.501462 0.705033 -0.501462
vn -0.573734 0.705033 -0.416842
vn -0.527439 0.758262 -0.383207
vn -0.460998 0.758262 -0.460998
vn -0.573734 0.705033 -0.416842
vn -0.631879 0.705033 -0.321958
vn -0.580892 0.758262 -0.295980
vn -0.527439 0.758262 -0.383207
vn -0.631879 0.705033 -0.321958
vn -0.674465 0.705033 -0.219147
vn -0.620041 0.758262 -0.201464
vn -0.580892 0.758262 -0.295980
vn -0.674465 0.705033 -0.219147
vn -0.700443 0.705033 -0.110939
vn -0.643924 0.758262 -0.101987
vn -0.620041 0.758262 -0.201464
vn -0.700443 0.705033 -0.110939
vn -0.709174 0.705033 0.000000
vn -0.651950 0.758262 0.000000
vn -0.643924 0.758262 -0.101987
vn -0.709174 0.705033 0.000000
vn -0.700444 0.705033 0.110939
vn -0.643923 0.758262 0.101987
vn -0.651950 0.758262 0.000000
vn -0.700444 0.705033 0.110939
vn -0.674465 0.705033 0.219147
vn -0.620041 0.758262 0.201464
vn -0.643923 0.758262 0.101987
vn -0.674465 0.705033 0.219147
vn -0.631879 0.705033 0.321959
vn -0.580892 0.758262 0.295979
vn -0.620041 0.758262 0.201464
vn -0.631879 0.705033 0.321959
vn -0.573734 0.705033 0.416842
vn -0.527439 0.758262 0.383207
vn -0.580892 0.758262 0.295979
vn -0.573734 0.705033 0.416842
vn -0.501462 0.705033 0.501462
vn -0.460998 0.758262 0.460998
vn -0.527439 0.758262 0.383207
vn -0.501462 0.705033 0.501462
vn -0.416843 0.705033 0.573734
vn -0.383207 0.758262 0.527439
vn -0.460998 0.758262 0.460998
vn -0.416843 0.705033 0.573734
vn -0.321959 0.705033 0.631879
vn -0.295979 0.758262 0.580892
vn -0.383207 0.758262 0.527439
vn -0.321959 0.705033 0.631879
vn -0.219147 0.705032 0.674466
vn -0.201464 0.758262 0.620042
vn -0.295979 0.758262 0.580892
vn -0.219147 0.705032 0.674466
vn -0.110939 0.705033 0.700444
vn -0.101987 0.758262 0.643924
vn -0.201464 0.758262 0.620042
vn -0.110939 0.705033 0.700444
vn 0.000000 0.705033 0.709174
vn 0.000000 0.758262 0.651950
vn -0.101987 0.758262 0.643924
vn 0.000000 0.705033 0.709174
vn 0.110940 0.705033 0.700443
vn 0.101987 0.758261 0.643924
vn 0.000000 0.758262 0.651950
vn 0.110940 0.705033 0.700443
vn 0.219147 0.705033 0.674465
vn 0.201464 0.758262 0.620042
vn 0.101987 0.758261 0.643924
vn 0.219147 0.705033 0.674465
vn 0.321958 0.705033 0.631879
vn 0.295979 0.758262 0.580892
vn 0.201464 0.758262 0.620042
vn 0.321958 0.705033 0.631879
vn 0.416843 0.705033 0.573734
vn 0.383207 0.758262 0.527439
vn 0.295979 0.758262 0.580892
vn 0.416843 0.705033 0.573734
vn 0.501463 0.705033 0.501462
vn 0.460999 0.758261 0.460999
vn 0.383207 0.758262 0.527439
vn 0.501463 0.705033 0.501462
vn 0.573735 0.705033 0.416842
vn 0.527439 0.758262 0.383207
vn 0.460999 0.758261 0.460999
vn 0.573735 0.705033 0.416842
vn 0.631880 0.705033 0.321959
vn 0.580892 0.758262 0.295979
vn 0.527439 0.758262 0.383207
vn 0.631880 0.705033 0.321959
vn 0.674466 0.705032 0.219147
vn 0.620042 0.758262 0.201464
vn 0.580892 0.758262 0.295979
vn 0.674466 0.705032 0.219147
vn 0.700444 0.705032 0.110940
vn 0.643924 0.758262 0.101988
vn 0.620042 0.758262 0.201464
vn 0.700444 0.705032 0.110940
vn 0.709175 0.705033 0.000002
vn 0.651950 0.758262 0.000002
vn 0.643924 0.758262 0.101988
vn 0.709175 0.705033 0.000002
vn 0.700444 0.705033 -0.110938
vn 0.643924 0.758262 -0.101986
vn 0.651950 0.758262 0.000002
vn 0.643924 0.758262 -0.101986
vn 0.620041 0.758262 -0.201464
vn 0.561864 0.806833 -0.182561
vn 0.583506 0.806833 -0.092417
vn 0.620041 0.758262 -0.201464
vn 0.580892 0.758262 -0.295979
vn 0.526388 0.806833 -0.268209
vn 0.561864 0.806833 -0.182561
vn 0.580892 0.758262 -0.295979
vn 0.527439 0.758262 -0.383207
vn 0.477950 0.806833 -0.347252
vn 0.526388 0.806833 -0.268209
vn 0.527439 0.758262 -0.383207
vn 0.460998 0.758262 -0.460999
vn 0.417744 0.806833 -0.417744
vn 0.477950 0.806833 -0.347252
vn 0.460998 0.758262 -0.460999
vn 0.383207 0.758262 -0.527439
vn 0.347251 0.806834 -0.477950
vn 0.417744 0.806833 -0.417744
vn 0.383207 0.758262 -0.527439
vn 0.295979 0.758262 -0.580892
vn 0.268208 0.806833 -0.526388
vn 0.347251 0.806834 -0.477950
vn 0.295979 0.758262 -0.580892
vn 0.201464 0.758262 -0.620041
vn 0.182561 0.806833 -0.561864
vn 0.268208 0.806833 -0.526388
vn 0.201464 0.758262 -0.620041
vn 0.101988 0.758262 -0.643923
vn 0.092418 0.806833 -0.583506
vn 0.182561 0.806833 -0.561864
vn 0.101988 0.758262 -0.643923
vn 0.000000 0.758262 -0.651950
vn 0.000000 0.806833 -0.590780
vn 0.092418 0.806833 -0.583506
vn 0.000000 0.758262 -0.651950
vn -0.101988 0.758262 -0.643923
vn -0.092418 0.806833 -0.583506
vn 0.000000 0.806833 -0.590780
vn -0.101988 0.758262 -0.643923
vn -0.201464 0.758262 -0.620041
vn -0.182561 0.806834 -0.561864
vn -0.092418 0.806833 -0.583506
vn -0.201464 0.758262 -0.620041
vn -0.295979 0.758262 -0.580892
vn -0.268208 0.806834 -0.526387
vn -0.182561 0.806834 -0.561864
vn -0.295979 0.758262 -0.580892
vn -0.383207 0.758262 -0.527439
vn -0.347251 0.806834 -0.477950
vn -0.268208 0.806834 -0.526387
vn -0.383207 0.758262 -0.527439
vn -0.460998 0.758262 -0.460998
vn -0.417744 0.806833 -0.417744
vn -0.347251 0.806834 -0.477950
vn -0.460998 0.758262 -0.460998
vn -0.527439 0.758262 -0.383207
vn -0.477950 0.806834 -0.347251
vn -0.417744 0.806833 -0.417744
vn -0.527439 0.758262 -0.383207
vn -0.580892 0.758262 -0.295980
vn -0.526388 0.806833 -0.268208
vn -0.477950 0.806834 -0.347251
vn -0.580892 0.758262 -0.295980
vn -0.620041 0.758262 -0.201464
vn -0.561864 0.806833 -0.182561
vn -0.526388 0.806833 -0.268208
vn -0.620041 0.758262 -0.201464
vn -0.643924 0.758262 -0.101987
vn -0.583506 0.806833 -0.092418
vn -0.561864 0.806833 -0.182561
vn -0.643924 0.758262 -0.101987
vn -0.651950 0.758262 0.000000
vn -0.590779 0.806833 0.000000
vn -0.583506 0.806833 -0.092418
vn -0.651950 0.758262 0.000000
vn -0.643923 0.758262 0.101987
vn -0.583506 0.806833 0.092419
vn -0.590779 0.806833 0.000000
vn -0.643923 0.758262 0.101987
vn -0.620041 0.758262 0.201464
vn -0.561864 0.806833 0.182561
vn -0.583506 0.806833 0.092419
vn -0.620041 0.758262 0.201464
vn -0.580892 0.758262 0.295979
vn -0.526388 0.806833 0.268208
vn -0.561864 0.806833 0.182561
vn -0.580892 0.758262 0.295979
vn -0.527439 0.758262 0.383207
vn -0.477951 0.806833 0.347251
vn -0.526388 0.806833 0.268208
vn -0.527439 0.758262 0.383207
vn -0.460998 0.758262 0.460998
vn -0.417744 0.806833 0.417744
vn -0.477951 0.806833 0.347251
vn -0.460998 0.758262 0.460998
vn -0.383207 0.758262 0.527439
vn -0.347251 0.806834 0.477950
vn -0.417744 0.806833 0.417744
vn -0.383207 0.758262 0.527439
vn -0.295979 0.758262 0.580892
vn -0.268208 0.806834 0.526387
vn -0.347251 0.806834 0.477950
vn -0.295979 0.758262 0.580892
vn -0.201464 0.758262 0.620042
vn -0.182561 0.806834 0.561864
vn -0.268208 0.806834 0.526387
vn -0.201464 0.758262 0.620042
vn -0.101987 0.758262 0.643924
vn -0.092418 0.806834 0.583505
vn -0.182561 0.806834 0.561864
vn -0.101987 0.758262 0.643924
vn 0.000000 0.758262 0.651950
vn 0.000000 0.806833 0.590779
vn -0.092418 0.806834 0.583505
vn 0.000000 0.758262 0.651950
vn 0.101987 0.758261 0.643924
vn 0.092418 0.806834 0.583505
vn 0.000000 0.806833 0.590779
vn 0.101987 0.758261 0.643924
vn 0.201464 0.758262 0.620042
vn 0.182561 0.806834 0.561864
vn 0.092418 0.806834 0.583505
vn 0.201464 0.758262 0.620042
vn 0.295979 0.758262 0.580892
vn 0.268208 0.806833 0.526388
vn 0.182561 0.806834 0.561864
vn 0.295979 0.758262 0.580892
vn 0.383207 0.758262 0.527439
vn 0.347251 0.806833 0.477951
vn 0.268208 0.806833 0.526388
vn 0.383207 0.758262 0.527439
vn 0.460999 0.758261 0.460999
vn 0.417744 0.806833 0.417744
vn 0.347251 0.806833 0.477951
vn 0.460999 0.758261 0.460999
vn 0.527439 0.758262 0.383207
vn 0.477951 0.806833 0.347251
vn 0.417744 0.806833 0.417744
vn 0.527439 0.758262 0.383207
vn 0.580892 0.758262 0.295979
vn 0.526388 0.806833 0.268208
vn 0.477951 0.806833 0.347251
vn 0.580892 0.758262 0.295979
vn 0.620042 0.758262 0.201464
vn 0.561864 0.806833 0.182561
vn 0.526388 0.806833 0.268208
vn 0.620042 0.758262 0.201464
vn 0.643924 0.758262 0.101988
vn 0.583506 0.806833 0.092418
vn 0.561864 0.806833 0.182561
vn 0.643924 0.758262 0.101988
vn 0.651950 0.758262 0.000002
vn 0.590780 0.806833 0.000001
vn 0.583506 0.806833 0.092418
vn 0.651950 0.758262 0.000002
vn 0.643924 0.758262 -0.101986
vn 0.583506 0.806833 -0.092417
vn 0.590780 0.806833 0.000001
vn 0.583506 0.806833 -0.092417
vn 0.561864 0.806833 -0.182561
vn 0.500313 0.850447 -0.162562
vn 0.519583 0.850448 -0.082293
vn 0.561864 0.806833 -0.182561
vn 0.526388 0.806833 -0.268209
vn 0.468723 0.850448 -0.238826
vn 0.500313 0.850447 -0.162562
vn 0.526388 0.806833 -0.268209
vn 0.477950 0.806833 -0.347252
vn 0.425592 0.850448 -0.309210
vn 0.468723 0.850448 -0.238826
vn 0.477950 0.806833 -0.347252
vn 0.417744 0.806833 -0.417744
vn 0.371981 0.850448 -0.371980
vn 0.425592 0.850448 -0.309210
vn 0.417744 0.806833 -0.417744
vn 0.347251 0.806834 -0.477950
vn 0.309210 0.850448 -0.425591
vn 0.371981 0.850448 -0.371980
vn 0.347251 0.806834 -0.477950
vn 0.268208 0.806833 -0.526388
vn 0.238826 0.850448 -0.468723
vn 0.309210 0.850448 -0.425591
vn 0.268208 0.806833 -0.526388
vn 0.182561 0.806833 -0.561864
vn 0.162562 0.850447 -0.500313
vn 0.238826 0.850448 -0.468723
vn 0.182561 0.806833 -0.561864
vn 0.092418 0.806833 -0.583506
vn 0.082294 0.850447 -0.519584
vn 0.162562 0.850447 -0.500313
vn 0.092418 0.806833 -0.583506
vn 0.000000 0.806833 -0.590780
vn 0.000000 0.850448 -0.526060
vn 0.082294 0.850447 -0.519584
vn 0.000000 0.806833 -0.590780
vn -0.092418 0.806833 -0.583506
vn -0.082294 0.850448 -0.519583
vn 0.000000 0.850448 -0.526060
vn -0.092418 0.806833 -0.583506
vn -0.182561 0.806834 -0.561864
vn -0.162561 0.850448 -0.500313
vn -0.082294 0.850448 -0.519583
vn -0.182561 0.806834 -0.561864
vn -0.268208 0.806834 -0.526387
vn -0.238826 0.850448 -0.468723
vn -0.162561 0.850448 -0.500313
vn -0.268208 0.806834 -0.526387
vn -0.347251 0.806834 -0.477950
vn -0.309210 0.850448 -0.425591
vn -0.238826 0.850448 -0.468723
vn -0.347251 0.806834 -0.477950
vn -0.417744 0.806833 -0.417744
vn -0.371980 0.850447 -0.371981
vn -0.309210 0.850448 -0.425591
vn -0.417744 0.806833 -0.417744
vn -0.477950 0.806834 -0.347251
vn -0.425591 0.850448 -0.309210
vn -0.371980 0.850447 -0.371981
vn -0.477950 0.806834 -0.347251
vn -0.526388 0.806833 -0.268208
vn -0.468723 0.850448 -0.238825
vn -0.425591 0.850448 -0.309210
vn -0.526388 0.806833 -0.268208
vn -0.561864 0.806833 -0.182561
vn -0.500313 0.850447 -0.162562
vn -0.468723 0.850448 -0.238825
vn -0.561864 0.806833 -0.182561
vn -0.583506 0.806833 -0.092418
vn -0.519583 0.850448 -0.082294
vn -0.500313 0.850447 -0.162562
vn -0.583506 0.806833 -0.092418
vn -0.590779 0.806833 0.000000
vn -0.526060 0.850448 0.000000
vn -0.519583 0.850448 -0.082294
vn -0.590779 0.806833 0.000000
vn -0.583506 0.806833 0.092419
vn -0.519583 0.850448 0.082294
vn -0.526060 0.850448 0.000000
vn -0.583506 0.806833 0.092419
vn -0.561864 0.806833 0.182561
vn -0.500313 0.850447 0.162561
vn -0.519583 0.850448 0.082294
vn -0.561864 0.806833 0.182561
vn -0.526388 0.806833 0.268208
vn -0.468723 0.850448 0.238826
vn -0.500313 0.850447 0.162561
vn -0.526388 0.806833 0.268208
vn -0.477951 0.806833 0.347251
vn -0.425591 0.850448 0.309210
vn -0.468723 0.850448 0.238826
vn -0.477951 0.806833 0.347251
vn -0.417744 0.806833 0.417744
vn -0.371981 0.850448 0.371980
vn -0.425591 0.850448 0.309210
vn -0.417744 0.806833 0.417744
vn -0.347251 0.806834 0.477950
vn -0.309210 0.850448 0.425591
vn -0.371981 0.850448 0.371980
vn -0.347251 0.806834 0.477950
vn -0.268208 0.806834 0.526387
vn -0.238826 0.850448 0.468722
vn -0.309210 0.850448 0.425591
vn -0.268208 0.806834 0.526387
vn -0.182561 0.806834 0.561864
vn -0.162562 0.850448 0.500312
vn -0.238826 0.850448 0.468722
vn -0.182561 0.806834 0.561864
vn -0.092418 0.806834 0.583505
vn -0.082294 0.850448 0.519583
vn -0.162562 0.850448 0.500312
vn -0.092418 0.806834 0.583505
vn 0.000000 0.806833 0.590779
vn 0.000000 0.850448 0.526060
vn -0.082294 0.850448 0.519583
vn 0.000000 0.806833 0.590779
vn 0.092418 0.806834 0.583505
vn 0.082294 0.850448 0.519583
vn 0.000000 0.850448 0.526060
vn 0.092418 0.806834 0.583505
vn 0.182561 0.806834 0.561864
vn 0.162561 0.850448 0.500312
vn 0.082294 0.850448 0.519583
vn 0.182561 0.806834 0.561864
vn 0.268208 0.806833 0.526388
vn 0.238826 0.850448 0.468723
vn 0.162561 0.850448 0.500312
vn 0.268208 0.806833 0.526388
vn 0.347251 0.806833 0.477951
vn 0.309210 0.850448 0.425591
vn 0.238826 0.850448 0.468723
vn 0.347251 0.806833 0.477951
vn 0.417744 0.806833 0.417744
vn 0.371981 0.850447 0.371980
vn 0.309210 0.850448 0.425591
vn 0.417744 0.806833 0.417744
vn 0.477951 0.806833 0.347251
vn 0.425592 0.850448 0.309210
vn 0.371981 0.850447 0.371980
vn 0.477951 0.806833 0.347251
vn 0.526388 0.806833 0.268208
vn 0.468723 0.850448 0.238826
vn 0.425592 0.850448 0.309210
vn 0.526388 0.806833 0.268208
vn 0.561864 0.806833 0.182561
vn 0.500313 0.850447 0.162562
vn 0.468723 0.850448 0.238826
vn 0.561864 0.806833 0.182561
vn 0.583506 0.806833 0.092418
vn 0.519583 0.850448 0.082294
vn 0.500313 0.850447 0.162562
vn 0.583506 0.806833 0.092418
vn 0.590780 0.806833 0.000001
vn 0.526060 0.850447 0.000001
vn 0.519583 0.850448 0.082294
vn 0.590780 0.806833 0.000001
vn 0.583506 0.806833 -0.092417
vn 0.519583 0.850448 -0.082293
vn 0.526060 0.850447 0.000001
vn 0.519583 0.850448 -0.082293
vn 0.500313 0.850447 -0.162562
vn 0.435803 0.888834 -0.141600
vn 0.452589 0.888834 -0.071682
vn 0.500313 0.850447 -0.162562
vn 0.468723 0.850448 -0.238826
vn 0.408286 0.888834 -0.208031
vn 0.435803 0.888834 -0.141600
vn 0.468723 0.850448 -0.238826
vn 0.425592 0.850448 -0.309210
vn 0.370716 0.888834 -0.269341
vn 0.408286 0.888834 -0.208031
vn 0.425592 0.850448 -0.309210
vn 0.371981 0.850448 -0.371980
vn 0.324018 0.888833 -0.324018
vn 0.370716 0.888834 -0.269341
vn 0.371981 0.850448 -0.371980
vn 0.309210 0.850448 -0.425591
vn 0.269341 0.888834 -0.370716
vn 0.324018 0.888833 -0.324018
vn 0.309210 0.850448 -0.425591
vn 0.238826 0.850448 -0.468723
vn 0.208032 0.888834 -0.408285
vn 0.269341 0.888834 -0.370716
vn 0.238826 0.850448 -0.468723
vn 0.162562 0.850447 -0.500313
vn 0.141601 0.888834 -0.435802
vn 0.208032 0.888834 -0.408285
vn 0.162562 0.850447 -0.500313
vn 0.082294 0.850447 -0.519584
vn 0.071683 0.888834 -0.452589
vn 0.141601 0.888834 -0.435802
vn 0.082294 0.850447 -0.519584
vn 0.000000 0.850448 -0.526060
vn 0.000000 0.888834 -0.458230
vn 0.071683 0.888834 -0.452589
vn 0.000000 0.850448 -0.526060
vn -0.082294 0.850448 -0.519583
vn -0.071683 0.888834 -0.452588
vn 0.000000 0.888834 -0.458230
vn -0.082294 0.850448 -0.519583
vn -0.162561 0.850448 -0.500313
vn -0.141601 0.888834 -0.435803
vn -0.071683 0.888834 -0.452588
vn -0.162561 0.850448 -0.500313
vn -0.238826 0.850448 -0.468723
vn -0.208032 0.888834 -0.408286
vn -0.141601 0.888834 -0.435803
vn -0.238826 0.850448 -0.468723
vn -0.309210 0.850448 -0.425591
vn -0.269341 0.888834 -0.370716
vn -0.208032 0.888834 -0.408286
vn -0.309210 0.850448 -0.425591
vn -0.371980 0.850447 -0.371981
vn -0.324018 0.888833 -0.324018
vn -0.269341 0.888834 -0.370716
vn -0.371980 0.850447 -0.371981
vn -0.425591 0.850448 -0.309210
vn -0.370716 0.888834 -0.269341
vn -0.324018 0.888833 -0.324018
vn -0.425591 0.850448 -0.309210
vn -0.468723 0.850448 -0.238825
vn -0.408286 0.888834 -0.208032
vn -0.370716 0.888834 -0.269341
vn -0.468723 0.850448 -0.238825
vn -0.500313 0.850447 -0.162562
vn -0.435803 0.888834 -0.141601
vn -0.408286 0.888834 -0.208032
vn -0.500313 0.850447 -0.162562
vn -0.519583 0.850448 -0.082294
vn -0.452589 0.888834 -0.071683
vn -0.435803 0.888834 -0.141601
vn -0.519583 0.850448 -0.082294
vn -0.526060 0.850448 0.000000
vn -0.458230 0.888834 0.000000
vn -0.452589 0.888834 -0.071683
vn -0.526060 0.850448 0.000000
vn -0.519583 0.850448 0.082294
vn -0.452589 0.888834 0.071683
vn -0.458230 0.888834 0.000000
vn -0.519583 0.850448 0.082294
vn -0.500313 0.850447 0.162561
vn -0.435803 0.888834 0.141600
vn -0.452589 0.888834 0.071683
vn -0.500313 0.850447 0.162561
vn -0.468723 0.850448 0.238826
vn -0.408286 0.888834 0.208032
vn -0.435803 0.888834 0.141600
vn -0.468723 0.850448 0.238826
vn -0.425591 0.850448 0.309210
vn -0.370716 0.888834 0.269341
vn -0.408286 0.888834 0.208032
vn -0.425591 0.850448 0.309210
vn -0.371981 0.850448 0.371980
vn -0.324018 0.888834 0.324017
vn -0.370716 0.888834 0.269341
vn -0.371981 0.850448 0.371980
vn -0.309210 0.850448 0.425591
vn -0.269341 0.888834 0.370715
vn -0.324018 0.888834 0.324017
vn -0.309210 0.850448 0.425591
vn -0.238826 0.850448 0.468722
vn -0.208032 0.888834 0.408285
vn -0.269341 0.888834 0.370715
vn -0.238826 0.850448 0.468722
vn -0.162562 0.850448 0.500312
vn -0.141601 0.888833 0.435803
vn -0.208032 0.888834 0.408285
vn -0.162562 0.850448 0.500312
vn -0.082294 0.850448 0.519583
vn -0.071683 0.888834 0.452589
vn -0.141601 0.888833 0.435803
vn -0.082294 0.850448 0.519583
vn 0.000000 0.850448 0.526060
vn 0.000000 0.888834 0.458230
vn -0.071683 0.888834 0.452589
vn 0.000000 0.850448 0.526060
vn 0.082294 0.850448 0.519583
vn 0.071683 0.888834 0.452589
vn 0.000000 0.888834 0.458230
vn 0.082294 0.850448 0.519583
vn 0.162561 0.850448 0.500312
vn 0.141601 0.888834 0.435803
vn 0.071683 0.888834 0.452589
vn 0.162561 0.850448 0.500312
vn 0.238826 0.850448 0.468723
vn 0.208032 0.888834 0.408286
vn 0.141601 0.888834 0.435803
vn 0.238826 0.850448 0.468723
vn 0.309210 0.850448 0.425591
vn 0.269341 0.888834 0.370716
vn 0.208032 0.888834 0.408286
vn 0.309210 0.850448 0.425591
vn 0.371981 0.850447 0.371980
vn 0.324018 0.888833 0.324018
vn 0.269341 0.888834 0.370716
vn 0.371981 0.850447 0.371980
vn 0.425592 0.850448 0.309210
vn 0.370716 0.888834 0.269341
vn 0.324018 0.888833 0.324018
vn 0.425592 0.850448 0.309210
vn 0.468723 0.850448 0.238826
vn 0.408286 0.888834 0.208032
vn 0.370716 0.888834 0.269341
vn 0.468723 0.850448 0.238826
vn 0.500313 0.850447 0.162562
vn 0.435803 0.888834 0.141601
vn 0.408286 0.888834 0.208032
vn 0.500313 0.850447 0.162562
vn 0.519583 0.850448 0.082294
vn 0.452589 0.888834 0.071683
vn 0.435803 0.888834 0.141601
vn 0.519583 0.850448 0.082294
vn 0.526060 0.850447 0.000001
vn 0.458230 0.888834 0.000002
vn 0.452589 0.888834 0.071683
vn 0.526060 0.850447 0.000001
vn 0.519583 0.850448 -0.082293
vn 0.452589 0.888834 -0.071682
vn 0.458230 0.888834 0.000002
vn 0.452589 0.888834 -0.071682
vn 0.435803 0.888834 -0.141600
vn 0.368797 0.921754 -0.119830
vn 0.383002 0.921754 -0.060661
vn 0.435803 0.888834 -0.141600
vn 0.408286 0.888834 -0.208031
vn 0.345511 0.921754 -0.176047
vn 0.368797 0.921754 -0.119830
vn 0.408286 0.888834 -0.208031
vn 0.370716 0.888834 -0.269341
vn 0.313717 0.921754 -0.227929
vn 0.345511 0.921754 -0.176047
vn 0.370716 0.888834 -0.269341
vn 0.324018 0.888833 -0.324018
vn 0.274199 0.921754 -0.274199
vn 0.313717 0.921754 -0.227929
vn 0.324018 0.888833 -0.324018
vn 0.269341 0.888834 -0.370716
vn 0.227929 0.921754 -0.313716
vn 0.274199 0.921754 -0.274199
vn 0.269341 0.888834 -0.370716
vn 0.208032 0.888834 -0.408285
vn 0.176047 0.921754 -0.345509
vn 0.227929 0.921754 -0.313716
vn 0.208032 0.888834 -0.408285
vn 0.141601 0.888834 -0.435802
vn 0.119829 0.921754 -0.368796
vn 0.176047 0.921754 -0.345509
vn 0.141601 0.888834 -0.435802
vn 0.071683 0.888834 -0.452589
vn 0.060662 0.921754 -0.383001
vn 0.119829 0.921754 -0.368796
vn 0.071683 0.888834 -0.452589
vn 0.000000 0.888834 -0.458230
vn 0.000000 0.921754 -0.387776
vn 0.060662 0.921754 -0.383001
vn 0.000000 0.888834 -0.458230
vn -0.071683 0.888834 -0.452588
vn -0.060661 0.921754 -0.383002
vn 0.000000 0.921754 -0.387776
vn -0.071683 0.888834 -0.452588
vn -0.141601 0.888834 -0.435803
vn -0.119829 0.921754 -0.368797
vn -0.060661 0.921754 -0.383002
vn -0.141601 0.888834 -0.435803
vn -0.208032 0.888834 -0.408286
vn -0.176047 0.921754 -0.345511
vn -0.119829 0.921754 -0.368797
vn -0.208032 0.888834 -0.408286
vn -0.269341 0.888834 -0.370716
vn -0.227929 0.921754 -0.313717
vn -0.176047 0.921754 -0.345511
vn -0.269341 0.888834 -0.370716
vn -0.324018 0.888833 -0.324018
vn -0.274199 0.921754 -0.274199
vn -0.227929 0.921754 -0.313717
vn -0.324018 0.888833 -0.324018
vn -0.370716 0.888834 -0.269341
vn -0.313717 0.921754 -0.227929
vn -0.274199 0.921754 -0.274199
vn -0.370716 0.888834 -0.269341
vn -0.408286 0.888834 -0.208032
vn -0.345511 0.921754 -0.176047
vn -0.313717 0.921754 -0.227929
vn -0.408286 0.888834 -0.208032
vn -0.435803 0.888834 -0.141601
vn -0.368797 0.921754 -0.119830
vn -0.345511 0.921754 -0.176047
vn -0.435803 0.888834 -0.141601
vn -0.452589 0.888834 -0.071683
vn -0.383002 0.921754 -0.060662
vn -0.368797 0.921754 -0.119830
vn -0.452589 0.888834 -0.071683
vn -0.458230 0.888834 0.000000
vn -0.387776 0.921754 -0.000001
vn -0.383002 0.921754 -0.060662
vn -0.458230 0.888834 0.000000
vn -0.452589 0.888834 0.071683
vn -0.383002 0.921754 0.060661
vn -0.387776 0.921754 -0.000001
vn -0.452589 0.888834 0.071683
vn -0.435803 0.888834 0.141600
vn -0.368797 0.921754 0.119829
vn -0.383002 0.921754 0.060661
vn -0.435803 0.888834 0.141600
vn -0.408286 0.888834 0.208032
vn -0.345511 0.921753 0.176048
vn -0.368797 0.921754 0.119829
vn -0.408286 0.888834 0.208032
vn -0.370716 0.888834 0.269341
vn -0.313717 0.921754 0.227929
vn -0.345511 0.921753 0.176048
vn -0.370716 0.888834 0.269341
vn -0.324018 0.888834 0.324017
vn -0.274199 0.921754 0.274199
vn -0.313717 0.921754 0.227929
vn -0.324018 0.888834 0.324017
vn -0.269341 0.888834 0.370715
vn -0.227929 0.921754 0.313718
vn -0.274199 0.921754 0.274199
vn -0.269341 0.888834 0.370715
vn -0.208032 0.888834 0.408285
vn -0.176047 0.921754 0.345511
vn -0.227929 0.921754 0.313718
vn -0.208032 0.888834 0.408285
vn -0.141601 0.888833 0.435803
vn -0.119829 0.921753 0.368798
vn -0.176047 0.921754 0.345511
vn -0.141601 0.888833 0.435803
vn -0.071683 0.888834 0.452589
vn -0.060661 0.921754 0.383002
vn -0.119829 0.921753 0.368798
vn -0.071683 0.888834 0.452589
vn 0.000000 0.888834 0.458230
vn 0.000000 0.921754 0.387775
vn -0.060661 0.921754 0.383002
vn 0.000000 0.888834 0.458230
vn 0.071683 0.888834 0.452589
vn 0.060661 0.921754 0.383001
vn 0.000000 0.921754 0.387775
vn 0.071683 0.888834 0.452589
vn 0.141601 0.888834 0.435803
vn 0.119829 0.921754 0.368797
vn 0.060661 0.921754 0.383001
vn 0.141601 0.888834 0.435803
vn 0.208032 0.888834 0.408286
vn 0.176047 0.921754 0.345511
vn 0.119829 0.921754 0.368797
vn 0.208032 0.888834 0.408286
vn 0.269341 0.888834 0.370716
vn 0.227929 0.921754 0.313718
vn 0.176047 0.921754 0.345511
vn 0.269341 0.888834 0.370716
vn 0.324018 0.888833 0.324018
vn 0.274199 0.921754 0.274199
vn 0.227929 0.921754 0.313718
vn 0.324018 0.888833 0.324018
vn 0.370716 0.888834 0.269341
vn 0.313717 0.921754 0.227929
vn 0.274199 0.921754 0.274199
vn 0.370716 0.888834 0.269341
vn 0.408286 0.888834 0.208032
vn 0.345511 0.921754 0.176047
vn 0.313717 0.921754 0.227929
vn 0.408286 0.888834 0.208032
vn 0.435803 0.888834 0.141601
vn 0.368797 0.921754 0.119829
vn 0.345511 0.921754 0.176047
vn 0.435803 0.888834 0.141601
vn 0.452589 0.888834 0.071683
vn 0.383002 0.921754 0.060661
vn 0.368797 0.921754 0.119829
vn 0.452589 0.888834 0.071683
vn 0.458230 0.888834 0.000002
vn 0.387776 0.921754 0.000002
vn 0.383002 0.921754 0.060661
vn 0.458230 0.888834 0.000002
vn 0.452589 0.888834 -0.071682
vn 0.383002 0.921754 -0.060661
vn 0.387776 0.921754 0.000002
vn 0.383002 0.921754 -0.060661
vn 0.368797 0.921754 -0.119830
vn 0.299838 0.949003 -0.097424
vn 0.311387 0.949003 -0.049318
vn 0.368797 0.921754 -0.119830
vn 0.345511 0.921754 -0.176047
vn 0.280907 0.949002 -0.143130
vn 0.299838 0.949003 -0.097424
vn 0.345511 0.921754 -0.176047
vn 0.313717 0.921754 -0.227929
vn 0.255058 0.949003 -0.185309
vn 0.280907 0.949002 -0.143130
vn 0.313717 0.921754 -0.227929
vn 0.274199 0.921754 -0.274199
vn 0.222929 0.949003 -0.222928
vn 0.255058 0.949003 -0.185309
vn 0.274199 0.921754 -0.274199
vn 0.227929 0.921754 -0.313716
vn 0.185310 0.949003 -0.255057
vn 0.222929 0.949003 -0.222928
vn 0.227929 0.921754 -0.313716
vn 0.176047 0.921754 -0.345509
vn 0.143129 0.949002 -0.280907
vn 0.185310 0.949003 -0.255057
vn 0.176047 0.921754 -0.345509
vn 0.119829 0.921754 -0.368796
vn 0.097423 0.949002 -0.299839
vn 0.143129 0.949002 -0.280907
vn 0.119829 0.921754 -0.368796
vn 0.060662 0.921754 -0.383001
vn 0.049319 0.949002 -0.311388
vn 0.097423 0.949002 -0.299839
vn 0.060662 0.921754 -0.383001
vn 0.000000 0.921754 -0.387776
vn 0.000000 0.949002 -0.315270
vn 0.049319 0.949002 -0.311388
vn 0.000000 0.921754 -0.387776
vn -0.060661 0.921754 -0.383002
vn -0.049319 0.949002 -0.311388
vn 0.000000 0.949002 -0.315270
vn -0.060661 0.921754 -0.383002
vn -0.119829 0.921754 -0.368797
vn -0.097423 0.949002 -0.299839
vn -0.049319 0.949002 -0.311388
vn -0.119829 0.921754 -0.368797
vn -0.176047 0.921754 -0.345511
vn -0.143129 0.949002 -0.280907
vn -0.097423 0.949002 -0.299839
vn -0.176047 0.921754 -0.345511
vn -0.227929 0.921754 -0.313717
vn -0.185310 0.949003 -0.255058
vn -0.143129 0.949002 -0.280907
vn -0.227929 0.921754 -0.313717
vn -0.274199 0.921754 -0.274199
vn -0.222929 0.949003 -0.222928
vn -0.185310 0.949003 -0.255058
vn -0.274199 0.921754 -0.274199
vn -0.313717 0.921754 -0.227929
vn -0.255058 0.949002 -0.185311
vn -0.222929 0.949003 -0.222928
vn -0.313717 0.921754 -0.227929
vn -0.345511 0.921754 -0.176047
vn -0.280906 0.949003 -0.143130
vn -0.255058 0.949002 -0.185311
vn -0.345511 0.921754 -0.176047
vn -0.368797 0.921754 -0.119830
vn -0.299838 0.949003 -0.097424
vn -0.280906 0.949003 -0.143130
vn -0.368797 0.921754 -0.119830
vn -0.383002 0.921754 -0.060662
vn -0.311387 0.949003 -0.049319
vn -0.299838 0.949003 -0.097424
vn -0.383002 0.921754 -0.060662
vn -0.387776 0.921754 -0.000001
vn -0.315269 0.949002 0.000000
vn -0.311387 0.949003 -0.049319
vn -0.387776 0.921754 -0.000001
vn -0.383002 0.921754 0.060661
vn -0.311387 0.949003 0.049319
vn -0.315269 0.949002 0.000000
vn -0.383002 0.921754 0.060661
vn -0.368797 0.921754 0.119829
vn -0.299839 0.949002 0.097423
vn -0.311387 0.949003 0.049319
vn -0.368797 0.921754 0.119829
vn -0.345511 0.921753 0.176048
vn -0.280907 0.949002 0.143129
vn -0.299839 0.949002 0.097423
vn -0.345511 0.921753 0.176048
vn -0.313717 0.921754 0.227929
vn -0.255058 0.949003 0.185309
vn -0.280907 0.949002 0.143129
vn -0.313717 0.921754 0.227929
vn -0.274199 0.921754 0.274199
vn -0.222929 0.949003 0.222928
vn -0.255058 0.949003 0.185309
vn -0.274199 0.921754 0.274199
vn -0.227929 0.921754 0.313718
vn -0.185310 0.949002 0.255059
vn -0.222929 0.949003 0.222928
vn -0.227929 0.921754 0.313718
vn -0.176047 0.921754 0.345511
vn -0.143129 0.949002 0.280908
vn -0.185310 0.949002 0.255059
vn -0.176047 0.921754 0.345511
vn -0.119829 0.921753 0.368798
vn -0.097424 0.949002 0.299839
vn -0.143129 0.949002 0.280908
vn -0.119829 0.921753 0.368798
vn -0.060661 0.921754 0.383002
vn -0.049319 0.949003 0.311387
vn -0.097424 0.949002 0.299839
vn -0.060661 0.921754 0.383002
vn 0.000000 0.921754 0.387775
vn 0.000000 0.949002 0.315269
vn -0.049319 0.949003 0.311387
vn 0.000000 0.921754 0.387775
vn 0.060661 0.921754 0.383001
vn 0.049319 0.949003 0.311387
vn 0.000000 0.949002 0.315269
vn 0.060661 0.921754 0.383001
vn 0.119829 0.921754 0.368797
vn 0.097423 0.949003 0.299838
vn 0.049319 0.949003 0.311387
vn 0.119829 0.921754 0.368797
vn 0.176047 0.921754 0.345511
vn 0.143129 0.949002 0.280907
vn 0.097423 0.949003 0.299838
vn 0.176047 0.921754 0.345511
vn 0.227929 0.921754 0.313718
vn 0.185310 0.949002 0.255059
vn 0.143129 0.949002 0.280907
vn 0.227929 0.921754 0.313718
vn 0.274199 0.921754 0.274199
vn 0.222929 0.949003 0.222928
vn 0.185310 0.949002 0.255059
vn 0.274199 0.921754 0.274199
vn 0.313717 0.921754 0.227929
vn 0.255058 0.949003 0.185310
vn 0.222929 0.949003 0.222928
vn 0.313717 0.921754 0.227929
vn 0.345511 0.921754 0.176047
vn 0.280907 0.949002 0.143130
vn 0.255058 0.949003 0.185310
vn 0.345511 0.921754 0.176047
vn 0.368797 0.921754 0.119829
vn 0.299839 0.949002 0.097423
vn 0.280907 0.949002 0.143130
vn 0.368797 0.921754 0.119829
vn 0.383002 0.921754 0.060661
vn 0.311387 0.949003 0.049318
vn 0.299839 0.949002 0.097423
vn 0.383002 0.921754 0.060661
vn 0.387776 0.921754 0.000002
vn 0.315269 0.949002 0.000000
vn 0.311387 0.949003 0.049318
vn 0.387776 0.921754 0.000002
vn 0.383002 0.921754 -0.060661
vn 0.311387 0.949003 -0.049318
vn 0.315269 0.949002 0.000000
vn 0.311387 0.949003 -0.049318
vn 0.299838 0.949003 -0.097424
vn 0.229663 0.970405 -0.074622
vn 0.238509 0.970405 -0.037775
vn 0.299838 0.949003 -0.097424
vn 0.280907 0.949002 -0.143130
vn 0.215162 0.970405 -0.109633
vn 0.229663 0.970405 -0.074622
vn 0.280907 0.949002 -0.143130
vn 0.255058 0.949003 -0.185309
vn 0.195363 0.970405 -0.141940
vn 0.215162 0.970405 -0.109633
vn 0.255058 0.949003 -0.185309
vn 0.222929 0.949003 -0.222928
vn 0.170753 0.970406 -0.170753
vn 0.195363 0.970405 -0.141940
vn 0.222929 0.949003 -0.222928
vn 0.185310 0.949003 -0.255057
vn 0.141939 0.970405 -0.195363
vn 0.170753 0.970406 -0.170753
vn 0.185310 0.949003 -0.255057
vn 0.143129 0.949002 -0.280907
vn 0.109630 0.970405 -0.215163
vn 0.141939 0.970405 -0.195363
vn 0.143129 0.949002 -0.280907
vn 0.097423 0.949002 -0.299839
vn 0.074622 0.970405 -0.229664
vn 0.109630 0.970405 -0.215163
vn 0.097423 0.949002 -0.299839
vn 0.049319 0.949002 -0.311388
vn 0.037776 0.970405 -0.238510
vn 0.074622 0.970405 -0.229664
vn 0.049319 0.949002 -0.311388
vn 0.000000 0.949002 -0.315270
vn 0.000000 0.970405 -0.241483
vn 0.037776 0.970405 -0.238510
vn 0.000000 0.949002 -0.315270
vn -0.049319 0.949002 -0.311388
vn -0.037776 0.970405 -0.238509
vn 0.000000 0.970405 -0.241483
vn -0.049319 0.949002 -0.311388
vn -0.097423 0.949002 -0.299839
vn -0.074622 0.970405 -0.229663
vn -0.037776 0.970405 -0.238509
vn -0.097423 0.949002 -0.299839
vn -0.143129 0.949002 -0.280907
vn -0.109630 0.970405 -0.215162
vn -0.074622 0.970405 -0.229663
vn -0.143129 0.949002 -0.280907
vn -0.185310 0.949003 -0.255058
vn -0.141939 0.970406 -0.195362
vn -0.109630 0.970405 -0.215162
vn -0.185310 0.949003 -0.255058
vn -0.222929 0.949003 -0.222928
vn -0.170753 0.970406 -0.170753
vn -0.141939 0.970406 -0.195362
vn -0.222929 0.949003 -0.222928
vn -0.255058 0.949002 -0.185311
vn -0.195363 0.970405 -0.141941
vn -0.170753 0.970406 -0.170753
vn -0.255058 0.949002 -0.185311
vn -0.280906 0.949003 -0.143130
vn -0.215162 0.970405 -0.109631
vn -0.195363 0.970405 -0.141941
vn -0.280906 0.949003 -0.143130
vn -0.299838 0.949003 -0.097424
vn -0.229663 0.970405 -0.074622
vn -0.215162 0.970405 -0.109631
vn -0.299838 0.949003 -0.097424
vn -0.311387 0.949003 -0.049319
vn -0.238509 0.970405 -0.037777
vn -0.229663 0.970405 -0.074622
vn -0.311387 0.949003 -0.049319
vn -0.315269 0.949002 0.000000
vn -0.241482 0.970405 0.000000
vn -0.238509 0.970405 -0.037777
vn -0.315269 0.949002 0.000000
vn -0.311387 0.949003 0.049319
vn -0.238509 0.970405 0.037778
vn -0.241482 0.970405 0.000000
vn -0.311387 0.949003 0.049319
vn -0.299839 0.949002 0.097423
vn -0.229663 0.970405 0.074622
vn -0.238509 0.970405 0.037778
vn -0.299839 0.949002 0.097423
vn -0.280907 0.949002 0.143129
vn -0.215162 0.970406 0.109629
vn -0.229663 0.970405 0.074622
vn -0.280907 0.949002 0.143129
vn -0.255058 0.949003 0.185309
vn -0.195363 0.970406 0.141938
vn -0.215162 0.970406 0.109629
vn -0.255058 0.949003 0.185309
vn -0.222929 0.949003 0.222928
vn -0.170753 0.970406 0.170752
vn -0.195363 0.970406 0.141938
vn -0.222929 0.949003 0.222928
vn -0.185310 0.949002 0.255059
vn -0.141939 0.970406 0.195362
vn -0.170753 0.970406 0.170752
vn -0.185310 0.949002 0.255059
vn -0.143129 0.949002 0.280908
vn -0.109630 0.970405 0.215162
vn -0.141939 0.970406 0.195362
vn -0.143129 0.949002 0.280908
vn -0.097424 0.949002 0.299839
vn -0.074622 0.970405 0.229663
vn -0.109630 0.970405 0.215162
vn -0.097424 0.949002 0.299839
vn -0.049319 0.949003 0.311387
vn -0.037776 0.970405 0.238509
vn -0.074622 0.970405 0.229663
vn -0.049319 0.949003 0.311387
vn 0.000000 0.949002 0.315269
vn 0.000000 0.970405 0.241483
vn -0.037776 0.970405 0.238509
vn 0.000000 0.949002 0.315269
vn 0.049319 0.949003 0.311387
vn 0.037776 0.970405 0.238509
vn 0.000000 0.970405 0.241483
vn 0.049319 0.949003 0.311387
vn 0.097423 0.949003 0.299838
vn 0.074622 0.970405 0.229663
vn 0.037776 0.970405 0.238509
vn 0.097423 0.949003 0.299838
vn 0.143129 0.949002 0.280907
vn 0.109630 0.970405 0.215162
vn 0.074622 0.970405 0.229663
vn 0.143129 0.949002 0.280907
vn 0.185310 0.949002 0.255059
vn 0.141939 0.970405 0.195364
vn 0.109630 0.970405 0.215162
vn 0.185310 0.949002 0.255059
vn 0.222929 0.949003 0.222928
vn 0.170753 0.970405 0.170754
vn 0.141939 0.970405 0.195364
vn 0.222929 0.949003 0.222928
vn 0.255058 0.949003 0.185310
vn 0.195363 0.970405 0.141939
vn 0.170753 0.970405 0.170754
vn 0.255058 0.949003 0.185310
vn 0.280907 0.949002 0.143130
vn 0.215162 0.970405 0.109630
vn 0.195363 0.970405 0.141939
vn 0.280907 0.949002 0.143130
vn 0.299839 0.949002 0.097423
vn 0.229663 0.970405 0.074622
vn 0.215162 0.970405 0.109630
vn 0.299839 0.949002 0.097423
vn 0.311387 0.949003 0.049318
vn 0.238509 0.970405 0.037777
vn 0.229663 0.970405 0.074622
vn 0.311387 0.949003 0.049318
vn 0.315269 0.949002 0.000000
vn 0.241482 0.970405 0.000000
vn 0.238509 0.970405 0.037777
vn 0.315269 0.949002 0.000000
vn 0.311387 0.949003 -0.049318
vn 0.238509 0.970405 -0.037775
vn 0.241482 0.970405 0.000000
vn 0.238509 0.970405 -0.037775
vn 0.229663 0.970405 -0.074622
vn 0.159612 0.985817 -0.051862
vn 0.165760 0.985817 -0.026254
vn 0.229663 0.970405 -0.074622
vn 0.215162 0.970405 -0.109633
vn 0.149534 0.985816 -0.076194
vn 0.159612 0.985817 -0.051862
vn 0.215162 0.970405 -0.109633
vn 0.195363 0.970405 -0.141940
vn 0.135774 0.985816 -0.098648
vn 0.149534 0.985816 -0.076194
vn 0.195363 0.970405 -0.141940
vn 0.170753 0.970406 -0.170753
vn 0.118671 0.985816 -0.118673
vn 0.135774 0.985816 -0.098648
vn 0.170753 0.970406 -0.170753
vn 0.141939 0.970405 -0.195363
vn 0.098646 0.985817 -0.135774
vn 0.118671 0.985816 -0.118673
vn 0.141939 0.970405 -0.195363
vn 0.109630 0.970405 -0.215163
vn 0.076191 0.985817 -0.149534
vn 0.098646 0.985817 -0.135774
vn 0.109630 0.970405 -0.215163
vn 0.074622 0.970405 -0.229664
vn 0.051861 0.985817 -0.159611
vn 0.076191 0.985817 -0.149534
vn 0.074622 0.970405 -0.229664
vn 0.037776 0.970405 -0.238510
vn 0.026254 0.985817 -0.165760
vn 0.051861 0.985817 -0.159611
vn 0.037776 0.970405 -0.238510
vn 0.000000 0.970405 -0.241483
vn 0.000000 0.985817 -0.167826
vn 0.026254 0.985817 -0.165760
vn 0.000000 0.970405 -0.241483
vn -0.037776 0.970405 -0.238509
vn -0.026254 0.985817 -0.165760
vn 0.000000 0.985817 -0.167826
vn -0.037776 0.970405 -0.238509
vn -0.074622 0.970405 -0.229663
vn -0.051861 0.985817 -0.159613
vn -0.026254 0.985817 -0.165760
vn -0.074622 0.970405 -0.229663
vn -0.109630 0.970405 -0.215162
vn -0.076191 0.985817 -0.149534
vn -0.051861 0.985817 -0.159613
vn -0.109630 0.970405 -0.215162
vn -0.141939 0.970406 -0.195362
vn -0.098645 0.985817 -0.135775
vn -0.076191 0.985817 -0.149534
vn -0.141939 0.970406 -0.195362
vn -0.170753 0.970406 -0.170753
vn -0.118671 0.985817 -0.118672
vn -0.098645 0.985817 -0.135775
vn -0.170753 0.970406 -0.170753
vn -0.195363 0.970405 -0.141941
vn -0.135774 0.985817 -0.098646
vn -0.118671 0.985817 -0.118672
vn -0.195363 0.970405 -0.141941
vn -0.215162 0.970405 -0.109631
vn -0.149534 0.985817 -0.076191
vn -0.135774 0.985817 -0.098646
vn -0.215162 0.970405 -0.109631
vn -0.229663 0.970405 -0.074622
vn -0.159612 0.985817 -0.051860
vn -0.149534 0.985817 -0.076191
vn -0.229663 0.970405 -0.074622
vn -0.238509 0.970405 -0.037777
vn -0.165760 0.985817 -0.026255
vn -0.159612 0.985817 -0.051860
vn -0.238509 0.970405 -0.037777
vn -0.241482 0.970405 0.000000
vn -0.167826 0.985817 0.000000
vn -0.165760 0.985817 -0.026255
vn -0.241482 0.970405 0.000000
vn -0.238509 0.970405 0.037778
vn -0.165760 0.985817 0.026255
vn -0.167826 0.985817 0.000000
vn -0.238509 0.970405 0.037778
vn -0.229663 0.970405 0.074622
vn -0.159612 0.985817 0.051861
vn -0.165760 0.985817 0.026255
vn -0.229663 0.970405 0.074622
vn -0.215162 0.970406 0.109629
vn -0.149534 0.985817 0.076190
vn -0.159612 0.985817 0.051861
vn -0.215162 0.970406 0.109629
vn -0.195363 0.970406 0.141938
vn -0.135774 0.985817 0.098646
vn -0.149534 0.985817 0.076190
vn -0.195363 0.970406 0.141938
vn -0.170753 0.970406 0.170752
vn -0.118671 0.985817 0.118672
vn -0.135774 0.985817 0.098646
vn -0.170753 0.970406 0.170752
vn -0.141939 0.970406 0.195362
vn -0.098646 0.985817 0.135773
vn -0.118671 0.985817 0.118672
vn -0.141939 0.970406 0.195362
vn -0.109630 0.970405 0.215162
vn -0.076191 0.985817 0.149533
vn -0.098646 0.985817 0.135773
vn -0.109630 0.970405 0.215162
vn -0.074622 0.970405 0.229663
vn -0.051861 0.985817 0.159613
vn -0.076191 0.985817 0.149533
vn -0.074622 0.970405 0.229663
vn -0.037776 0.970405 0.238509
vn -0.026254 0.985816 0.165761
vn -0.051861 0.985817 0.159613
vn -0.037776 0.970405 0.238509
vn 0.000000 0.970405 0.241483
vn 0.000000 0.985816 0.167827
vn -0.026254 0.985816 0.165761
vn 0.000000 0.970405 0.241483
vn 0.037776 0.970405 0.238509
vn 0.026254 0.985817 0.165760
vn 0.000000 0.985816 0.167827
vn 0.037776 0.970405 0.238509
vn 0.074622 0.970405 0.229663
vn 0.051861 0.985817 0.159613
vn 0.026254 0.985817 0.165760
vn 0.074622 0.970405 0.229663
vn 0.109630 0.970405 0.215162
vn 0.076191 0.985817 0.149535
vn 0.051861 0.985817 0.159613
vn 0.109630 0.970405 0.215162
vn 0.141939 0.970405 0.195364
vn 0.098646 0.985817 0.135774
vn 0.076191 0.985817 0.149535
vn 0.141939 0.970405 0.195364
vn 0.170753 0.970405 0.170754
vn 0.118671 0.985817 0.118671
vn 0.098646 0.985817 0.135774
vn 0.170753 0.970405 0.170754
vn 0.195363 0.970405 0.141939
vn 0.135774 0.985817 0.098645
vn 0.118671 0.985817 0.118671
vn 0.195363 0.970405 0.141939
vn 0.215162 0.970405 0.109630
vn 0.149534 0.985817 0.076191
vn 0.135774 0.985817 0.098645
vn 0.215162 0.970405 0.109630
vn 0.229663 0.970405 0.074622
vn 0.159612 0.985817 0.051861
vn 0.149534 0.985817 0.076191
vn 0.229663 0.970405 0.074622
vn 0.238509 0.970405 0.037777
vn 0.165760 0.985817 0.026255
vn 0.159612 0.985817 0.051861
vn 0.238509 0.970405 0.037777
vn 0.241482 0.970405 0.000000
vn 0.167826 0.985817 0.000000
vn 0.165760 0.985817 0.026255
vn 0.241482 0.970405 0.000000
vn 0.238509 0.970405 -0.037775
vn 0.165760 0.985817 -0.026254
vn 0.167826 0.985817 0.000000
vn 0.165760 0.985817 -0.026254
vn 0.159612 0.985817 -0.051862
vn 0.094554 0.995046 -0.030722
vn 0.098196 0.995046 -0.015552
vn 0.159612 0.985817 -0.051862
vn 0.149534 0.985816 -0.076194
vn 0.088584 0.995046 -0.045136
vn 0.094554 0.995046 -0.030722
vn 0.149534 0.985816 -0.076194
vn 0.135774 0.985816 -0.098648
vn 0.080432 0.995046 -0.058437
vn 0.088584 0.995046 -0.045136
vn 0.135774 0.985816 -0.098648
vn 0.118671 0.985816 -0.118673
vn 0.070300 0.995046 -0.070301
vn 0.080432 0.995046 -0.058437
vn 0.118671 0.985816 -0.118673
vn 0.098646 0.985817 -0.135774
vn 0.058437 0.995045 -0.080435
vn 0.070300 0.995046 -0.070301
vn 0.098646 0.985817 -0.135774
vn 0.076191 0.985817 -0.149534
vn 0.045136 0.995045 -0.088586
vn 0.058437 0.995045 -0.080435
vn 0.076191 0.985817 -0.149534
vn 0.051861 0.985817 -0.159611
vn 0.030722 0.995046 -0.094553
vn 0.045136 0.995045 -0.088586
vn 0.051861 0.985817 -0.159611
vn 0.026254 0.985817 -0.165760
vn 0.015553 0.995046 -0.098195
vn 0.030722 0.995046 -0.094553
vn 0.026254 0.985817 -0.165760
vn 0.000000 0.985817 -0.167826
vn 0.000000 0.995046 -0.099419
vn 0.015553 0.995046 -0.098195
vn 0.000000 0.985817 -0.167826
vn -0.026254 0.985817 -0.165760
vn -0.015553 0.995046 -0.098196
vn 0.000000 0.995046 -0.099419
vn -0.026254 0.985817 -0.165760
vn -0.051861 0.985817 -0.159613
vn -0.030722 0.995045 -0.094555
vn -0.015553 0.995046 -0.098196
vn -0.051861 0.985817 -0.159613
vn -0.076191 0.985817 -0.149534
vn -0.045136 0.995045 -0.088585
vn -0.030722 0.995045 -0.094555
vn -0.076191 0.985817 -0.149534
vn -0.098645 0.985817 -0.135775
vn -0.058437 0.995045 -0.080434
vn -0.045136 0.995045 -0.088585
vn -0.098645 0.985817 -0.135775
vn -0.118671 0.985817 -0.118672
vn -0.070300 0.995046 -0.070301
vn -0.058437 0.995045 -0.080434
vn -0.118671 0.985817 -0.118672
vn -0.135774 0.985817 -0.098646
vn -0.080432 0.995046 -0.058434
vn -0.070300 0.995046 -0.070301
vn -0.135774 0.985817 -0.098646
vn -0.149534 0.985817 -0.076191
vn -0.088584 0.995046 -0.045134
vn -0.080432 0.995046 -0.058434
vn -0.149534 0.985817 -0.076191
vn -0.159612 0.985817 -0.051860
vn -0.094554 0.995046 -0.030724
vn -0.088584 0.995046 -0.045134
vn -0.159612 0.985817 -0.051860
vn -0.165760 0.985817 -0.026255
vn -0.098196 0.995046 -0.015552
vn -0.094554 0.995046 -0.030724
vn -0.165760 0.985817 -0.026255
vn -0.167826 0.985817 0.000000
vn -0.099420 0.995046 0.000000
vn -0.098196 0.995046 -0.015552
vn -0.167826 0.985817 0.000000
vn -0.165760 0.985817 0.026255
vn -0.098196 0.995046 0.015552
vn -0.099420 0.995046 0.000000
vn -0.165760 0.985817 0.026255
vn -0.159612 0.985817 0.051861
vn -0.094554 0.995046 0.030724
vn -0.098196 0.995046 0.015552
vn -0.159612 0.985817 0.051861
vn -0.149534 0.985817 0.076190
vn -0.088584 0.995046 0.045136
vn -0.094554 0.995046 0.030724
vn -0.149534 0.985817 0.076190
vn -0.135774 0.985817 0.098646
vn -0.080432 0.995046 0.058437
vn -0.088584 0.995046 0.045136
vn -0.135774 0.985817 0.098646
vn -0.118671 0.985817 0.118672
vn -0.070300 0.995046 0.070301
vn -0.080432 0.995046 0.058437
vn -0.118671 0.985817 0.118672
vn -0.098646 0.985817 0.135773
vn -0.058437 0.995046 0.080430
vn -0.070300 0.995046 0.070301
vn -0.098646 0.985817 0.135773
vn -0.076191 0.985817 0.149533
vn -0.045136 0.995046 0.088581
vn -0.058437 0.995046 0.080430
vn -0.076191 0.985817 0.149533
vn -0.051861 0.985817 0.159613
vn -0.030722 0.995045 0.094555
vn -0.045136 0.995046 0.088581
vn -0.051861 0.985817 0.159613
vn -0.026254 0.985816 0.165761
vn -0.015553 0.995046 0.098196
vn -0.030722 0.995045 0.094555
vn -0.026254 0.985816 0.165761
vn 0.000000 0.985816 0.167827
vn 0.000000 0.995046 0.099420
vn -0.015553 0.995046 0.098196
vn 0.000000 0.985816 0.167827
vn 0.026254 0.985817 0.165760
vn 0.015553 0.995046 0.098195
vn 0.000000 0.995046 0.099420
vn 0.026254 0.985817 0.165760
vn 0.051861 0.985817 0.159613
vn 0.030722 0.995046 0.094552
vn 0.015553 0.995046 0.098195
vn 0.051861 0.985817 0.159613
vn 0.076191 0.985817 0.149535
vn 0.045136 0.995046 0.088584
vn 0.030722 0.995046 0.094552
vn 0.076191 0.985817 0.149535
vn 0.098646 0.985817 0.135774
vn 0.058437 0.995046 0.080432
vn 0.045136 0.995046 0.088584
vn 0.098646 0.985817 0.135774
vn 0.118671 0.985817 0.118671
vn 0.070300 0.995046 0.070299
vn 0.058437 0.995046 0.080432
vn 0.118671 0.985817 0.118671
vn 0.135774 0.985817 0.098645
vn 0.080432 0.995046 0.058437
vn 0.070300 0.995046 0.070299
vn 0.135774 0.985817 0.098645
vn 0.149534 0.985817 0.076191
vn 0.088584 0.995046 0.045134
vn 0.080432 0.995046 0.058437
vn 0.149534 0.985817 0.076191
vn 0.159612 0.985817 0.051861
vn 0.094554 0.995046 0.030719
vn 0.088584 0.995046 0.045134
vn 0.159612 0.985817 0.051861
vn 0.165760 0.985817 0.026255
vn 0.098196 0.995046 0.015549
vn 0.094554 0.995046 0.030719
vn 0.165760 0.985817 0.026255
vn 0.167826 0.985817 0.000000
vn 0.099420 0.995046 -0.000003
vn 0.098196 0.995046 0.015549
vn 0.167826 0.985817 0.000000
vn 0.165760 0.985817 -0.026254
vn 0.098196 0.995046 -0.015552
vn 0.099420 0.995046 -0.000003
vn 0.094555 -0.995045 -0.030723
vn 0.098197 -0.995045 -0.015553
vn 0.000000 -1.000000 0.000000
vn 0.088584 -0.995046 -0.045136
vn 0.094555 -0.995045 -0.030723
vn 0.000000 -1.000000 0.000000
vn 0.080433 -0.995045 -0.058438
vn 0.088584 -0.995046 -0.045136
vn 0.000000 -1.000000 0.000000
vn 0.070301 -0.995045 -0.070301
vn 0.080433 -0.995045 -0.058438
vn 0.000000 -1.000000 0.000000
vn 0.058438 -0.995045 -0.080433
vn 0.070301 -0.995045 -0.070301
vn 0.000000 -1.000000 0.000000
vn 0.045136 -0.995046 -0.088584
vn 0.058438 -0.995045 -0.080433
vn 0.000000 -1.000000 0.000000
vn 0.030723 -0.995045 -0.094555
vn 0.045136 -0.995046 -0.088584
vn 0.000000 -1.000000 0.000000
vn 0.015553 -0.995045 -0.098197
vn 0.030723 -0.995045 -0.094555
vn 0.000000 -1.000000 0.000000
vn 0.000000 -0.995045 -0.099421
vn 0.015553 -0.995045 -0.098197
vn 0.000000 -1.000000 0.000000
vn -0.015553 -0.995045 -0.098197
vn 0.000000 -0.995045 -0.099421
vn 0.000000 -1.000000 0.000000
vn -0.030723 -0.995045 -0.094555
vn -0.015553 -0.995045 -0.098197
vn 0.000000 -1.000000 0.000000
vn -0.045136 -0.995046 -0.088584
vn -0.030723 -0.995045 -0.094555
vn 0.000000 -1.000000 0.000000
vn -0.058438 -0.995045 -0.080433
vn -0.045136 -0.995046 -0.088584
vn 0.000000 -1.000000 0.000000
vn -0.070301 -0.995045 -0.070301
vn -0.058438 -0.995045 -0.080433
vn 0.000000 -1.000000 0.000000
vn -0.080433 -0.995045 -0.058438
vn -0.070301 -0.995045 -0.070301
vn 0.000000 -1.000000 0.000000
vn -0.088584 -0.995046 -0.045136
vn -0.080433 -0.995045 -0.058438
vn 0.000000 -1.000000 0.000000
vn -0.094555 -0.995045 -0.030723
vn -0.088584 -0.995046 -0.045136
vn 0.000000 -1.000000 0.000000
vn -0.098197 -0.995045 -0.015553
vn -0.094555 -0.995045 -0.030723
vn 0.000000 -1.000000 0.000000
vn -0.099421 -0.995045 0.000000
vn -0.098197 -0.995045 -0.015553
vn 0.000000 -1.000000 0.000000
vn -0.098197 -0.995045 0.015553
vn -0.099421 -0.995045 0.000000
vn 0.000000 -1.000000 0.000000
vn -0.094555 -0.995045 0.030723
vn -0.098197 -0.995045 0.015553
vn 0.000000 -1.000000 0.000000
vn -0.088584 -0.995046 0.045136
vn -0.094555 -0.995045 0.030723
vn 0.000000 -1.000000 0.000000
vn -0.080433 -0.995045 0.058438
vn -0.088584 -0.995046 0.045136
vn 0.000000 -1.000000 0.000000
vn -0.070301 -0.995045 0.070301
vn -0.080433 -0.995045 0.058438
vn 0.000000 -1.000000 0.000000
vn -0.058438 -0.995045 0.080433
vn -0.070301 -0.995045 0.070301
vn 0.000000 -1.000000 0.000000
vn -0.045136 -0.995046 0.088584
vn -0.058438 -0.995045 0.080433
vn 0.000000 -1.000000 0.000000
vn -0.030723 -0.995045 0.094555
vn -0.045136 -0.995046 0.088584
vn 0.000000 -1.000000 0.000000
vn -0.015553 -0.995045 0.098197
vn -0.030723 -0.995045 0.094555
vn 0.000000 -1.000000 0.000000
vn 0.000000 -0.995045 0.099421
vn -0.015553 -0.995045 0.098197
vn 0.000000 -1.000000 0.000000
vn 0.015553 -0.995045 0.098197
vn 0.000000 -0.995045 0.099421
vn 0.000000 -1.000000 0.000000
vn 0.030723 -0.995045 0.094555
vn 0.015553 -0.995045 0.098197
vn 0.000000 -1.000000 0.000000
vn 0.045136 -0.995046 0.088584
vn 0.030723 -0.995045 0.094555
vn 0.000000 -1.000000 0.000000
vn 0.058438 -0.995045 0.080433
vn 0.045136 -0.995046 0.088584
vn 0.000000 -1.000000 0.000000
vn 0.070301 -0.995045 0.070301
vn 0.058438 -0.995045 0.080433
vn 0.000000 -1.000000 0.000000
vn 0.080433 -0.995045 0.058438
vn 0.070301 -0.995045 0.070301
vn 0.000000 -1.000000 0.000000
vn 0.088584 -0.995046 0.045136
vn 0.080433 -0.995045 0.058438
vn 0.000000 -1.000000 0.000000
vn 0.094555 -0.995045 0.030723
vn 0.088584 -0.995046 0.045136
vn 0.000000 -1.000000 0.000000
vn 0.098197 -0.995045 0.015553
vn 0.094555 -0.995045 0.030723
vn 0.000000 -1.000000 0.000000
vn 0.099421 -0.995045 0.000000
vn 0.098197 -0.995045 0.015553
vn 0.000000 -1.000000 0.000000
vn 0.098197 -0.995045 -0.015553
vn 0.099421 -0.995045 0.000000
vn 0.000000 -1.000000 0.000000
vn 0.098196 0.995046 -0.015552
vn 0.094554 0.995046 -0.030722
vn 0.000000 1.000000 -0.000001
vn 0.094554 0.995046 -0.030722
vn 0.088584 0.995046 -0.045136
vn 0.000000 1.000000 -0.000001
vn 0.088584 0.995046 -0.045136
vn 0.080432 0.995046 -0.058437
vn 0.000000 1.000000 -0.000001
vn 0.080432 0.995046 -0.058437
vn 0.070300 0.995046 -0.070301
vn 0.000000 1.000000 -0.000001
vn 0.070300 0.995046 -0.070301
vn 0.058437 0.995045 -0.080435
vn 0.000000 1.000000 -0.000001
vn 0.058437 0.995045 -0.080435
vn 0.045136 0.995045 -0.088586
vn 0.000000 1.000000 -0.000001
vn 0.045136 0.995045 -0.088586
vn 0.030722 0.995046 -0.094553
vn 0.000000 1.000000 -0.000001
vn 0.030722 0.995046 -0.094553
vn 0.015553 0.995046 -0.098195
vn 0.000000 1.000000 -0.000001
vn 0.015553 0.995046 -0.098195
vn 0.000000 0.995046 -0.099419
vn 0.000000 1.000000 -0.000001
vn 0.000000 0.995046 -0.099419
vn -0.015553 0.995046 -0.098196
vn 0.000000 1.000000 -0.000001
vn -0.015553 0.995046 -0.098196
vn -0.030722 0.995045 -0.094555
vn 0.000000 1.000000 -0.000001
vn -0.030722 0.995045 -0.094555
vn -0.045136 0.995045 -0.088585
vn 0.000000 1.000000 -0.000001
vn -0.045136 0.995045 -0.088585
vn -0.058437 0.995045 -0.080434
vn 0.000000 1.000000 -0.000001
vn -0.058437 0.995045 -0.080434
vn -0.070300 0.995046 -0.070301
vn 0.000000 1.000000 -0.000001
vn -0.070300 0.995046 -0.070301
vn -0.080432 0.995046 -0.058434
vn 0.000000 1.000000 -0.000001
vn -0.080432 0.995046 -0.058434
vn -0.088584 0.995046 -0.045134
vn 0.000000 1.000000 -0.000001
vn -0.088584 0.995046 -0.045134
vn -0.094554 0.995046 -0.030724
vn 0.000000 1.000000 -0.000001
vn -0.094554 0.995046 -0.030724
vn -0.098196 0.995046 -0.015552
vn 0.000000 1.000000 -0.000001
vn -0.098196 0.995046 -0.015552
vn -0.099420 0.995046 0.000000
vn 0.000000 1.000000 -0.000001
vn -0.099420 0.995046 0.000000
vn -0.098196 0.995046 0.015552
vn 0.000000 1.000000 -0.000001
vn -0.098196 0.995046 0.015552
vn -0.094554 0.995046 0.030724
vn 0.000000 1.000000 -0.000001
vn -0.094554 0.995046 0.030724
vn -0.088584 0.995046 0.045136
vn 0.000000 1.000000 -0.000001
vn -0.088584 0.995046 0.045136
vn -0.080432 0.995046 0.058437
vn 0.000000 1.000000 -0.000001
vn -0.080432 0.995046 0.058437
vn -0.070300 0.995046 0.070301
vn 0.000000 1.000000 -0.000001
vn -0.070300 0.995046 0.070301
vn -0.058437 0.995046 0.080430
vn 0.000000 1.000000 -0.000001
vn -0.058437 0.995046 0.080430
vn -0.045136 0.995046 0.088581
vn 0.000000 1.000000 -0.000001
vn -0.045136 0.995046 0.088581
vn -0.030722 0.995045 0.094555
vn 0.000000 1.000000 -0.000001
vn -0.030722 0.995045 0.094555
vn -0.015553 0.995046 0.098196
vn 0.000000 1.000000 -0.000001
vn -0.015553 0.995046 0.098196
vn 0.000000 0.995046 0.099420
vn 0.000000 1.000000 -0.000001
vn 0.000000 0.995046 0.099420
vn 0.015553 0.995046 0.098195
vn 0.000000 1.000000 -0.000001
vn 0.015553 0.995046 0.098195
vn 0.030722 0.995046 0.094552
vn 0.000000 1.000000 -0.000001
vn 0.030722 0.995046 0.094552
vn 0.045136 0.995046 0.088584
vn 0.000000 1.000000 -0.000001
vn 0.045136 0.995046 0.088584
vn 0.058437 0.995046 0.080432
vn 0.000000 1.000000 -0.000001
vn 0.058437 0.995046 0.080432
vn 0.070300 0.995046 0.070299
vn 0.000000 1.000000 -0.000001
vn 0.070300 0.995046 0.070299
vn 0.080432 0.995046 0.058437
vn 0.000000 1.000000 -0.000001
vn 0.080432 0.995046 0.058437
vn 0.088584 0.995046 0.045134
vn 0.000000 1.000000 -0.000001
vn 0.088584 0.995046 0.045134
vn 0.094554 0.995046 0.030719
vn 0.000000 1.000000 -0.000001
vn 0.094554 0.995046 0.030719
vn 0.098196 0.995046 0.015549
vn 0.000000 1.000000 -0.000001
vn 0.098196 0.995046 0.015549
vn 0.099420 0.995046 -0.000003
vn 0.000000 1.000000 -0.000001
vn 0.099420 0.995046 -0.000003
vn 0.098196 0.995046 -0.015552
vn 0.000000 1.000000 -0.000001
s off
g clouds_GEO
usemtl clouds_MAT
f 1/1/1 2/2/2 42/3/3 41/4/4
f 2/2/5 3/5/6 43/6/7 42/3/8
f 3/5/9 4/7/10 44/8/11 43/6/12
f 4/7/13 5/9/14 45/10/15 44/8/16
f 5/9/17 6/11/18 46/12/19 45/10/20
f 6/11/21 7/13/22 47/14/23 46/12/24
f 7/13/25 8/15/26 48/16/27 47/14/28
f 8/15/29 9/17/30 49/18/31 48/16/32
f 9/17/33 10/19/34 50/20/35 49/18/36
f 10/19/37 11/21/38 51/22/39 50/20/40
f 11/21/41 12/23/42 52/24/43 51/22/44
f 12/23/45 13/25/46 53/26/47 52/24/48
f 13/25/49 14/27/50 54/28/51 53/26/52
f 14/27/53 15/29/54 55/30/55 54/28/56
f 15/29/57 16/31/58 56/32/59 55/30/60
f 16/31/61 17/33/62 57/34/63 56/32/64
f 17/33/65 18/35/66 58/36/67 57/34/68
f 18/35/69 19/37/70 59/38/71 58/36/72
f 19/37/73 20/39/74 60/40/75 59/38/76
f 20/39/77 21/41/78 61/42/79 60/40/80
f 21/41/81 22/43/82 62/44/83 61/42/84
f 22/43/85 23/45/86 63/46/87 62/44/88
f 23/45/89 24/47/90 64/48/91 63/46/92
f 24/47/93 25/49/94 65/50/95 64/48/96
f 25/49/97 26/51/98 66/52/99 65/50/100
f 26/51/101 27/53/102 67/54/103 66/52/104
f 27/53/105 28/55/106 68/56/107 67/54/108
f 28/55/109 29/57/110 69/58/111 68/56/112
f 29/57/113 30/59/114 70/60/115 69/58/116
f 30/59/117 31/61/118 71/62/119 70/60/120
f 31/61/121 32/63/122 72/64/123 71/62/124
f 32/63/125 33/65/126 73/66/127 72/64/128
f 33/65/129 34/67/130 74/68/131 73/66/132
f 34/67/133 35/69/134 75/70/135 74/68/136
f 35/69/137 36/71/138 76/72/139 75/70/140
f 36/71/141 37/73/142 77/74/143 76/72/144
f 37/73/145 38/75/146 78/76/147 77/74/148
f 38/75/149 39/77/150 79/78/151 78/76/152
f 39/77/153 40/79/154 80/80/155 79/78/156
f 40/79/157 1/81/158 41/82/159 80/80/160
f 41/4/161 42/3/162 82/83/163 81/84/164
f 42/3/165 43/6/166 83/85/167 82/83/168
f 43/6/169 44/8/170 84/86/171 83/85/172
f 44/8/173 45/10/174 85/87/175 84/86/176
f 45/10/177 46/12/178 86/88/179 85/87/180
f 46/12/181 47/14/182 87/89/183 86/88/184
f 47/14/185 48/16/186 88/90/187 87/89/188
f 48/16/189 49/18/190 89/91/191 88/90/192
f 49/18/193 50/20/194 90/92/195 89/91/196
f 50/20/197 51/22/198 91/93/199 90/92/200
f 51/22/201 52/24/202 92/94/203 91/93/204
f 52/24/205 53/26/206 93/95/207 92/94/208
f 53/26/209 54/28/210 94/96/211 93/95/212
f 54/28/213 55/30/214 95/97/215 94/96/216
f 55/30/217 56/32/218 96/98/219 95/97/220
f 56/32/221 57/34/222 97/99/223 96/98/224
f 57/34/225 58/36/226 98/100/227 97/99/228
f 58/36/229 59/38/230 99/101/231 98/100/232
f 59/38/233 60/40/234 100/102/235 99/101/236
f 60/40/237 61/42/238 101/103/239 100/102/240
f 61/42/241 62/44/242 102/104/243 101/103/244
f 62/44/245 63/46/246 103/105/247 102/104/248
f 63/46/249 64/48/250 104/106/251 103/105/252
f 64/48/253 65/50/254 105/107/255 104/106/256
f 65/50/257 66/52/258 106/108/259 105/107/260
f 66/52/261 67/54/262 107/109/263 106/108/264
f 67/54/265 68/56/266 108/110/267 107/109/268
f 68/56/269 69/58/270 109/111/271 108/110/272
f 69/58/273 70/60/274 110/112/275 109/111/276
f 70/60/277 71/62/278 111/113/279 110/112/280
f 71/62/281 72/64/282 112/114/283 111/113/284
f 72/64/285 73/66/286 113/115/287 112/114/288
f 73/66/289 74/68/290 114/116/291 113/115/292
f 74/68/293 75/70/294 115/117/295 114/116/296
f 75/70/297 76/72/298 116/118/299 115/117/300
f 76/72/301 77/74/302 117/119/303 116/118/304
f 77/74/305 78/76/306 118/120/307 117/119/308
f 78/76/309 79/78/310 119/121/311 118/120/312
f 79/78/313 80/80/314 120/122/315 119/121/316
f 80/80/317 41/82/318 81/123/319 120/122/320
f 81/84/321 82/83/322 122/124/323 121/125/324
f 82/83/325 83/85/326 123/126/327 122/124/328
f 83/85/329 84/86/330 124/127/331 123/126/332
f 84/86/333 85/87/334 125/128/335 124/127/336
f 85/87/337 86/88/338 126/129/339 125/128/340
f 86/88/341 87/89/342 127/130/343 126/129/344
f 87/89/345 88/90/346 128/131/347 127/130/348
f 88/90/349 89/91/350 129/132/351 128/131/352
f 89/91/353 90/92/354 130/133/355 129/132/356
f 90/92/357 91/93/358 131/134/359 130/133/360
f 91/93/361 92/94/362 132/135/363 131/134/364
f 92/94/365 93/95/366 133/136/367 132/135/368
f 93/95/369 94/96/370 134/137/371 133/136/372
f 94/96/373 95/97/374 135/138/375 134/137/376
f 95/97/377 96/98/378 136/139/379 135/138/380
f 96/98/381 97/99/382 137/140/383 136/139/384
f 97/99/385 98/100/386 138/141/387 137/140/388
f 98/100/389 99/101/390 139/142/391 138/141/392
f 99/101/393 100/102/394 140/143/395 139/142/396
f 100/102/397 101/103/398 141/144/399 140/143/400
f 101/103/401 102/104/402 142/145/403 141/144/404
f 102/104/405 103/105/406 143/146/407 142/145/408
f 103/105/409 104/106/410 144/147/411 143/146/412
f 104/106/413 105/107/414 145/148/415 144/147/416
f 105/107/417 106/108/418 146/149/419 145/148/420
f 106/108/421 107/109/422 147/150/423 146/149/424
f 107/109/425 108/110/426 148/151/427 147/150/428
f 108/110/429 109/111/430 149/152/431 148/151/432
f 109/111/433 110/112/434 150/153/435 149/152/436
f 110/112/437 111/113/438 151/154/439 150/153/440
f 111/113/441 112/114/442 152/155/443 151/154/444
f 112/114/445 113/115/446 153/156/447 152/155/448
f 113/115/449 114/116/450 154/157/451 153/156/452
f 114/116/453 115/117/454 155/158/455 154/157/456
f 115/117/457 116/118/458 156/159/459 155/158/460
f 116/118/461 117/119/462 157/160/463 156/159/464
f 117/119/465 118/120/466 158/161/467 157/160/468
f 118/120/469 119/121/470 159/162/471 158/161/472
f 119/121/473 120/122/474 160/163/475 159/162/476
f 120/122/477 81/123/478 121/164/479 160/163/480
f 121/125/481 122/124/482 162/165/483 161/166/484
f 122/124/485 123/126/486 163/167/487 162/165/488
f 123/126/489 124/127/490 164/168/491 163/167/492
f 124/127/493 125/128/494 165/169/495 164/168/496
f 125/128/497 126/129/498 166/170/499 165/169/500
f 126/129/501 127/130/502 167/171/503 166/170/504
f 127/130/505 128/131/506 168/172/507 167/171/508
f 128/131/509 129/132/510 169/173/511 168/172/512
f 129/132/513 130/133/514 170/174/515 169/173/516
f 130/133/517 131/134/518 171/175/519 170/174/520
f 131/134/521 132/135/522 172/176/523 171/175/524
f 132/135/525 133/136/526 173/177/527 172/176/528
f 133/136/529 134/137/530 174/178/531 173/177/532
f 134/137/533 135/138/534 175/179/535 174/178/536
f 135/138/537 136/139/538 176/180/539 175/179/540
f 136/139/541 137/140/542 177/181/543 176/180/544
f 137/140/545 138/141/546 178/182/547 177/181/548
f 138/141/549 139/142/550 179/183/551 178/182/552
f 139/142/553 140/143/554 180/184/555 179/183/556
f 140/143/557 141/144/558 181/185/559 180/184/560
f 141/144/561 142/145/562 182/186/563 181/185/564
f 142/145/565 143/146/566 183/187/567 182/186/568
f 143/146/569 144/147/570 184/188/571 183/187/572
f 144/147/573 145/148/574 185/189/575 184/188/576
f 145/148/577 146/149/578 186/190/579 185/189/580
f 146/149/581 147/150/582 187/191/583 186/190/584
f 147/150/585 148/151/586 188/192/587 187/191/588
f 148/151/589 149/152/590 189/193/591 188/192/592
f 149/152/593 150/153/594 190/194/595 189/193/596
f 150/153/597 151/154/598 191/195/599 190/194/600
f 151/154/601 152/155/602 192/196/603 191/195/604
f 152/155/605 153/156/606 193/197/607 192/196/608
f 153/156/609 154/157/610 194/198/611 193/197/612
f 154/157/613 155/158/614 195/199/615 194/198/616
f 155/158/617 156/159/618 196/200/619 195/199/620
f 156/159/621 157/160/622 197/201/623 196/200/624
f 157/160/625 158/161/626 198/202/627 197/201/628
f 158/161/629 159/162/630 199/203/631 198/202/632
f 159/162/633 160/163/634 200/204/635 199/203/636
f 160/163/637 121/164/638 161/205/639 200/204/640
f 161/166/641 162/165/642 202/206/643 201/207/644
f 162/165/645 163/167/646 203/208/647 202/206/648
f 163/167/649 164/168/650 204/209/651 203/208/652
f 164/168/653 165/169/654 205/210/655 204/209/656
f 165/169/657 166/170/658 206/211/659 205/210/660
f 166/170/661 167/171/662 207/212/663 206/211/664
f 167/171/665 168/172/666 208/213/667 207/212/668
f 168/172/669 169/173/670 209/214/671 208/213/672
f 169/173/673 170/174/674 210/215/675 209/214/676
f 170/174/677 171/175/678 211/216/679 210/215/680
f 171/175/681 172/176/682 212/217/683 211/216/684
f 172/176/685 173/177/686 213/218/687 212/217/688
f 173/177/689 174/178/690 214/219/691 213/218/692
f 174/178/693 175/179/694 215/220/695 214/219/696
f 175/179/697 176/180/698 216/221/699 215/220/700
f 176/180/701 177/181/702 217/222/703 216/221/704
f 177/181/705 178/182/706 218/223/707 217/222/708
f 178/182/709 179/183/710 219/224/711 218/223/712
f 179/183/713 180/184/714 220/225/715 219/224/716
f 180/184/717 181/185/718 221/226/719 220/225/720
f 181/185/721 182/186/722 222/227/723 221/226/724
f 182/186/725 183/187/726 223/228/727 222/227/728
f 183/187/729 184/188/730 224/229/731 223/228/732
f 184/188/733 185/189/734 225/230/735 224/229/736
f 185/189/737 186/190/738 226/231/739 225/230/740
f 186/190/741 187/191/742 227/232/743 226/231/744
f 187/191/745 188/192/746 228/233/747 227/232/748
f 188/192/749 189/193/750 229/234/751 228/233/752
f 189/193/753 190/194/754 230/235/755 229/234/756
f 190/194/757 191/195/758 231/236/759 230/235/760
f 191/195/761 192/196/762 232/237/763 231/236/764
f 192/196/765 193/197/766 233/238/767 232/237/768
f 193/197/769 194/198/770 234/239/771 233/238/772
f 194/198/773 195/199/774 235/240/775 234/239/776
f 195/199/777 196/200/778 236/241/779 235/240/780
f 196/200/781 197/201/782 237/242/783 236/241/784
f 197/201/785 198/202/786 238/243/787 237/242/788
f 198/202/789 199/203/790 239/244/791 238/243/792
f 199/203/793 200/204/794 240/245/795 239/244/796
f 200/204/797 161/205/798 201/246/799 240/245/800
f 201/207/801 202/206/802 242/247/803 241/248/804
f 202/206/805 203/208/806 243/249/807 242/247/808
f 203/208/809 204/209/810 244/250/811 243/249/812
f 204/209/813 205/210/814 245/251/815 244/250/816
f 205/210/817 206/211/818 246/252/819 245/251/820
f 206/211/821 207/212/822 247/253/823 246/252/824
f 207/212/825 208/213/826 248/254/827 247/253/828
f 208/213/829 209/214/830 249/255/831 248/254/832
f 209/214/833 210/215/834 250/256/835 249/255/836
f 210/215/837 211/216/838 251/257/839 250/256/840
f 211/216/841 212/217/842 252/258/843 251/257/844
f 212/217/845 213/218/846 253/259/847 252/258/848
f 213/218/849 214/219/850 254/260/851 253/259/852
f 214/219/853 215/220/854 255/261/855 254/260/856
f 215/220/857 216/221/858 256/262/859 255/261/860
f 216/221/861 217/222/862 257/263/863 256/262/864
f 217/222/865 218/223/866 258/264/867 257/263/868
f 218/223/869 219/224/870 259/265/871 258/264/872
f 219/224/873 220/225/874 260/266/875 259/265/876
f 220/225/877 221/226/878 261/267/879 260/266/880
f 221/226/881 222/227/882 262/268/883 261/267/884
f 222/227/885 223/228/886 263/269/887 262/268/888
f 223/228/889 224/229/890 264/270/891 263/269/892
f 224/229/893 225/230/894 265/271/895 264/270/896
f 225/230/897 226/231/898 266/272/899 265/271/900
f 226/231/901 227/232/902 267/273/903 266/272/904
f 227/232/905 228/233/906 268/274/907 267/273/908
f 228/233/909 229/234/910 269/275/911 268/274/912
f 229/234/913 230/235/914 270/276/915 269/275/916
f 230/235/917 231/236/918 271/277/919 270/276/920
f 231/236/921 232/237/922 272/278/923 271/277/924
f 232/237/925 233/238/926 273/279/927 272/278/928
f 233/238/929 234/239/930 274/280/931 273/279/932
f 234/239/933 235/240/934 275/281/935 274/280/936
f 235/240/937 236/241/938 276/282/939 275/281/940
f 236/241/941 237/242/942 277/283/943 276/282/944
f 237/242/945 238/243/946 278/284/947 277/283/948
f 238/243/949 239/244/950 279/285/951 278/284/952
f 239/244/953 240/245/954 280/286/955 279/285/956
f 240/245/957 201/246/958 241/287/959 280/286/960
f 241/248/961 242/247/962 282/288/963 281/289/964
f 242/247/965 243/249/966 283/290/967 282/288/968
f 243/249/969 244/250/970 284/291/971 283/290/972
f 244/250/973 245/251/974 285/292/975 284/291/976
f 245/251/977 246/252/978 286/293/979 285/292/980
f 246/252/981 247/253/982 287/294/983 286/293/984
f 247/253/985 248/254/986 288/295/987 287/294/988
f 248/254/989 249/255/990 289/296/991 288/295/992
f 249/255/993 250/256/994 290/297/995 289/296/996
f 250/256/997 251/257/998 291/298/999 290/297/1000
f 251/257/1001 252/258/1002 292/299/1003 291/298/1004
f 252/258/1005 253/259/1006 293/300/1007 292/299/1008
f 253/259/1009 254/260/1010 294/301/1011 293/300/1012
f 254/260/1013 255/261/1014 295/302/1015 294/301/1016
f 255/261/1017 256/262/1018 296/303/1019 295/302/1020
f 256/262/1021 257/263/1022 297/304/1023 296/303/1024
f 257/263/1025 258/264/1026 298/305/1027 297/304/1028
f 258/264/1029 259/265/1030 299/306/1031 298/305/1032
f 259/265/1033 260/266/1034 300/307/1035 299/306/1036
f 260/266/1037 261/267/1038 301/308/1039 300/307/1040
f 261/267/1041 262/268/1042 302/309/1043 301/308/1044
f 262/268/1045 263/269/1046 303/310/1047 302/309/1048
f 263/269/1049 264/270/1050 304/311/1051 303/310/1052
f 264/270/1053 265/271/1054 305/312/1055 304/311/1056
f 265/271/1057 266/272/1058 306/313/1059 305/312/1060
f 266/272/1061 267/273/1062 307/314/1063 306/313/1064
f 267/273/1065 268/274/1066 308/315/1067 307/314/1068
f 268/274/1069 269/275/1070 309/316/1071 308/315/1072
f 269/275/1073 270/276/1074 310/317/1075 309/316/1076
f 270/276/1077 271/277/1078 311/318/1079 310/317/1080
f 271/277/1081 272/278/1082 312/319/1083 311/318/1084
f 272/278/1085 273/279/1086 313/320/1087 312/319/1088
f 273/279/1089 274/280/1090 314/321/1091 313/320/1092
f 274/280/1093 275/281/1094 315/322/1095 314/321/1096
f 275/281/1097 276/282/1098 316/323/1099 315/322/1100
f 276/282/1101 277/283/1102 317/324/1103 316/323/1104
f 277/283/1105 278/284/1106 318/325/1107 317/324/1108
f 278/284/1109 279/285/1110 319/326/1111 318/325/1112
f 279/285/1113 280/286/1114 320/327/1115 319/326/1116
f 280/286/1117 241/287/1118 281/328/1119 320/327/1120
f 281/289/1121 282/288/1122 322/329/1123 321/330/1124
f 282/288/1125 283/290/1126 323/331/1127 322/329/1128
f 283/290/1129 284/291/1130 324/332/1131 323/331/1132
f 284/291/1133 285/292/1134 325/333/1135 324/332/1136
f 285/292/1137 286/293/1138 326/334/1139 325/333/1140
f 286/293/1141 287/294/1142 327/335/1143 326/334/1144
f 287/294/1145 288/295/1146 328/336/1147 327/335/1148
f 288/295/1149 289/296/1150 329/337/1151 328/336/1152
f 289/296/1153 290/297/1154 330/338/1155 329/337/1156
f 290/297/1157 291/298/1158 331/339/1159 330/338/1160
f 291/298/1161 292/299/1162 332/340/1163 331/339/1164
f 292/299/1165 293/300/1166 333/341/1167 332/340/1168
f 293/300/1169 294/301/1170 334/342/1171 333/341/1172
f 294/301/1173 295/302/1174 335/343/1175 334/342/1176
f 295/302/1177 296/303/1178 336/344/1179 335/343/1180
f 296/303/1181 297/304/1182 337/345/1183 336/344/1184
f 297/304/1185 298/305/1186 338/346/1187 337/345/1188
f 298/305/1189 299/306/1190 339/347/1191 338/346/1192
f 299/306/1193 300/307/1194 340/348/1195 339/347/1196
f 300/307/1197 301/308/1198 341/349/1199 340/348/1200
f 301/308/1201 302/309/1202 342/350/1203 341/349/1204
f 302/309/1205 303/310/1206 343/351/1207 342/350/1208
f 303/310/1209 304/311/1210 344/352/1211 343/351/1212
f 304/311/1213 305/312/1214 345/353/1215 344/352/1216
f 305/312/1217 306/313/1218 346/354/1219 345/353/1220
f 306/313/1221 307/314/1222 347/355/1223 346/354/1224
f 307/314/1225 308/315/1226 348/356/1227 347/355/1228
f 308/315/1229 309/316/1230 349/357/1231 348/356/1232
f 309/316/1233 310/317/1234 350/358/1235 349/357/1236
f 310/317/1237 311/318/1238 351/359/1239 350/358/1240
f 311/318/1241 312/319/1242 352/360/1243 351/359/1244
f 312/319/1245 313/320/1246 353/361/1247 352/360/1248
f 313/320/1249 314/321/1250 354/362/1251 353/361/1252
f 314/321/1253 315/322/1254 355/363/1255 354/362/1256
f 315/322/1257 316/323/1258 356/364/1259 355/363/1260
f 316/323/1261 317/324/1262 357/365/1263 356/364/1264
f 317/324/1265 318/325/1266 358/366/1267 357/365/1268
f 318/325/1269 319/326/1270 359/367/1271 358/366/1272
f 319/326/1273 320/327/1274 360/368/1275 359/367/1276
f 320/327/1277 281/328/1278 321/369/1279 360/368/1280
f 321/330/1281 322/329/1282 362/370/1283 361/371/1284
f 322/329/1285 323/331/1286 363/372/1287 362/370/1288
f 323/331/1289 324/332/1290 364/373/1291 363/372/1292
f 324/332/1293 325/333/1294 365/374/1295 364/373/1296
f 325/333/1297 326/334/1298 366/375/1299 365/374/1300
f 326/334/1301 327/335/1302 367/376/1303 366/375/1304
f 327/335/1305 328/336/1306 368/377/1307 367/376/1308
f 328/336/1309 329/337/1310 369/378/1311 368/377/1312
f 329/337/1313 330/338/1314 370/379/1315 369/378/1316
f 330/338/1317 331/339/1318 371/380/1319 370/379/1320
f 331/339/1321 332/340/1322 372/381/1323 371/380/1324
f 332/340/1325 333/341/1326 373/382/1327 372/381/1328
f 333/341/1329 334/342/1330 374/383/1331 373/382/1332
f 334/342/1333 335/343/1334 375/384/1335 374/383/1336
f 335/343/1337 336/344/1338 376/385/1339 375/384/1340
f 336/344/1341 337/345/1342 377/386/1343 376/385/1344
f 337/345/1345 338/346/1346 378/387/1347 377/386/1348
f 338/346/1349 339/347/1350 379/388/1351 378/387/1352
f 339/347/1353 340/348/1354 380/389/1355 379/388/1356
f 340/348/1357 341/349/1358 381/390/1359 380/389/1360
f 341/349/1361 342/350/1362 382/391/1363 381/390/1364
f 342/350/1365 343/351/1366 383/392/1367 382/391/1368
f 343/351/1369 344/352/1370 384/393/1371 383/392/1372
f 344/352/1373 345/353/1374 385/394/1375 384/393/1376
f 345/353/1377 346/354/1378 386/395/1379 385/394/1380
f 346/354/1381 347/355/1382 387/396/1383 386/395/1384
f 347/355/1385 348/356/1386 388/397/1387 387/396/1388
f 348/356/1389 349/357/1390 389/398/1391 388/397/1392
f 349/357/1393 350/358/1394 390/399/1395 389/398/1396
f 350/358/1397 351/359/1398 391/400/1399 390/399/1400
f 351/359/1401 352/360/1402 392/401/1403 391/400/1404
f 352/360/1405 353/361/1406 393/402/1407 392/401/1408
f 353/361/1409 354/362/1410 394/403/1411 393/402/1412
f 354/362/1413 355/363/1414 395/404/1415 394/403/1416
f 355/363/1417 356/364/1418 396/405/1419 395/404/1420
f 356/364/1421 357/365/1422 397/406/1423 396/405/1424
f 357/365/1425 358/366/1426 398/407/1427 397/406/1428
f 358/366/1429 359/367/1430 399/408/1431 398/407/1432
f 359/367/1433 360/368/1434 400/409/1435 399/408/1436
f 360/368/1437 321/369/1438 361/410/1439 400/409/1440
f 361/371/1441 362/370/1442 402/411/1443 401/412/1444
f 362/370/1445 363/372/1446 403/413/1447 402/411/1448
f 363/372/1449 364/373/1450 404/414/1451 403/413/1452
f 364/373/1453 365/374/1454 405/415/1455 404/414/1456
f 365/374/1457 366/375/1458 406/416/1459 405/415/1460
f 366/375/1461 367/376/1462 407/417/1463 406/416/1464
f 367/376/1465 368/377/1466 408/418/1467 407/417/1468
f 368/377/1469 369/378/1470 409/419/1471 408/418/1472
f 369/378/1473 370/379/1474 410/420/1475 409/419/1476
f 370/379/1477 371/380/1478 411/421/1479 410/420/1480
f 371/380/1481 372/381/1482 412/422/1483 411/421/1484
f 372/381/1485 373/382/1486 413/423/1487 412/422/1488
f 373/382/1489 374/383/1490 414/424/1491 413/423/1492
f 374/383/1493 375/384/1494 415/425/1495 414/424/1496
f 375/384/1497 376/385/1498 416/426/1499 415/425/1500
f 376/385/1501 377/386/1502 417/427/1503 416/426/1504
f 377/386/1505 378/387/1506 418/428/1507 417/427/1508
f 378/387/1509 379/388/1510 419/429/1511 418/428/1512
f 379/388/1513 380/389/1514 420/430/1515 419/429/1516
f 380/389/1517 381/390/1518 421/431/1519 420/430/1520
f 381/390/1521 382/391/1522 422/432/1523 421/431/1524
f 382/391/1525 383/392/1526 423/433/1527 422/432/1528
f 383/392/1529 384/393/1530 424/434/1531 423/433/1532
f 384/393/1533 385/394/1534 425/435/1535 424/434/1536
f 385/394/1537 386/395/1538 426/436/1539 425/435/1540
f 386/395/1541 387/396/1542 427/437/1543 426/436/1544
f 387/396/1545 388/397/1546 428/438/1547 427/437/1548
f 388/397/1549 389/398/1550 429/439/1551 428/438/1552
f 389/398/1553 390/399/1554 430/440/1555 429/439/1556
f 390/399/1557 391/400/1558 431/441/1559 430/440/1560
f 391/400/1561 392/401/1562 432/442/1563 431/441/1564
f 392/401/1565 393/402/1566 433/443/1567 432/442/1568
f 393/402/1569 394/403/1570 434/444/1571 433/443/1572
f 394/403/1573 395/404/1574 435/445/1575 434/444/1576
f 395/404/1577 396/405/1578 436/446/1579 435/445/1580
f 396/405/1581 397/406/1582 437/447/1583 436/446/1584
f 397/406/1585 398/407/1586 438/448/1587 437/447/1588
f 398/407/1589 399/408/1590 439/449/1591 438/448/1592
f 399/408/1593 400/409/1594 440/450/1595 439/449/1596
f 400/409/1597 361/410/1598 401/451/1599 440/450/1600
f 401/412/1601 402/411/1602 442/452/1603 441/453/1604
f 402/411/1605 403/413/1606 443/454/1607 442/452/1608
f 403/413/1609 404/414/1610 444/455/1611 443/454/1612
f 404/414/1613 405/415/1614 445/456/1615 444/455/1616
f 405/415/1617 406/416/1618 446/457/1619 445/456/1620
f 406/416/1621 407/417/1622 447/458/1623 446/457/1624
f 407/417/1625 408/418/1626 448/459/1627 447/458/1628
f 408/418/1629 409/419/1630 449/460/1631 448/459/1632
f 409/419/1633 410/420/1634 450/461/1635 449/460/1636
f 410/420/1637 411/421/1638 451/462/1639 450/461/1640
f 411/421/1641 412/422/1642 452/463/1643 451/462/1644
f 412/422/1645 413/423/1646 453/464/1647 452/463/1648
f 413/423/1649 414/424/1650 454/465/1651 453/464/1652
f 414/424/1653 415/425/1654 455/466/1655 454/465/1656
f 415/425/1657 416/426/1658 456/467/1659 455/466/1660
f 416/426/1661 417/427/1662 457/468/1663 456/467/1664
f 417/427/1665 418/428/1666 458/469/1667 457/468/1668
f 418/428/1669 419/429/1670 459/470/1671 458/469/1672
f 419/429/1673 420/430/1674 460/471/1675 459/470/1676
f 420/430/1677 421/431/1678 461/472/1679 460/471/1680
f 421/431/1681 422/432/1682 462/473/1683 461/472/1684
f 422/432/1685 423/433/1686 463/474/1687 462/473/1688
f 423/433/1689 424/434/1690 464/475/1691 463/474/1692
f 424/434/1693 425/435/1694 465/476/1695 464/475/1696
f 425/435/1697 426/436/1698 466/477/1699 465/476/1700
f 426/436/1701 427/437/1702 467/478/1703 466/477/1704
f 427/437/1705 428/438/1706 468/479/1707 467/478/1708
f 428/438/1709 429/439/1710 469/480/1711 468/479/1712
f 429/439/1713 430/440/1714 470/481/1715 469/480/1716
f 430/440/1717 431/441/1718 471/482/1719 470/481/1720
f 431/441/1721 432/442/1722 472/483/1723 471/482/1724
f 432/442/1725 433/443/1726 473/484/1727 472/483/1728
f 433/443/1729 434/444/1730 474/485/1731 473/484/1732
f 434/444/1733 435/445/1734 475/486/1735 474/485/1736
f 435/445/1737 436/446/1738 476/487/1739 475/486/1740
f 436/446/1741 437/447/1742 477/488/1743 476/487/1744
f 437/447/1745 438/448/1746 478/489/1747 477/488/1748
f 438/448/1749 439/449/1750 479/490/1751 478/489/1752
f 439/449/1753 440/450/1754 480/491/1755 479/490/1756
f 440/450/1757 401/451/1758 441/492/1759 480/491/1760
f 441/453/1761 442/452/1762 482/493/1763 481/494/1764
f 442/452/1765 443/454/1766 483/495/1767 482/493/1768
f 443/454/1769 444/455/1770 484/496/1771 483/495/1772
f 444/455/1773 445/456/1774 485/497/1775 484/496/1776
f 445/456/1777 446/457/1778 486/498/1779 485/497/1780
f 446/457/1781 447/458/1782 487/499/1783 486/498/1784
f 447/458/1785 448/459/1786 488/500/1787 487/499/1788
f 448/459/1789 449/460/1790 489/501/1791 488/500/1792
f 449/460/1793 450/461/1794 490/502/1795 489/501/1796
f 450/461/1797 451/462/1798 491/503/1799 490/502/1800
f 451/462/1801 452/463/1802 492/504/1803 491/503/1804
f 452/463/1805 453/464/1806 493/505/1807 492/504/1808
f 453/464/1809 454/465/1810 494/506/1811 493/505/1812
f 454/465/1813 455/466/1814 495/507/1815 494/506/1816
f 455/466/1817 456/467/1818 496/508/1819 495/507/1820
f 456/467/1821 457/468/1822 497/509/1823 496/508/1824
f 457/468/1825 458/469/1826 498/510/1827 497/509/1828
f 458/469/1829 459/470/1830 499/511/1831 498/510/1832
f 459/470/1833 460/471/1834 500/512/1835 499/511/1836
f 460/471/1837 461/472/1838 501/513/1839 500/512/1840
f 461/472/1841 462/473/1842 502/514/1843 501/513/1844
f 462/473/1845 463/474/1846 503/515/1847 502/514/1848
f 463/474/1849 464/475/1850 504/516/1851 503/515/1852
f 464/475/1853 465/476/1854 505/517/1855 504/516/1856
f 465/476/1857 466/477/1858 506/518/1859 505/517/1860
f 466/477/1861 467/478/1862 507/519/1863 506/518/1864
f 467/478/1865 468/479/1866 508/520/1867 507/519/1868
f 468/479/1869 469/480/1870 509/521/1871 508/520/1872
f 469/480/1873 470/481/1874 510/522/1875 509/521/1876
f 470/481/1877 471/482/1878 511/523/1879 510/522/1880
f 471/482/1881 472/483/1882 512/524/1883 511/523/1884
f 472/483/1885 473/484/1886 513/525/1887 512/524/1888
f 473/484/1889 474/485/1890 514/526/1891 513/525/1892
f 474/485/1893 475/486/1894 515/527/1895 514/526/1896
f 475/486/1897 476/487/1898 516/528/1899 515/527/1900
f 476/487/1901 477/488/1902 517/529/1903 516/528/1904
f 477/488/1905 478/489/1906 518/530/1907 517/529/1908
f 478/489/1909 479/490/1910 519/531/1911 518/530/1912
f 479/490/1913 480/491/1914 520/532/1915 519/531/1916
f 480/491/1917 441/492/1918 481/533/1919 520/532/1920
f 481/494/1921 482/493/1922 522/534/1923 521/535/1924
f 482/493/1925 483/495/1926 523/536/1927 522/534/1928
f 483/495/1929 484/496/1930 524/537/1931 523/536/1932
f 484/496/1933 485/497/1934 525/538/1935 524/537/1936
f 485/497/1937 486/498/1938 526/539/1939 525/538/1940
f 486/498/1941 487/499/1942 527/540/1943 526/539/1944
f 487/499/1945 488/500/1946 528/541/1947 527/540/1948
f 488/500/1949 489/501/1950 529/542/1951 528/541/1952
f 489/501/1953 490/502/1954 530/543/1955 529/542/1956
f 490/502/1957 491/503/1958 531/544/1959 530/543/1960
f 491/503/1961 492/504/1962 532/545/1963 531/544/1964
f 492/504/1965 493/505/1966 533/546/1967 532/545/1968
f 493/505/1969 494/506/1970 534/547/1971 533/546/1972
f 494/506/1973 495/507/1974 535/548/1975 534/547/1976
f 495/507/1977 496/508/1978 536/549/1979 535/548/1980
f 496/508/1981 497/509/1982 537/550/1983 536/549/1984
f 497/509/1985 498/510/1986 538/551/1987 537/550/1988
f 498/510/1989 499/511/1990 539/552/1991 538/551/1992
f 499/511/1993 500/512/1994 540/553/1995 539/552/1996
f 500/512/1997 501/513/1998 541/554/1999 540/553/2000
f 501/513/2001 502/514/2002 542/555/2003 541/554/2004
f 502/514/2005 503/515/2006 543/556/2007 542/555/2008
f 503/515/2009 504/516/2010 544/557/2011 543/556/2012
f 504/516/2013 505/517/2014 545/558/2015 544/557/2016
f 505/517/2017 506/518/2018 546/559/2019 545/558/2020
f 506/518/2021 507/519/2022 547/560/2023 546/559/2024
f 507/519/2025 508/520/2026 548/561/2027 547/560/2028
f 508/520/2029 509/521/2030 549/562/2031 548/561/2032
f 509/521/2033 510/522/2034 550/563/2035 549/562/2036
f 510/522/2037 511/523/2038 551/564/2039 550/563/2040
f 511/523/2041 512/524/2042 552/565/2043 551/564/2044
f 512/524/2045 513/525/2046 553/566/2047 552/565/2048
f 513/525/2049 514/526/2050 554/567/2051 553/566/2052
f 514/526/2053 515/527/2054 555/568/2055 554/567/2056
f 515/527/2057 516/528/2058 556/569/2059 555/568/2060
f 516/528/2061 517/529/2062 557/570/2063 556/569/2064
f 517/529/2065 518/530/2066 558/571/2067 557/570/2068
f 518/530/2069 519/531/2070 559/572/2071 558/571/2072
f 519/531/2073 520/532/2074 560/573/2075 559/572/2076
f 520/532/2077 481/533/2078 521/574/2079 560/573/2080
f 521/535/2081 522/534/2082 562/575/2083 561/576/2084
f 522/534/2085 523/536/2086 563/577/2087 562/575/2088
f 523/536/2089 524/537/2090 564/578/2091 563/577/2092
f 524/537/2093 525/538/2094 565/579/2095 564/578/2096
f 525/538/2097 526/539/2098 566/580/2099 565/579/2100
f 526/539/2101 527/540/2102 567/581/2103 566/580/2104
f 527/540/2105 528/541/2106 568/582/2107 567/581/2108
f 528/541/2109 529/542/2110 569/583/2111 568/582/2112
f 529/542/2113 530/543/2114 570/584/2115 569/583/2116
f 530/543/2117 531/544/2118 571/585/2119 570/584/2120
f 531/544/2121 532/545/2122 572/586/2123 571/585/2124
f 532/545/2125 533/546/2126 573/587/2127 572/586/2128
f 533/546/2129 534/547/2130 574/588/2131 573/587/2132
f 534/547/2133 535/548/2134 575/589/2135 574/588/2136
f 535/548/2137 536/549/2138 576/590/2139 575/589/2140
f 536/549/2141 537/550/2142 577/591/2143 576/590/2144
f 537/550/2145 538/551/2146 578/592/2147 577/591/2148
f 538/551/2149 539/552/2150 579/593/2151 578/592/2152
f 539/552/2153 540/553/2154 580/594/2155 579/593/2156
f 540/553/2157 541/554/2158 581/595/2159 580/594/2160
f 541/554/2161 542/555/2162 582/596/2163 581/595/2164
f 542/555/2165 543/556/2166 583/597/2167 582/596/2168
f 543/556/2169 544/557/2170 584/598/2171 583/597/2172
f 544/557/2173 545/558/2174 585/599/2175 584/598/2176
f 545/558/2177 546/559/2178 586/600/2179 585/599/2180
f 546/559/2181 547/560/2182 587/601/2183 586/600/2184
f 547/560/2185 548/561/2186 588/602/2187 587/601/2188
f 548/561/2189 549/562/2190 589/603/2191 588/602/2192
f 549/562/2193 550/563/2194 590/604/2195 589/603/2196
f 550/563/2197 551/564/2198 591/605/2199 590/604/2200
f 551/564/2201 552/565/2202 592/606/2203 591/605/2204
f 552/565/2205 553/566/2206 593/607/2207 592/606/2208
f 553/566/2209 554/567/2210 594/608/2211 593/607/2212
f 554/567/2213 555/568/2214 595/609/2215 594/608/2216
f 555/568/2217 556/569/2218 596/610/2219 595/609/2220
f 556/569/2221 557/570/2222 597/611/2223 596/610/2224
f 557/570/2225 558/571/2226 598/612/2227 597/611/2228
f 558/571/2229 559/572/2230 599/613/2231 598/612/2232
f 559/572/2233 560/573/2234 600/614/2235 599/613/2236
f 560/573/2237 521/574/2238 561/615/2239 600/614/2240
f 561/576/2241 562/575/2242 602/616/2243 601/617/2244
f 562/575/2245 563/577/2246 603/618/2247 602/616/2248
f 563/577/2249 564/578/2250 604/619/2251 603/618/2252
f 564/578/2253 565/579/2254 605/620/2255 604/619/2256
f 565/579/2257 566/580/2258 606/621/2259 605/620/2260
f 566/580/2261 567/581/2262 607/622/2263 606/621/2264
f 567/581/2265 568/582/2266 608/623/2267 607/622/2268
f 568/582/2269 569/583/2270 609/624/2271 608/623/2272
f 569/583/2273 570/584/2274 610/625/2275 609/624/2276
f 570/584/2277 571/585/2278 611/626/2279 610/625/2280
f 571/585/2281 572/586/2282 612/627/2283 611/626/2284
f 572/586/2285 573/587/2286 613/628/2287 612/627/2288
f 573/587/2289 574/588/2290 614/629/2291 613/628/2292
f 574/588/2293 575/589/2294 615/630/2295 614/629/2296
f 575/589/2297 576/590/2298 616/631/2299 615/630/2300
f 576/590/2301 577/591/2302 617/632/2303 616/631/2304
f 577/591/2305 578/592/2306 618/633/2307 617/632/2308
f 578/592/2309 579/593/2310 619/634/2311 618/633/2312
f 579/593/2313 580/594/2314 620/635/2315 619/634/2316
f 580/594/2317 581/595/2318 621/636/2319 620/635/2320
f 581/595/2321 582/596/2322 622/637/2323 621/636/2324
f 582/596/2325 583/597/2326 623/638/2327 622/637/2328
f 583/597/2329 584/598/2330 624/639/2331 623/638/2332
f 584/598/2333 585/599/2334 625/640/2335 624/639/2336
f 585/599/2337 586/600/2338 626/641/2339 625/640/2340
f 586/600/2341 587/601/2342 627/642/2343 626/641/2344
f 587/601/2345 588/602/2346 628/643/2347 627/642/2348
f 588/602/2349 589/603/2350 629/644/2351 628/643/2352
f 589/603/2353 590/604/2354 630/645/2355 629/644/2356
f 590/604/2357 591/605/2358 631/646/2359 630/645/2360
f 591/605/2361 592/606/2362 632/647/2363 631/646/2364
f 592/606/2365 593/607/2366 633/648/2367 632/647/2368
f 593/607/2369 594/608/2370 634/649/2371 633/648/2372
f 594/608/2373 595/609/2374 635/650/2375 634/649/2376
f 595/609/2377 596/610/2378 636/651/2379 635/650/2380
f 596/610/2381 597/611/2382 637/652/2383 636/651/2384
f 597/611/2385 598/612/2386 638/653/2387 637/652/2388
f 598/612/2389 599/613/2390 639/654/2391 638/653/2392
f 599/613/2393 600/614/2394 640/655/2395 639/654/2396
f 600/614/2397 561/615/2398 601/656/2399 640/655/2400
f 601/617/2401 602/616/2402 642/657/2403 641/658/2404
f 602/616/2405 603/618/2406 643/659/2407 642/657/2408
f 603/618/2409 604/619/2410 644/660/2411 643/659/2412
f 604/619/2413 605/620/2414 645/661/2415 644/660/2416
f 605/620/2417 606/621/2418 646/662/2419 645/661/2420
f 606/621/2421 607/622/2422 647/663/2423 646/662/2424
f 607/622/2425 608/623/2426 648/664/2427 647/663/2428
f 608/623/2429 609/624/2430 649/665/2431 648/664/2432
f 609/624/2433 610/625/2434 650/666/2435 649/665/2436
f 610/625/2437 611/626/2438 651/667/2439 650/666/2440
f 611/626/2441 612/627/2442 652/668/2443 651/667/2444
f 612/627/2445 613/628/2446 653/669/2447 652/668/2448
f 613/628/2449 614/629/2450 654/670/2451 653/669/2452
f 614/629/2453 615/630/2454 655/671/2455 654/670/2456
f 615/630/2457 616/631/2458 656/672/2459 655/671/2460
f 616/631/2461 617/632/2462 657/673/2463 656/672/2464
f 617/632/2465 618/633/2466 658/674/2467 657/673/2468
f 618/633/2469 619/634/2470 659/675/2471 658/674/2472
f 619/634/2473 620/635/2474 660/676/2475 659/675/2476
f 620/635/2477 621/636/2478 661/677/2479 660/676/2480
f 621/636/2481 622/637/2482 662/678/2483 661/677/2484
f 622/637/2485 623/638/2486 663/679/2487 662/678/2488
f 623/638/2489 624/639/2490 664/680/2491 663/679/2492
f 624/639/2493 625/640/2494 665/681/2495 664/680/2496
f 625/640/2497 626/641/2498 666/682/2499 665/681/2500
f 626/641/2501 627/642/2502 667/683/2503 666/682/2504
f 627/642/2505 628/643/2506 668/684/2507 667/683/2508
f 628/643/2509 629/644/2510 669/685/2511 668/684/2512
f 629/644/2513 630/645/2514 670/686/2515 669/685/2516
f 630/645/2517 631/646/2518 671/687/2519 670/686/2520
f 631/646/2521 632/647/2522 672/688/2523 671/687/2524
f 632/647/2525 633/648/2526 673/689/2527 672/688/2528
f 633/648/2529 634/649/2530 674/690/2531 673/689/2532
f 634/649/2533 635/650/2534 675/691/2535 674/690/2536
f 635/650/2537 636/651/2538 676/692/2539 675/691/2540
f 636/651/2541 637/652/2542 677/693/2543 676/692/2544
f 637/652/2545 638/653/2546 678/694/2547 677/693/2548
f 638/653/2549 639/654/2550 679/695/2551 678/694/2552
f 639/654/2553 640/655/2554 680/696/2555 679/695/2556
f 640/655/2557 601/656/2558 641/697/2559 680/696/2560
f 641/658/2561 642/657/2562 682/698/2563 681/699/2564
f 642/657/2565 643/659/2566 683/700/2567 682/698/2568
f 643/659/2569 644/660/2570 684/701/2571 683/700/2572
f 644/660/2573 645/661/2574 685/702/2575 684/701/2576
f 645/661/2577 646/662/2578 686/703/2579 685/702/2580
f 646/662/2581 647/663/2582 687/704/2583 686/703/2584
f 647/663/2585 648/664/2586 688/705/2587 687/704/2588
f 648/664/2589 649/665/2590 689/706/2591 688/705/2592
f 649/665/2593 650/666/2594 690/707/2595 689/706/2596
f 650/666/2597 651/667/2598 691/708/2599 690/707/2600
f 651/667/2601 652/668/2602 692/709/2603 691/708/2604
f 652/668/2605 653/669/2606 693/710/2607 692/709/2608
f 653/669/2609 654/670/2610 694/711/2611 693/710/2612
f 654/670/2613 655/671/2614 695/712/2615 694/711/2616
f 655/671/2617 656/672/2618 696/713/2619 695/712/2620
f 656/672/2621 657/673/2622 697/714/2623 696/713/2624
f 657/673/2625 658/674/2626 698/715/2627 697/714/2628
f 658/674/2629 659/675/2630 699/716/2631 698/715/2632
f 659/675/2633 660/676/2634 700/717/2635 699/716/2636
f 660/676/2637 661/677/2638 701/718/2639 700/717/2640
f 661/677/2641 662/678/2642 702/719/2643 701/718/2644
f 662/678/2645 663/679/2646 703/720/2647 702/719/2648
f 663/679/2649 664/680/2650 704/721/2651 703/720/2652
f 664/680/2653 665/681/2654 705/722/2655 704/721/2656
f 665/681/2657 666/682/2658 706/723/2659 705/722/2660
f 666/682/2661 667/683/2662 707/724/2663 706/723/2664
f 667/683/2665 668/684/2666 708/725/2667 707/724/2668
f 668/684/2669 669/685/2670 709/726/2671 708/725/2672
f 669/685/2673 670/686/2674 710/727/2675 709/726/2676
f 670/686/2677 671/687/2678 711/728/2679 710/727/2680
f 671/687/2681 672/688/2682 712/729/2683 711/728/2684
f 672/688/2685 673/689/2686 713/730/2687 712/729/2688
f 673/689/2689 674/690/2690 714/731/2691 713/730/2692
f 674/690/2693 675/691/2694 715/732/2695 714/731/2696
f 675/691/2697 676/692/2698 716/733/2699 715/732/2700
f 676/692/2701 677/693/2702 717/734/2703 716/733/2704
f 677/693/2705 678/694/2706 718/735/2707 717/734/2708
f 678/694/2709 679/695/2710 719/736/2711 718/735/2712
f 679/695/2713 680/696/2714 720/737/2715 719/736/2716
f 680/696/2717 641/697/2718 681/738/2719 720/737/2720
f 681/699/2721 682/698/2722 722/739/2723 721/740/2724
f 682/698/2725 683/700/2726 723/741/2727 722/739/2728
f 683/700/2729 684/701/2730 724/742/2731 723/741/2732
f 684/701/2733 685/702/2734 725/743/2735 724/742/2736
f 685/702/2737 686/703/2738 726/744/2739 725/743/2740
f 686/703/2741 687/704/2742 727/745/2743 726/744/2744
f 687/704/2745 688/705/2746 728/746/2747 727/745/2748
f 688/705/2749 689/706/2750 729/747/2751 728/746/2752
f 689/706/2753 690/707/2754 730/748/2755 729/747/2756
f 690/707/2757 691/708/2758 731/749/2759 730/748/2760
f 691/708/2761 692/709/2762 732/750/2763 731/749/2764
f 692/709/2765 693/710/2766 733/751/2767 732/750/2768
f 693/710/2769 694/711/2770 734/752/2771 733/751/2772
f 694/711/2773 695/712/2774 735/753/2775 734/752/2776
f 695/712/2777 696/713/2778 736/754/2779 735/753/2780
f 696/713/2781 697/714/2782 737/755/2783 736/754/2784
f 697/714/2785 698/715/2786 738/756/2787 737/755/2788
f 698/715/2789 699/716/2790 739/757/2791 738/756/2792
f 699/716/2793 700/717/2794 740/758/2795 739/757/2796
f 700/717/2797 701/718/2798 741/759/2799 740/758/2800
f 701/718/2801 702/719/2802 742/760/2803 741/759/2804
f 702/719/2805 703/720/2806 743/761/2807 742/760/2808
f 703/720/2809 704/721/2810 744/762/2811 743/761/2812
f 704/721/2813 705/722/2814 745/763/2815 744/762/2816
f 705/722/2817 706/723/2818 746/764/2819 745/763/2820
f 706/723/2821 707/724/2822 747/765/2823 746/764/2824
f 707/724/2825 708/725/2826 748/766/2827 747/765/2828
f 708/725/2829 709/726/2830 749/767/2831 748/766/2832
f 709/726/2833 710/727/2834 750/768/2835 749/767/2836
f 710/727/2837 711/728/2838 751/769/2839 750/768/2840
f 711/728/2841 712/729/2842 752/770/2843 751/769/2844
f 712/729/2845 713/730/2846 753/771/2847 752/770/2848
f 713/730/2849 714/731/2850 754/772/2851 753/771/2852
f 714/731/2853 715/732/2854 755/773/2855 754/772/2856
f 715/732/2857 716/733/2858 756/774/2859 755/773/2860
f 716/733/2861 717/734/2862 757/775/2863 756/774/2864
f 717/734/2865 718/735/2866 758/776/2867 757/775/2868
f 718/735/2869 719/736/2870 759/777/2871 758/776/2872
f 719/736/2873 720/737/2874 760/778/2875 759/777/2876
f 720/737/2877 681/738/2878 721/779/2879 760/778/2880
f 721/740/2881 722/739/2882 762/780/2883 761/781/2884
f 722/739/2885 723/741/2886 763/782/2887 762/780/2888
f 723/741/2889 724/742/2890 764/783/2891 763/782/2892
f 724/742/2893 725/743/2894 765/784/2895 764/783/2896
f 725/743/2897 726/744/2898 766/785/2899 765/784/2900
f 726/744/2901 727/745/2902 767/786/2903 766/785/2904
f 727/745/2905 728/746/2906 768/787/2907 767/786/2908
f 728/746/2909 729/747/2910 769/788/2911 768/787/2912
f 729/747/2913 730/748/2914 770/789/2915 769/788/2916
f 730/748/2917 731/749/2918 771/790/2919 770/789/2920
f 731/749/2921 732/750/2922 772/791/2923 771/790/2924
f 732/750/2925 733/751/2926 773/792/2927 772/791/2928
f 733/751/2929 734/752/2930 774/793/2931 773/792/2932
f 734/752/2933 735/753/2934 775/794/2935 774/793/2936
f 735/753/2937 736/754/2938 776/795/2939 775/794/2940
f 736/754/2941 737/755/2942 777/796/2943 776/795/2944
f 737/755/2945 738/756/2946 778/797/2947 777/796/2948
f 738/756/2949 739/757/2950 779/798/2951 778/797/2952
f 739/757/2953 740/758/2954 780/799/2955 779/798/2956
f 740/758/2957 741/759/2958 781/800/2959 780/799/2960
f 741/759/2961 742/760/2962 782/801/2963 781/800/2964
f 742/760/2965 743/761/2966 783/802/2967 782/801/2968
f 743/761/2969 744/762/2970 784/803/2971 783/802/2972
f 744/762/2973 745/763/2974 785/804/2975 784/803/2976
f 745/763/2977 746/764/2978 786/805/2979 785/804/2980
f 746/764/2981 747/765/2982 787/806/2983 786/805/2984
f 747/765/2985 748/766/2986 788/807/2987 787/806/2988
f 748/766/2989 749/767/2990 789/808/2991 788/807/2992
f 749/767/2993 750/768/2994 790/809/2995 789/808/2996
f 750/768/2997 751/769/2998 791/810/2999 790/809/3000
f 751/769/3001 752/770/3002 792/811/3003 791/810/3004
f 752/770/3005 753/771/3006 793/812/3007 792/811/3008
f 753/771/3009 754/772/3010 794/813/3011 793/812/3012
f 754/772/3013 755/773/3014 795/814/3015 794/813/3016
f 755/773/3017 756/774/3018 796/815/3019 795/814/3020
f 756/774/3021 757/775/3022 797/816/3023 796/815/3024
f 757/775/3025 758/776/3026 798/817/3027 797/816/3028
f 758/776/3029 759/777/3030 799/818/3031 798/817/3032
f 759/777/3033 760/778/3034 800/819/3035 799/818/3036
f 760/778/3037 721/779/3038 761/820/3039 800/819/3040
f 761/781/3041 762/780/3042 802/821/3043 801/822/3044
f 762/780/3045 763/782/3046 803/823/3047 802/821/3048
f 763/782/3049 764/783/3050 804/824/3051 803/823/3052
f 764/783/3053 765/784/3054 805/825/3055 804/824/3056
f 765/784/3057 766/785/3058 806/826/3059 805/825/3060
f 766/785/3061 767/786/3062 807/827/3063 806/826/3064
f 767/786/3065 768/787/3066 808/828/3067 807/827/3068
f 768/787/3069 769/788/3070 809/829/3071 808/828/3072
f 769/788/3073 770/789/3074 810/830/3075 809/829/3076
f 770/789/3077 771/790/3078 811/831/3079 810/830/3080
f 771/790/3081 772/791/3082 812/832/3083 811/831/3084
f 772/791/3085 773/792/3086 813/833/3087 812/832/3088
f 773/792/3089 774/793/3090 814/834/3091 813/833/3092
f 774/793/3093 775/794/3094 815/835/3095 814/834/3096
f 775/794/3097 776/795/3098 816/836/3099 815/835/3100
f 776/795/3101 777/796/3102 817/837/3103 816/836/3104
f 777/796/3105 778/797/3106 818/838/3107 817/837/3108
f 778/797/3109 779/798/3110 819/839/3111 818/838/3112
f 779/798/3113 780/799/3114 820/840/3115 819/839/3116
f 780/799/3117 781/800/3118 821/841/3119 820/840/3120
f 781/800/3121 782/801/3122 822/842/3123 821/841/3124
f 782/801/3125 783/802/3126 823/843/3127 822/842/3128
f 783/802/3129 784/803/3130 824/844/3131 823/843/3132
f 784/803/3133 785/804/3134 825/845/3135 824/844/3136
f 785/804/3137 786/805/3138 826/846/3139 825/845/3140
f 786/805/3141 787/806/3142 827/847/3143 826/846/3144
f 787/806/3145 788/807/3146 828/848/3147 827/847/3148
f 788/807/3149 789/808/3150 829/849/3151 828/848/3152
f 789/808/3153 790/809/3154 830/850/3155 829/849/3156
f 790/809/3157 791/810/3158 831/851/3159 830/850/3160
f 791/810/3161 792/811/3162 832/852/3163 831/851/3164
f 792/811/3165 793/812/3166 833/853/3167 832/852/3168
f 793/812/3169 794/813/3170 834/854/3171 833/853/3172
f 794/813/3173 795/814/3174 835/855/3175 834/854/3176
f 795/814/3177 796/815/3178 836/856/3179 835/855/3180
f 796/815/3181 797/816/3182 837/857/3183 836/856/3184
f 797/816/3185 798/817/3186 838/858/3187 837/857/3188
f 798/817/3189 799/818/3190 839/859/3191 838/858/3192
f 799/818/3193 800/819/3194 840/860/3195 839/859/3196
f 800/819/3197 761/820/3198 801/861/3199 840/860/3200
f 801/822/3201 802/821/3202 842/862/3203 841/863/3204
f 802/821/3205 803/823/3206 843/864/3207 842/862/3208
f 803/823/3209 804/824/3210 844/865/3211 843/864/3212
f 804/824/3213 805/825/3214 845/866/3215 844/865/3216
f 805/825/3217 806/826/3218 846/867/3219 845/866/3220
f 806/826/3221 807/827/3222 847/868/3223 846/867/3224
f 807/827/3225 808/828/3226 848/869/3227 847/868/3228
f 808/828/3229 809/829/3230 849/870/3231 848/869/3232
f 809/829/3233 810/830/3234 850/871/3235 849/870/3236
f 810/830/3237 811/831/3238 851/872/3239 850/871/3240
f 811/831/3241 812/832/3242 852/873/3243 851/872/3244
f 812/832/3245 813/833/3246 853/874/3247 852/873/3248
f 813/833/3249 814/834/3250 854/875/3251 853/874/3252
f 814/834/3253 815/835/3254 855/876/3255 854/875/3256
f 815/835/3257 816/836/3258 856/877/3259 855/876/3260
f 816/836/3261 817/837/3262 857/878/3263 856/877/3264
f 817/837/3265 818/838/3266 858/879/3267 857/878/3268
f 818/838/3269 819/839/3270 859/880/3271 858/879/3272
f 819/839/3273 820/840/3274 860/881/3275 859/880/3276
f 820/840/3277 821/841/3278 861/882/3279 860/881/3280
f 821/841/3281 822/842/3282 862/883/3283 861/882/3284
f 822/842/3285 823/843/3286 863/884/3287 862/883/3288
f 823/843/3289 824/844/3290 864/885/3291 863/884/3292
f 824/844/3293 825/845/3294 865/886/3295 864/885/3296
f 825/845/3297 826/846/3298 866/887/3299 865/886/3300
f 826/846/3301 827/847/3302 867/888/3303 866/887/3304
f 827/847/3305 828/848/3306 868/889/3307 867/888/3308
f 828/848/3309 829/849/3310 869/890/3311 868/889/3312
f 829/849/3313 830/850/3314 870/891/3315 869/890/3316
f 830/850/3317 831/851/3318 871/892/3319 870/891/3320
f 831/851/3321 832/852/3322 872/893/3323 871/892/3324
f 832/852/3325 833/853/3326 873/894/3327 872/893/3328
f 833/853/3329 834/854/3330 874/895/3331 873/894/3332
f 834/854/3333 835/855/3334 875/896/3335 874/895/3336
f 835/855/3337 836/856/3338 876/897/3339 875/896/3340
f 836/856/3341 837/857/3342 877/898/3343 876/897/3344
f 837/857/3345 838/858/3346 878/899/3347 877/898/3348
f 838/858/3349 839/859/3350 879/900/3351 878/899/3352
f 839/859/3353 840/860/3354 880/901/3355 879/900/3356
f 840/860/3357 801/861/3358 841/902/3359 880/901/3360
f 841/863/3361 842/862/3362 882/903/3363 881/904/3364
f 842/862/3365 843/864/3366 883/905/3367 882/903/3368
f 843/864/3369 844/865/3370 884/906/3371 883/905/3372
f 844/865/3373 845/866/3374 885/907/3375 884/906/3376
f 845/866/3377 846/867/3378 886/908/3379 885/907/3380
f 846/867/3381 847/868/3382 887/909/3383 886/908/3384
f 847/868/3385 848/869/3386 888/910/3387 887/909/3388
f 848/869/3389 849/870/3390 889/911/3391 888/910/3392
f 849/870/3393 850/871/3394 890/912/3395 889/911/3396
f 850/871/3397 851/872/3398 891/913/3399 890/912/3400
f 851/872/3401 852/873/3402 892/914/3403 891/913/3404
f 852/873/3405 853/874/3406 893/915/3407 892/914/3408
f 853/874/3409 854/875/3410 894/916/3411 893/915/3412
f 854/875/3413 855/876/3414 895/917/3415 894/916/3416
f 855/876/3417 856/877/3418 896/918/3419 895/917/3420
f 856/877/3421 857/878/3422 897/919/3423 896/918/3424
f 857/878/3425 858/879/3426 898/920/3427 897/919/3428
f 858/879/3429 859/880/3430 899/921/3431 898/920/3432
f 859/880/3433 860/881/3434 900/922/3435 899/921/3436
f 860/881/3437 861/882/3438 901/923/3439 900/922/3440
f 861/882/3441 862/883/3442 902/924/3443 901/923/3444
f 862/883/3445 863/884/3446 903/925/3447 902/924/3448
f 863/884/3449 864/885/3450 904/926/3451 903/925/3452
f 864/885/3453 865/886/3454 905/927/3455 904/926/3456
f 865/886/3457 866/887/3458 906/928/3459 905/927/3460
f 866/887/3461 867/888/3462 907/929/3463 906/928/3464
f 867/888/3465 868/889/3466 908/930/3467 907/929/3468
f 868/889/3469 869/890/3470 909/931/3471 908/930/3472
f 869/890/3473 870/891/3474 910/932/3475 909/931/3476
f 870/891/3477 871/892/3478 911/933/3479 910/932/3480
f 871/892/3481 872/893/3482 912/934/3483 911/933/3484
f 872/893/3485 873/894/3486 913/935/3487 912/934/3488
f 873/894/3489 874/895/3490 914/936/3491 913/935/3492
f 874/895/3493 875/896/3494 915/937/3495 914/936/3496
f 875/896/3497 876/897/3498 916/938/3499 915/937/3500
f 876/897/3501 877/898/3502 917/939/3503 916/938/3504
f 877/898/3505 878/899/3506 918/940/3507 917/939/3508
f 878/899/3509 879/900/3510 919/941/3511 918/940/3512
f 879/900/3513 880/901/3514 920/942/3515 919/941/3516
f 880/901/3517 841/902/3518 881/943/3519 920/942/3520
f 881/904/3521 882/903/3522 922/944/3523 921/945/3524
f 882/903/3525 883/905/3526 923/946/3527 922/944/3528
f 883/905/3529 884/906/3530 924/947/3531 923/946/3532
f 884/906/3533 885/907/3534 925/948/3535 924/947/3536
f 885/907/3537 886/908/3538 926/949/3539 925/948/3540
f 886/908/3541 887/909/3542 927/950/3543 926/949/3544
f 887/909/3545 888/910/3546 928/951/3547 927/950/3548
f 888/910/3549 889/911/3550 929/952/3551 928/951/3552
f 889/911/3553 890/912/3554 930/953/3555 929/952/3556
f 890/912/3557 891/913/3558 931/954/3559 930/953/3560
f 891/913/3561 892/914/3562 932/955/3563 931/954/3564
f 892/914/3565 893/915/3566 933/956/3567 932/955/3568
f 893/915/3569 894/916/3570 934/957/3571 933/956/3572
f 894/916/3573 895/917/3574 935/958/3575 934/957/3576
f 895/917/3577 896/918/3578 936/959/3579 935/958/3580
f 896/918/3581 897/919/3582 937/960/3583 936/959/3584
f 897/919/3585 898/920/3586 938/961/3587 937/960/3588
f 898/920/3589 899/921/3590 939/962/3591 938/961/3592
f 899/921/3593 900/922/3594 940/963/3595 939/962/3596
f 900/922/3597 901/923/3598 941/964/3599 940/963/3600
f 901/923/3601 902/924/3602 942/965/3603 941/964/3604
f 902/924/3605 903/925/3606 943/966/3607 942/965/3608
f 903/925/3609 904/926/3610 944/967/3611 943/966/3612
f 904/926/3613 905/927/3614 945/968/3615 944/967/3616
f 905/927/3617 906/928/3618 946/969/3619 945/968/3620
f 906/928/3621 907/929/3622 947/970/3623 946/969/3624
f 907/929/3625 908/930/3626 948/971/3627 947/970/3628
f 908/930/3629 909/931/3630 949/972/3631 948/971/3632
f 909/931/3633 910/932/3634 950/973/3635 949/972/3636
f 910/932/3637 911/933/3638 951/974/3639 950/973/3640
f 911/933/3641 912/934/3642 952/975/3643 951/974/3644
f 912/934/3645 913/935/3646 953/976/3647 952/975/3648
f 913/935/3649 914/936/3650 954/977/3651 953/976/3652
f 914/936/3653 915/937/3654 955/978/3655 954/977/3656
f 915/937/3657 916/938/3658 956/979/3659 955/978/3660
f 916/938/3661 917/939/3662 957/980/3663 956/979/3664
f 917/939/3665 918/940/3666 958/981/3667 957/980/3668
f 918/940/3669 919/941/3670 959/982/3671 958/981/3672
f 919/941/3673 920/942/3674 960/983/3675 959/982/3676
f 920/942/3677 881/943/3678 921/984/3679 960/983/3680
f 921/945/3681 922/944/3682 962/985/3683 961/986/3684
f 922/944/3685 923/946/3686 963/987/3687 962/985/3688
f 923/946/3689 924/947/3690 964/988/3691 963/987/3692
f 924/947/3693 925/948/3694 965/989/3695 964/988/3696
f 925/948/3697 926/949/3698 966/990/3699 965/989/3700
f 926/949/3701 927/950/3702 967/991/3703 966/990/3704
f 927/950/3705 928/951/3706 968/992/3707 967/991/3708
f 928/951/3709 929/952/3710 969/993/3711 968/992/3712
f 929/952/3713 930/953/3714 970/994/3715 969/993/3716
f 930/953/3717 931/954/3718 971/995/3719 970/994/3720
f 931/954/3721 932/955/3722 972/996/3723 971/995/3724
f 932/955/3725 933/956/3726 973/997/3727 972/996/3728
f 933/956/3729 934/957/3730 974/998/3731 973/997/3732
f 934/957/3733 935/958/3734 975/999/3735 974/998/3736
f 935/958/3737 936/959/3738 976/1000/3739 975/999/3740
f 936/959/3741 937/960/3742 977/1001/3743 976/1000/3744
f 937/960/3745 938/961/3746 978/1002/3747 977/1001/3748
f 938/961/3749 939/962/3750 979/1003/3751 978/1002/3752
f 939/962/3753 940/963/3754 980/1004/3755 979/1003/3756
f 940/963/3757 941/964/3758 981/1005/3759 980/1004/3760
f 941/964/3761 942/965/3762 982/1006/3763 981/1005/3764
f 942/965/3765 943/966/3766 983/1007/3767 982/1006/3768
f 943/966/3769 944/967/3770 984/1008/3771 983/1007/3772
f 944/967/3773 945/968/3774 985/1009/3775 984/1008/3776
f 945/968/3777 946/969/3778 986/1010/3779 985/1009/3780
f 946/969/3781 947/970/3782 987/1011/3783 986/1010/3784
f 947/970/3785 948/971/3786 988/1012/3787 987/1011/3788
f 948/971/3789 949/972/3790 989/1013/3791 988/1012/3792
f 949/972/3793 950/973/3794 990/1014/3795 989/1013/3796
f 950/973/3797 951/974/3798 991/1015/3799 990/1014/3800
f 951/974/3801 952/975/3802 992/1016/3803 991/1015/3804
f 952/975/3805 953/976/3806 993/1017/3807 992/1016/3808
f 953/976/3809 954/977/3810 994/1018/3811 993/1017/3812
f 954/977/3813 955/978/3814 995/1019/3815 994/1018/3816
f 955/978/3817 956/979/3818 996/1020/3819 995/1019/3820
f 956/979/3821 957/980/3822 997/1021/3823 996/1020/3824
f 957/980/3825 958/981/3826 998/1022/3827 997/1021/3828
f 958/981/3829 959/982/3830 999/1023/3831 998/1022/3832
f 959/982/3833 960/983/3834 1000/1024/3835 999/1023/3836
f 960/983/3837 921/984/3838 961/1025/3839 1000/1024/3840
f 961/986/3841 962/985/3842 1002/1026/3843 1001/1027/3844
f 962/985/3845 963/987/3846 1003/1028/3847 1002/1026/3848
f 963/987/3849 964/988/3850 1004/1029/3851 1003/1028/3852
f 964/988/3853 965/989/3854 1005/1030/3855 1004/1029/3856
f 965/989/3857 966/990/3858 1006/1031/3859 1005/1030/3860
f 966/990/3861 967/991/3862 1007/1032/3863 1006/1031/3864
f 967/991/3865 968/992/3866 1008/1033/3867 1007/1032/3868
f 968/992/3869 969/993/3870 1009/1034/3871 1008/1033/3872
f 969/993/3873 970/994/3874 1010/1035/3875 1009/1034/3876
f 970/994/3877 971/995/3878 1011/1036/3879 1010/1035/3880
f 971/995/3881 972/996/3882 1012/1037/3883 1011/1036/3884
f 972/996/3885 973/997/3886 1013/1038/3887 1012/1037/3888
f 973/997/3889 974/998/3890 1014/1039/3891 1013/1038/3892
f 974/998/3893 975/999/3894 1015/1040/3895 1014/1039/3896
f 975/999/3897 976/1000/3898 1016/1041/3899 1015/1040/3900
f 976/1000/3901 977/1001/3902 1017/1042/3903 1016/1041/3904
f 977/1001/3905 978/1002/3906 1018/1043/3907 1017/1042/3908
f 978/1002/3909 979/1003/3910 1019/1044/3911 1018/1043/3912
f 979/1003/3913 980/1004/3914 1020/1045/3915 1019/1044/3916
f 980/1004/3917 981/1005/3918 1021/1046/3919 1020/1045/3920
f 981/1005/3921 982/1006/3922 1022/1047/3923 1021/1046/3924
f 982/1006/3925 983/1007/3926 1023/1048/3927 1022/1047/3928
f 983/1007/3929 984/1008/3930 1024/1049/3931 1023/1048/3932
f 984/1008/3933 985/1009/3934 1025/1050/3935 1024/1049/3936
f 985/1009/3937 986/1010/3938 1026/1051/3939 1025/1050/3940
f 986/1010/3941 987/1011/3942 1027/1052/3943 1026/1051/3944
f 987/1011/3945 988/1012/3946 1028/1053/3947 1027/1052/3948
f 988/1012/3949 989/1013/3950 1029/1054/3951 1028/1053/3952
f 989/1013/3953 990/1014/3954 1030/1055/3955 1029/1054/3956
f 990/1014/3957 991/1015/3958 1031/1056/3959 1030/1055/3960
f 991/1015/3961 992/1016/3962 1032/1057/3963 1031/1056/3964
f 992/1016/3965 993/1017/3966 1033/1058/3967 1032/1057/3968
f 993/1017/3969 994/1018/3970 1034/1059/3971 1033/1058/3972
f 994/1018/3973 995/1019/3974 1035/1060/3975 1034/1059/3976
f 995/1019/3977 996/1020/3978 1036/1061/3979 1035/1060/3980
f 996/1020/3981 997/1021/3982 1037/1062/3983 1036/1061/3984
f 997/1021/3985 998/1022/3986 1038/1063/3987 1037/1062/3988
f 998/1022/3989 999/1023/3990 1039/1064/3991 1038/1063/3992
f 999/1023/3993 1000/1024/3994 1040/1065/3995 1039/1064/3996
f 1000/1024/3997 961/1025/3998 1001/1066/3999 1040/1065/4000
f 1001/1027/4001 1002/1026/4002 1042/1067/4003 1041/1068/4004
f 1002/1026/4005 1003/1028/4006 1043/1069/4007 1042/1067/4008
f 1003/1028/4009 1004/1029/4010 1044/1070/4011 1043/1069/4012
f 1004/1029/4013 1005/1030/4014 1045/1071/4015 1044/1070/4016
f 1005/1030/4017 1006/1031/4018 1046/1072/4019 1045/1071/4020
f 1006/1031/4021 1007/1032/4022 1047/1073/4023 1046/1072/4024
f 1007/1032/4025 1008/1033/4026 1048/1074/4027 1047/1073/4028
f 1008/1033/4029 1009/1034/4030 1049/1075/4031 1048/1074/4032
f 1009/1034/4033 1010/1035/4034 1050/1076/4035 1049/1075/4036
f 1010/1035/4037 1011/1036/4038 1051/1077/4039 1050/1076/4040
f 1011/1036/4041 1012/1037/4042 1052/1078/4043 1051/1077/4044
f 1012/1037/4045 1013/1038/4046 1053/1079/4047 1052/1078/4048
f 1013/1038/4049 1014/1039/4050 1054/1080/4051 1053/1079/4052
f 1014/1039/4053 1015/1040/4054 1055/1081/4055 1054/1080/4056
f 1015/1040/4057 1016/1041/4058 1056/1082/4059 1055/1081/4060
f 1016/1041/4061 1017/1042/4062 1057/1083/4063 1056/1082/4064
f 1017/1042/4065 1018/1043/4066 1058/1084/4067 1057/1083/4068
f 1018/1043/4069 1019/1044/4070 1059/1085/4071 1058/1084/4072
f 1019/1044/4073 1020/1045/4074 1060/1086/4075 1059/1085/4076
f 1020/1045/4077 1021/1046/4078 1061/1087/4079 1060/1086/4080
f 1021/1046/4081 1022/1047/4082 1062/1088/4083 1061/1087/4084
f 1022/1047/4085 1023/1048/4086 1063/1089/4087 1062/1088/4088
f 1023/1048/4089 1024/1049/4090 1064/1090/4091 1063/1089/4092
f 1024/1049/4093 1025/1050/4094 1065/1091/4095 1064/1090/4096
f 1025/1050/4097 1026/1051/4098 1066/1092/4099 1065/1091/4100
f 1026/1051/4101 1027/1052/4102 1067/1093/4103 1066/1092/4104
f 1027/1052/4105 1028/1053/4106 1068/1094/4107 1067/1093/4108
f 1028/1053/4109 1029/1054/4110 1069/1095/4111 1068/1094/4112
f 1029/1054/4113 1030/1055/4114 1070/1096/4115 1069/1095/4116
f 1030/1055/4117 1031/1056/4118 1071/1097/4119 1070/1096/4120
f 1031/1056/4121 1032/1057/4122 1072/1098/4123 1071/1097/4124
f 1032/1057/4125 1033/1058/4126 1073/1099/4127 1072/1098/4128
f 1033/1058/4129 1034/1059/4130 1074/1100/4131 1073/1099/4132
f 1034/1059/4133 1035/1060/4134 1075/1101/4135 1074/1100/4136
f 1035/1060/4137 1036/1061/4138 1076/1102/4139 1075/1101/4140
f 1036/1061/4141 1037/1062/4142 1077/1103/4143 1076/1102/4144
f 1037/1062/4145 1038/1063/4146 1078/1104/4147 1077/1103/4148
f 1038/1063/4149 1039/1064/4150 1079/1105/4151 1078/1104/4152
f 1039/1064/4153 1040/1065/4154 1080/1106/4155 1079/1105/4156
f 1040/1065/4157 1001/1066/4158 1041/1107/4159 1080/1106/4160
f 1041/1068/4161 1042/1067/4162 1082/1108/4163 1081/1109/4164
f 1042/1067/4165 1043/1069/4166 1083/1110/4167 1082/1108/4168
f 1043/1069/4169 1044/1070/4170 1084/1111/4171 1083/1110/4172
f 1044/1070/4173 1045/1071/4174 1085/1112/4175 1084/1111/4176
f 1045/1071/4177 1046/1072/4178 1086/1113/4179 1085/1112/4180
f 1046/1072/4181 1047/1073/4182 1087/1114/4183 1086/1113/4184
f 1047/1073/4185 1048/1074/4186 1088/1115/4187 1087/1114/4188
f 1048/1074/4189 1049/1075/4190 1089/1116/4191 1088/1115/4192
f 1049/1075/4193 1050/1076/4194 1090/1117/4195 1089/1116/4196
f 1050/1076/4197 1051/1077/4198 1091/1118/4199 1090/1117/4200
f 1051/1077/4201 1052/1078/4202 1092/1119/4203 1091/1118/4204
f 1052/1078/4205 1053/1079/4206 1093/1120/4207 1092/1119/4208
f 1053/1079/4209 1054/1080/4210 1094/1121/4211 1093/1120/4212
f 1054/1080/4213 1055/1081/4214 1095/1122/4215 1094/1121/4216
f 1055/1081/4217 1056/1082/4218 1096/1123/4219 1095/1122/4220
f 1056/1082/4221 1057/1083/4222 1097/1124/4223 1096/1123/4224
f 1057/1083/4225 1058/1084/4226 1098/1125/4227 1097/1124/4228
f 1058/1084/4229 1059/1085/4230 1099/1126/4231 1098/1125/4232
f 1059/1085/4233 1060/1086/4234 1100/1127/4235 1099/1126/4236
f 1060/1086/4237 1061/1087/4238 1101/1128/4239 1100/1127/4240
f 1061/1087/4241 1062/1088/4242 1102/1129/4243 1101/1128/4244
f 1062/1088/4245 1063/1089/4246 1103/1130/4247 1102/1129/4248
f 1063/1089/4249 1064/1090/4250 1104/1131/4251 1103/1130/4252
f 1064/1090/4253 1065/1091/4254 1105/1132/4255 1104/1131/4256
f 1065/1091/4257 1066/1092/4258 1106/1133/4259 1105/1132/4260
f 1066/1092/4261 1067/1093/4262 1107/1134/4263 1106/1133/4264
f 1067/1093/4265 1068/1094/4266 1108/1135/4267 1107/1134/4268
f 1068/1094/4269 1069/1095/4270 1109/1136/4271 1108/1135/4272
f 1069/1095/4273 1070/1096/4274 1110/1137/4275 1109/1136/4276
f 1070/1096/4277 1071/1097/4278 1111/1138/4279 1110/1137/4280
f 1071/1097/4281 1072/1098/4282 1112/1139/4283 1111/1138/4284
f 1072/1098/4285 1073/1099/4286 1113/1140/4287 1112/1139/4288
f 1073/1099/4289 1074/1100/4290 1114/1141/4291 1113/1140/4292
f 1074/1100/4293 1075/1101/4294 1115/1142/4295 1114/1141/4296
f 1075/1101/4297 1076/1102/4298 1116/1143/4299 1115/1142/4300
f 1076/1102/4301 1077/1103/4302 1117/1144/4303 1116/1143/4304
f 1077/1103/4305 1078/1104/4306 1118/1145/4307 1117/1144/4308
f 1078/1104/4309 1079/1105/4310 1119/1146/4311 1118/1145/4312
f 1079/1105/4313 1080/1106/4314 1120/1147/4315 1119/1146/4316
f 1080/1106/4317 1041/1107/4318 1081/1148/4319 1120/1147/4320
f 1081/1109/4321 1082/1108/4322 1122/1149/4323 1121/1150/4324
f 1082/1108/4325 1083/1110/4326 1123/1151/4327 1122/1149/4328
f 1083/1110/4329 1084/1111/4330 1124/1152/4331 1123/1151/4332
f 1084/1111/4333 1085/1112/4334 1125/1153/4335 1124/1152/4336
f 1085/1112/4337 1086/1113/4338 1126/1154/4339 1125/1153/4340
f 1086/1113/4341 1087/1114/4342 1127/1155/4343 1126/1154/4344
f 1087/1114/4345 1088/1115/4346 1128/1156/4347 1127/1155/4348
f 1088/1115/4349 1089/1116/4350 1129/1157/4351 1128/1156/4352
f 1089/1116/4353 1090/1117/4354 1130/1158/4355 1129/1157/4356
f 1090/1117/4357 1091/1118/4358 1131/1159/4359 1130/1158/4360
f 1091/1118/4361 1092/1119/4362 1132/1160/4363 1131/1159/4364
f 1092/1119/4365 1093/1120/4366 1133/1161/4367 1132/1160/4368
f 1093/1120/4369 1094/1121/4370 1134/1162/4371 1133/1161/4372
f 1094/1121/4373 1095/1122/4374 1135/1163/4375 1134/1162/4376
f 1095/1122/4377 1096/1123/4378 1136/1164/4379 1135/1163/4380
f 1096/1123/4381 1097/1124/4382 1137/1165/4383 1136/1164/4384
f 1097/1124/4385 1098/1125/4386 1138/1166/4387 1137/1165/4388
f 1098/1125/4389 1099/1126/4390 1139/1167/4391 1138/1166/4392
f 1099/1126/4393 1100/1127/4394 1140/1168/4395 1139/1167/4396
f 1100/1127/4397 1101/1128/4398 1141/1169/4399 1140/1168/4400
f 1101/1128/4401 1102/1129/4402 1142/1170/4403 1141/1169/4404
f 1102/1129/4405 1103/1130/4406 1143/1171/4407 1142/1170/4408
f 1103/1130/4409 1104/1131/4410 1144/1172/4411 1143/1171/4412
f 1104/1131/4413 1105/1132/4414 1145/1173/4415 1144/1172/4416
f 1105/1132/4417 1106/1133/4418 1146/1174/4419 1145/1173/4420
f 1106/1133/4421 1107/1134/4422 1147/1175/4423 1146/1174/4424
f 1107/1134/4425 1108/1135/4426 1148/1176/4427 1147/1175/4428
f 1108/1135/4429 1109/1136/4430 1149/1177/4431 1148/1176/4432
f 1109/1136/4433 1110/1137/4434 1150/1178/4435 1149/1177/4436
f 1110/1137/4437 1111/1138/4438 1151/1179/4439 1150/1178/4440
f 1111/1138/4441 1112/1139/4442 1152/1180/4443 1151/1179/4444
f 1112/1139/4445 1113/1140/4446 1153/1181/4447 1152/1180/4448
f 1113/1140/4449 1114/1141/4450 1154/1182/4451 1153/1181/4452
f 1114/1141/4453 1115/1142/4454 1155/1183/4455 1154/1182/4456
f 1115/1142/4457 1116/1143/4458 1156/1184/4459 1155/1183/4460
f 1116/1143/4461 1117/1144/4462 1157/1185/4463 1156/1184/4464
f 1117/1144/4465 1118/1145/4466 1158/1186/4467 1157/1185/4468
f 1118/1145/4469 1119/1146/4470 1159/1187/4471 1158/1186/4472
f 1119/1146/4473 1120/1147/4474 1160/1188/4475 1159/1187/4476
f 1120/1147/4477 1081/1148/4478 1121/1189/4479 1160/1188/4480
f 1121/1150/4481 1122/1149/4482 1162/1190/4483 1161/1191/4484
f 1122/1149/4485 1123/1151/4486 1163/1192/4487 1162/1190/4488
f 1123/1151/4489 1124/1152/4490 1164/1193/4491 1163/1192/4492
f 1124/1152/4493 1125/1153/4494 1165/1194/4495 1164/1193/4496
f 1125/1153/4497 1126/1154/4498 1166/1195/4499 1165/1194/4500
f 1126/1154/4501 1127/1155/4502 1167/1196/4503 1166/1195/4504
f 1127/1155/4505 1128/1156/4506 1168/1197/4507 1167/1196/4508
f 1128/1156/4509 1129/1157/4510 1169/1198/4511 1168/1197/4512
f 1129/1157/4513 1130/1158/4514 1170/1199/4515 1169/1198/4516
f 1130/1158/4517 1131/1159/4518 1171/1200/4519 1170/1199/4520
f 1131/1159/4521 1132/1160/4522 1172/1201/4523 1171/1200/4524
f 1132/1160/4525 1133/1161/4526 1173/1202/4527 1172/1201/4528
f 1133/1161/4529 1134/1162/4530 1174/1203/4531 1173/1202/4532
f 1134/1162/4533 1135/1163/4534 1175/1204/4535 1174/1203/4536
f 1135/1163/4537 1136/1164/4538 1176/1205/4539 1175/1204/4540
f 1136/1164/4541 1137/1165/4542 1177/1206/4543 1176/1205/4544
f 1137/1165/4545 1138/1166/4546 1178/1207/4547 1177/1206/4548
f 1138/1166/4549 1139/1167/4550 1179/1208/4551 1178/1207/4552
f 1139/1167/4553 1140/1168/4554 1180/1209/4555 1179/1208/4556
f 1140/1168/4557 1141/1169/4558 1181/1210/4559 1180/1209/4560
f 1141/1169/4561 1142/1170/4562 1182/1211/4563 1181/1210/4564
f 1142/1170/4565 1143/1171/4566 1183/1212/4567 1182/1211/4568
f 1143/1171/4569 1144/1172/4570 1184/1213/4571 1183/1212/4572
f 1144/1172/4573 1145/1173/4574 1185/1214/4575 1184/1213/4576
f 1145/1173/4577 1146/1174/4578 1186/1215/4579 1185/1214/4580
f 1146/1174/4581 1147/1175/4582 1187/1216/4583 1186/1215/4584
f 1147/1175/4585 1148/1176/4586 1188/1217/4587 1187/1216/4588
f 1148/1176/4589 1149/1177/4590 1189/1218/4591 1188/1217/4592
f 1149/1177/4593 1150/1178/4594 1190/1219/4595 1189/1218/4596
f 1150/1178/4597 1151/1179/4598 1191/1220/4599 1190/1219/4600
f 1151/1179/4601 1152/1180/4602 1192/1221/4603 1191/1220/4604
f 1152/1180/4605 1153/1181/4606 1193/1222/4607 1192/1221/4608
f 1153/1181/4609 1154/1182/4610 1194/1223/4611 1193/1222/4612
f 1154/1182/4613 1155/1183/4614 1195/1224/4615 1194/1223/4616
f 1155/1183/4617 1156/1184/4618 1196/1225/4619 1195/1224/4620
f 1156/1184/4621 1157/1185/4622 1197/1226/4623 1196/1225/4624
f 1157/1185/4625 1158/1186/4626 1198/1227/4627 1197/1226/4628
f 1158/1186/4629 1159/1187/4630 1199/1228/4631 1198/1227/4632
f 1159/1187/4633 1160/1188/4634 1200/1229/4635 1199/1228/4636
f 1160/1188/4637 1121/1189/4638 1161/1230/4639 1200/1229/4640
f 1161/1191/4641 1162/1190/4642 1202/1231/4643 1201/1232/4644
f 1162/1190/4645 1163/1192/4646 1203/1233/4647 1202/1231/4648
f 1163/1192/4649 1164/1193/4650 1204/1234/4651 1203/1233/4652
f 1164/1193/4653 1165/1194/4654 1205/1235/4655 1204/1234/4656
f 1165/1194/4657 1166/1195/4658 1206/1236/4659 1205/1235/4660
f 1166/1195/4661 1167/1196/4662 1207/1237/4663 1206/1236/4664
f 1167/1196/4665 1168/1197/4666 1208/1238/4667 1207/1237/4668
f 1168/1197/4669 1169/1198/4670 1209/1239/4671 1208/1238/4672
f 1169/1198/4673 1170/1199/4674 1210/1240/4675 1209/1239/4676
f 1170/1199/4677 1171/1200/4678 1211/1241/4679 1210/1240/4680
f 1171/1200/4681 1172/1201/4682 1212/1242/4683 1211/1241/4684
f 1172/1201/4685 1173/1202/4686 1213/1243/4687 1212/1242/4688
f 1173/1202/4689 1174/1203/4690 1214/1244/4691 1213/1243/4692
f 1174/1203/4693 1175/1204/4694 1215/1245/4695 1214/1244/4696
f 1175/1204/4697 1176/1205/4698 1216/1246/4699 1215/1245/4700
f 1176/1205/4701 1177/1206/4702 1217/1247/4703 1216/1246/4704
f 1177/1206/4705 1178/1207/4706 1218/1248/4707 1217/1247/4708
f 1178/1207/4709 1179/1208/4710 1219/1249/4711 1218/1248/4712
f 1179/1208/4713 1180/1209/4714 1220/1250/4715 1219/1249/4716
f 1180/1209/4717 1181/1210/4718 1221/1251/4719 1220/1250/4720
f 1181/1210/4721 1182/1211/4722 1222/1252/4723 1221/1251/4724
f 1182/1211/4725 1183/1212/4726 1223/1253/4727 1222/1252/4728
f 1183/1212/4729 1184/1213/4730 1224/1254/4731 1223/1253/4732
f 1184/1213/4733 1185/1214/4734 1225/1255/4735 1224/1254/4736
f 1185/1214/4737 1186/1215/4738 1226/1256/4739 1225/1255/4740
f 1186/1215/4741 1187/1216/4742 1227/1257/4743 1226/1256/4744
f 1187/1216/4745 1188/1217/4746 1228/1258/4747 1227/1257/4748
f 1188/1217/4749 1189/1218/4750 1229/1259/4751 1228/1258/4752
f 1189/1218/4753 1190/1219/4754 1230/1260/4755 1229/1259/4756
f 1190/1219/4757 1191/1220/4758 1231/1261/4759 1230/1260/4760
f 1191/1220/4761 1192/1221/4762 1232/1262/4763 1231/1261/4764
f 1192/1221/4765 1193/1222/4766 1233/1263/4767 1232/1262/4768
f 1193/1222/4769 1194/1223/4770 1234/1264/4771 1233/1263/4772
f 1194/1223/4773 1195/1224/4774 1235/1265/4775 1234/1264/4776
f 1195/1224/4777 1196/1225/4778 1236/1266/4779 1235/1265/4780
f 1196/1225/4781 1197/1226/4782 1237/1267/4783 1236/1266/4784
f 1197/1226/4785 1198/1227/4786 1238/1268/4787 1237/1267/4788
f 1198/1227/4789 1199/1228/4790 1239/1269/4791 1238/1268/4792
f 1199/1228/4793 1200/1229/4794 1240/1270/4795 1239/1269/4796
f 1200/1229/4797 1161/1230/4798 1201/1271/4799 1240/1270/4800
f 1201/1232/4801 1202/1231/4802 1242/1272/4803 1241/1273/4804
f 1202/1231/4805 1203/1233/4806 1243/1274/4807 1242/1272/4808
f 1203/1233/4809 1204/1234/4810 1244/1275/4811 1243/1274/4812
f 1204/1234/4813 1205/1235/4814 1245/1276/4815 1244/1275/4816
f 1205/1235/4817 1206/1236/4818 1246/1277/4819 1245/1276/4820
f 1206/1236/4821 1207/1237/4822 1247/1278/4823 1246/1277/4824
f 1207/1237/4825 1208/1238/4826 1248/1279/4827 1247/1278/4828
f 1208/1238/4829 1209/1239/4830 1249/1280/4831 1248/1279/4832
f 1209/1239/4833 1210/1240/4834 1250/1281/4835 1249/1280/4836
f 1210/1240/4837 1211/1241/4838 1251/1282/4839 1250/1281/4840
f 1211/1241/4841 1212/1242/4842 1252/1283/4843 1251/1282/4844
f 1212/1242/4845 1213/1243/4846 1253/1284/4847 1252/1283/4848
f 1213/1243/4849 1214/1244/4850 1254/1285/4851 1253/1284/4852
f 1214/1244/4853 1215/1245/4854 1255/1286/4855 1254/1285/4856
f 1215/1245/4857 1216/1246/4858 1256/1287/4859 1255/1286/4860
f 1216/1246/4861 1217/1247/4862 1257/1288/4863 1256/1287/4864
f 1217/1247/4865 1218/1248/4866 1258/1289/4867 1257/1288/4868
f 1218/1248/4869 1219/1249/4870 1259/1290/4871 1258/1289/4872
f 1219/1249/4873 1220/1250/4874 1260/1291/4875 1259/1290/4876
f 1220/1250/4877 1221/1251/4878 1261/1292/4879 1260/1291/4880
f 1221/1251/4881 1222/1252/4882 1262/1293/4883 1261/1292/4884
f 1222/1252/4885 1223/1253/4886 1263/1294/4887 1262/1293/4888
f 1223/1253/4889 1224/1254/4890 1264/1295/4891 1263/1294/4892
f 1224/1254/4893 1225/1255/4894 1265/1296/4895 1264/1295/4896
f 1225/1255/4897 1226/1256/4898 1266/1297/4899 1265/1296/4900
f 1226/1256/4901 1227/1257/4902 1267/1298/4903 1266/1297/4904
f 1227/1257/4905 1228/1258/4906 1268/1299/4907 1267/1298/4908
f 1228/1258/4909 1229/1259/4910 1269/1300/4911 1268/1299/4912
f 1229/1259/4913 1230/1260/4914 1270/1301/4915 1269/1300/4916
f 1230/1260/4917 1231/1261/4918 1271/1302/4919 1270/1301/4920
f 1231/1261/4921 1232/1262/4922 1272/1303/4923 1271/1302/4924
f 1232/1262/4925 1233/1263/4926 1273/1304/4927 1272/1303/4928
f 1233/1263/4929 1234/1264/4930 1274/1305/4931 1273/1304/4932
f 1234/1264/4933 1235/1265/4934 1275/1306/4935 1274/1305/4936
f 1235/1265/4937 1236/1266/4938 1276/1307/4939 1275/1306/4940
f 1236/1266/4941 1237/1267/4942 1277/1308/4943 1276/1307/4944
f 1237/1267/4945 1238/1268/4946 1278/1309/4947 1277/1308/4948
f 1238/1268/4949 1239/1269/4950 1279/1310/4951 1278/1309/4952
f 1239/1269/4953 1240/1270/4954 1280/1311/4955 1279/1310/4956
f 1240/1270/4957 1201/1271/4958 1241/1312/4959 1280/1311/4960
f 1241/1273/4961 1242/1272/4962 1282/1313/4963 1281/1314/4964
f 1242/1272/4965 1243/1274/4966 1283/1315/4967 1282/1313/4968
f 1243/1274/4969 1244/1275/4970 1284/1316/4971 1283/1315/4972
f 1244/1275/4973 1245/1276/4974 1285/1317/4975 1284/1316/4976
f 1245/1276/4977 1246/1277/4978 1286/1318/4979 1285/1317/4980
f 1246/1277/4981 1247/1278/4982 1287/1319/4983 1286/1318/4984
f 1247/1278/4985 1248/1279/4986 1288/1320/4987 1287/1319/4988
f 1248/1279/4989 1249/1280/4990 1289/1321/4991 1288/1320/4992
f 1249/1280/4993 1250/1281/4994 1290/1322/4995 1289/1321/4996
f 1250/1281/4997 1251/1282/4998 1291/1323/4999 1290/1322/5000
f 1251/1282/5001 1252/1283/5002 1292/1324/5003 1291/1323/5004
f 1252/1283/5005 1253/1284/5006 1293/1325/5007 1292/1324/5008
f 1253/1284/5009 1254/1285/5010 1294/1326/5011 1293/1325/5012
f 1254/1285/5013 1255/1286/5014 1295/1327/5015 1294/1326/5016
f 1255/1286/5017 1256/1287/5018 1296/1328/5019 1295/1327/5020
f 1256/1287/5021 1257/1288/5022 1297/1329/5023 1296/1328/5024
f 1257/1288/5025 1258/1289/5026 1298/1330/5027 1297/1329/5028
f 1258/1289/5029 1259/1290/5030 1299/1331/5031 1298/1330/5032
f 1259/1290/5033 1260/1291/5034 1300/1332/5035 1299/1331/5036
f 1260/1291/5037 1261/1292/5038 1301/1333/5039 1300/1332/5040
f 1261/1292/5041 1262/1293/5042 1302/1334/5043 1301/1333/5044
f 1262/1293/5045 1263/1294/5046 1303/1335/5047 1302/1334/5048
f 1263/1294/5049 1264/1295/5050 1304/1336/5051 1303/1335/5052
f 1264/1295/5053 1265/1296/5054 1305/1337/5055 1304/1336/5056
f 1265/1296/5057 1266/1297/5058 1306/1338/5059 1305/1337/5060
f 1266/1297/5061 1267/1298/5062 1307/1339/5063 1306/1338/5064
f 1267/1298/5065 1268/1299/5066 1308/1340/5067 1307/1339/5068
f 1268/1299/5069 1269/1300/5070 1309/1341/5071 1308/1340/5072
f 1269/1300/5073 1270/1301/5074 1310/1342/5075 1309/1341/5076
f 1270/1301/5077 1271/1302/5078 1311/1343/5079 1310/1342/5080
f 1271/1302/5081 1272/1303/5082 1312/1344/5083 1311/1343/5084
f 1272/1303/5085 1273/1304/5086 1313/1345/5087 1312/1344/5088
f 1273/1304/5089 1274/1305/5090 1314/1346/5091 1313/1345/5092
f 1274/1305/5093 1275/1306/5094 1315/1347/5095 1314/1346/5096
f 1275/1306/5097 1276/1307/5098 1316/1348/5099 1315/1347/5100
f 1276/1307/5101 1277/1308/5102 1317/1349/5103 1316/1348/5104
f 1277/1308/5105 1278/1309/5106 1318/1350/5107 1317/1349/5108
f 1278/1309/5109 1279/1310/5110 1319/1351/5111 1318/1350/5112
f 1279/1310/5113 1280/1311/5114 1320/1352/5115 1319/1351/5116
f 1280/1311/5117 1241/1312/5118 1281/1353/5119 1320/1352/5120
f 1281/1314/5121 1282/1313/5122 1322/1354/5123 1321/1355/5124
f 1282/1313/5125 1283/1315/5126 1323/1356/5127 1322/1354/5128
f 1283/1315/5129 1284/1316/5130 1324/1357/5131 1323/1356/5132
f 1284/1316/5133 1285/1317/5134 1325/1358/5135 1324/1357/5136
f 1285/1317/5137 1286/1318/5138 1326/1359/5139 1325/1358/5140
f 1286/1318/5141 1287/1319/5142 1327/1360/5143 1326/1359/5144
f 1287/1319/5145 1288/1320/5146 1328/1361/5147 1327/1360/5148
f 1288/1320/5149 1289/1321/5150 1329/1362/5151 1328/1361/5152
f 1289/1321/5153 1290/1322/5154 1330/1363/5155 1329/1362/5156
f 1290/1322/5157 1291/1323/5158 1331/1364/5159 1330/1363/5160
f 1291/1323/5161 1292/1324/5162 1332/1365/5163 1331/1364/5164
f 1292/1324/5165 1293/1325/5166 1333/1366/5167 1332/1365/5168
f 1293/1325/5169 1294/1326/5170 1334/1367/5171 1333/1366/5172
f 1294/1326/5173 1295/1327/5174 1335/1368/5175 1334/1367/5176
f 1295/1327/5177 1296/1328/5178 1336/1369/5179 1335/1368/5180
f 1296/1328/5181 1297/1329/5182 1337/1370/5183 1336/1369/5184
f 1297/1329/5185 1298/1330/5186 1338/1371/5187 1337/1370/5188
f 1298/1330/5189 1299/1331/5190 1339/1372/5191 1338/1371/5192
f 1299/1331/5193 1300/1332/5194 1340/1373/5195 1339/1372/5196
f 1300/1332/5197 1301/1333/5198 1341/1374/5199 1340/1373/5200
f 1301/1333/5201 1302/1334/5202 1342/1375/5203 1341/1374/5204
f 1302/1334/5205 1303/1335/5206 1343/1376/5207 1342/1375/5208
f 1303/1335/5209 1304/1336/5210 1344/1377/5211 1343/1376/5212
f 1304/1336/5213 1305/1337/5214 1345/1378/5215 1344/1377/5216
f 1305/1337/5217 1306/1338/5218 1346/1379/5219 1345/1378/5220
f 1306/1338/5221 1307/1339/5222 1347/1380/5223 1346/1379/5224
f 1307/1339/5225 1308/1340/5226 1348/1381/5227 1347/1380/5228
f 1308/1340/5229 1309/1341/5230 1349/1382/5231 1348/1381/5232
f 1309/1341/5233 1310/1342/5234 1350/1383/5235 1349/1382/5236
f 1310/1342/5237 1311/1343/5238 1351/1384/5239 1350/1383/5240
f 1311/1343/5241 1312/1344/5242 1352/1385/5243 1351/1384/5244
f 1312/1344/5245 1313/1345/5246 1353/1386/5247 1352/1385/5248
f 1313/1345/5249 1314/1346/5250 1354/1387/5251 1353/1386/5252
f 1314/1346/5253 1315/1347/5254 1355/1388/5255 1354/1387/5256
f 1315/1347/5257 1316/1348/5258 1356/1389/5259 1355/1388/5260
f 1316/1348/5261 1317/1349/5262 1357/1390/5263 1356/1389/5264
f 1317/1349/5265 1318/1350/5266 1358/1391/5267 1357/1390/5268
f 1318/1350/5269 1319/1351/5270 1359/1392/5271 1358/1391/5272
f 1319/1351/5273 1320/1352/5274 1360/1393/5275 1359/1392/5276
f 1320/1352/5277 1281/1353/5278 1321/1394/5279 1360/1393/5280
f 1321/1355/5281 1322/1354/5282 1362/1395/5283 1361/1396/5284
f 1322/1354/5285 1323/1356/5286 1363/1397/5287 1362/1395/5288
f 1323/1356/5289 1324/1357/5290 1364/1398/5291 1363/1397/5292
f 1324/1357/5293 1325/1358/5294 1365/1399/5295 1364/1398/5296
f 1325/1358/5297 1326/1359/5298 1366/1400/5299 1365/1399/5300
f 1326/1359/5301 1327/1360/5302 1367/1401/5303 1366/1400/5304
f 1327/1360/5305 1328/1361/5306 1368/1402/5307 1367/1401/5308
f 1328/1361/5309 1329/1362/5310 1369/1403/5311 1368/1402/5312
f 1329/1362/5313 1330/1363/5314 1370/1404/5315 1369/1403/5316
f 1330/1363/5317 1331/1364/5318 1371/1405/5319 1370/1404/5320
f 1331/1364/5321 1332/1365/5322 1372/1406/5323 1371/1405/5324
f 1332/1365/5325 1333/1366/5326 1373/1407/5327 1372/1406/5328
f 1333/1366/5329 1334/1367/5330 1374/1408/5331 1373/1407/5332
f 1334/1367/5333 1335/1368/5334 1375/1409/5335 1374/1408/5336
f 1335/1368/5337 1336/1369/5338 1376/1410/5339 1375/1409/5340
f 1336/1369/5341 1337/1370/5342 1377/1411/5343 1376/1410/5344
f 1337/1370/5345 1338/1371/5346 1378/1412/5347 1377/1411/5348
f 1338/1371/5349 1339/1372/5350 1379/1413/5351 1378/1412/5352
f 1339/1372/5353 1340/1373/5354 1380/1414/5355 1379/1413/5356
f 1340/1373/5357 1341/1374/5358 1381/1415/5359 1380/1414/5360
f 1341/1374/5361 1342/1375/5362 1382/1416/5363 1381/1415/5364
f 1342/1375/5365 1343/1376/5366 1383/1417/5367 1382/1416/5368
f 1343/1376/5369 1344/1377/5370 1384/1418/5371 1383/1417/5372
f 1344/1377/5373 1345/1378/5374 1385/1419/5375 1384/1418/5376
f 1345/1378/5377 1346/1379/5378 1386/1420/5379 1385/1419/5380
f 1346/1379/5381 1347/1380/5382 1387/1421/5383 1386/1420/5384
f 1347/1380/5385 1348/1381/5386 1388/1422/5387 1387/1421/5388
f 1348/1381/5389 1349/1382/5390 1389/1423/5391 1388/1422/5392
f 1349/1382/5393 1350/1383/5394 1390/1424/5395 1389/1423/5396
f 1350/1383/5397 1351/1384/5398 1391/1425/5399 1390/1424/5400
f 1351/1384/5401 1352/1385/5402 1392/1426/5403 1391/1425/5404
f 1352/1385/5405 1353/1386/5406 1393/1427/5407 1392/1426/5408
f 1353/1386/5409 1354/1387/5410 1394/1428/5411 1393/1427/5412
f 1354/1387/5413 1355/1388/5414 1395/1429/5415 1394/1428/5416
f 1355/1388/5417 1356/1389/5418 1396/1430/5419 1395/1429/5420
f 1356/1389/5421 1357/1390/5422 1397/1431/5423 1396/1430/5424
f 1357/1390/5425 1358/1391/5426 1398/1432/5427 1397/1431/5428
f 1358/1391/5429 1359/1392/5430 1399/1433/5431 1398/1432/5432
f 1359/1392/5433 1360/1393/5434 1400/1434/5435 1399/1433/5436
f 1360/1393/5437 1321/1394/5438 1361/1435/5439 1400/1434/5440
f 1361/1396/5441 1362/1395/5442 1402/1436/5443 1401/1437/5444
f 1362/1395/5445 1363/1397/5446 1403/1438/5447 1402/1436/5448
f 1363/1397/5449 1364/1398/5450 1404/1439/5451 1403/1438/5452
f 1364/1398/5453 1365/1399/5454 1405/1440/5455 1404/1439/5456
f 1365/1399/5457 1366/1400/5458 1406/1441/5459 1405/1440/5460
f 1366/1400/5461 1367/1401/5462 1407/1442/5463 1406/1441/5464
f 1367/1401/5465 1368/1402/5466 1408/1443/5467 1407/1442/5468
f 1368/1402/5469 1369/1403/5470 1409/1444/5471 1408/1443/5472
f 1369/1403/5473 1370/1404/5474 1410/1445/5475 1409/1444/5476
f 1370/1404/5477 1371/1405/5478 1411/1446/5479 1410/1445/5480
f 1371/1405/5481 1372/1406/5482 1412/1447/5483 1411/1446/5484
f 1372/1406/5485 1373/1407/5486 1413/1448/5487 1412/1447/5488
f 1373/1407/5489 1374/1408/5490 1414/1449/5491 1413/1448/5492
f 1374/1408/5493 1375/1409/5494 1415/1450/5495 1414/1449/5496
f 1375/1409/5497 1376/1410/5498 1416/1451/5499 1415/1450/5500
f 1376/1410/5501 1377/1411/5502 1417/1452/5503 1416/1451/5504
f 1377/1411/5505 1378/1412/5506 1418/1453/5507 1417/1452/5508
f 1378/1412/5509 1379/1413/5510 1419/1454/5511 1418/1453/5512
f 1379/1413/5513 1380/1414/5514 1420/1455/5515 1419/1454/5516
f 1380/1414/5517 1381/1415/5518 1421/1456/5519 1420/1455/5520
f 1381/1415/5521 1382/1416/5522 1422/1457/5523 1421/1456/5524
f 1382/1416/5525 1383/1417/5526 1423/1458/5527 1422/1457/5528
f 1383/1417/5529 1384/1418/5530 1424/1459/5531 1423/1458/5532
f 1384/1418/5533 1385/1419/5534 1425/1460/5535 1424/1459/5536
f 1385/1419/5537 1386/1420/5538 1426/1461/5539 1425/1460/5540
f 1386/1420/5541 1387/1421/5542 1427/1462/5543 1426/1461/5544
f 1387/1421/5545 1388/1422/5546 1428/1463/5547 1427/1462/5548
f 1388/1422/5549 1389/1423/5550 1429/1464/5551 1428/1463/5552
f 1389/1423/5553 1390/1424/5554 1430/1465/5555 1429/1464/5556
f 1390/1424/5557 1391/1425/5558 1431/1466/5559 1430/1465/5560
f 1391/1425/5561 1392/1426/5562 1432/1467/5563 1431/1466/5564
f 1392/1426/5565 1393/1427/5566 1433/1468/5567 1432/1467/5568
f 1393/1427/5569 1394/1428/5570 1434/1469/5571 1433/1468/5572
f 1394/1428/5573 1395/1429/5574 1435/1470/5575 1434/1469/5576
f 1395/1429/5577 1396/1430/5578 1436/1471/5579 1435/1470/5580
f 1396/1430/5581 1397/1431/5582 1437/1472/5583 1436/1471/5584
f 1397/1431/5585 1398/1432/5586 1438/1473/5587 1437/1472/5588
f 1398/1432/5589 1399/1433/5590 1439/1474/5591 1438/1473/5592
f 1399/1433/5593 1400/1434/5594 1440/1475/5595 1439/1474/5596
f 1400/1434/5597 1361/1435/5598 1401/1476/5599 1440/1475/5600
f 1401/1437/5601 1402/1436/5602 1442/1477/5603 1441/1478/5604
f 1402/1436/5605 1403/1438/5606 1443/1479/5607 1442/1477/5608
f 1403/1438/5609 1404/1439/5610 1444/1480/5611 1443/1479/5612
f 1404/1439/5613 1405/1440/5614 1445/1481/5615 1444/1480/5616
f 1405/1440/5617 1406/1441/5618 1446/1482/5619 1445/1481/5620
f 1406/1441/5621 1407/1442/5622 1447/1483/5623 1446/1482/5624
f 1407/1442/5625 1408/1443/5626 1448/1484/5627 1447/1483/5628
f 1408/1443/5629 1409/1444/5630 1449/1485/5631 1448/1484/5632
f 1409/1444/5633 1410/1445/5634 1450/1486/5635 1449/1485/5636
f 1410/1445/5637 1411/1446/5638 1451/1487/5639 1450/1486/5640
f 1411/1446/5641 1412/1447/5642 1452/1488/5643 1451/1487/5644
f 1412/1447/5645 1413/1448/5646 1453/1489/5647 1452/1488/5648
f 1413/1448/5649 1414/1449/5650 1454/1490/5651 1453/1489/5652
f 1414/1449/5653 1415/1450/5654 1455/1491/5655 1454/1490/5656
f 1415/1450/5657 1416/1451/5658 1456/1492/5659 1455/1491/5660
f 1416/1451/5661 1417/1452/5662 1457/1493/5663 1456/1492/5664
f 1417/1452/5665 1418/1453/5666 1458/1494/5667 1457/1493/5668
f 1418/1453/5669 1419/1454/5670 1459/1495/5671 1458/1494/5672
f 1419/1454/5673 1420/1455/5674 1460/1496/5675 1459/1495/5676
f 1420/1455/5677 1421/1456/5678 1461/1497/5679 1460/1496/5680
f 1421/1456/5681 1422/1457/5682 1462/1498/5683 1461/1497/5684
f 1422/1457/5685 1423/1458/5686 1463/1499/5687 1462/1498/5688
f 1423/1458/5689 1424/1459/5690 1464/1500/5691 1463/1499/5692
f 1424/1459/5693 1425/1460/5694 1465/1501/5695 1464/1500/5696
f 1425/1460/5697 1426/1461/5698 1466/1502/5699 1465/1501/5700
f 1426/1461/5701 1427/1462/5702 1467/1503/5703 1466/1502/5704
f 1427/1462/5705 1428/1463/5706 1468/1504/5707 1467/1503/5708
f 1428/1463/5709 1429/1464/5710 1469/1505/5711 1468/1504/5712
f 1429/1464/5713 1430/1465/5714 1470/1506/5715 1469/1505/5716
f 1430/1465/5717 1431/1466/5718 1471/1507/5719 1470/1506/5720
f 1431/1466/5721 1432/1467/5722 1472/1508/5723 1471/1507/5724
f 1432/1467/5725 1433/1468/5726 1473/1509/5727 1472/1508/5728
f 1433/1468/5729 1434/1469/5730 1474/1510/5731 1473/1509/5732
f 1434/1469/5733 1435/1470/5734 1475/1511/5735 1474/1510/5736
f 1435/1470/5737 1436/1471/5738 1476/1512/5739 1475/1511/5740
f 1436/1471/5741 1437/1472/5742 1477/1513/5743 1476/1512/5744
f 1437/1472/5745 1438/1473/5746 1478/1514/5747 1477/1513/5748
f 1438/1473/5749 1439/1474/5750 1479/1515/5751 1478/1514/5752
f 1439/1474/5753 1440/1475/5754 1480/1516/5755 1479/1515/5756
f 1440/1475/5757 1401/1476/5758 1441/1517/5759 1480/1516/5760
f 1441/1478/5761 1442/1477/5762 1482/1518/5763 1481/1519/5764
f 1442/1477/5765 1443/1479/5766 1483/1520/5767 1482/1518/5768
f 1443/1479/5769 1444/1480/5770 1484/1521/5771 1483/1520/5772
f 1444/1480/5773 1445/1481/5774 1485/1522/5775 1484/1521/5776
f 1445/1481/5777 1446/1482/5778 1486/1523/5779 1485/1522/5780
f 1446/1482/5781 1447/1483/5782 1487/1524/5783 1486/1523/5784
f 1447/1483/5785 1448/1484/5786 1488/1525/5787 1487/1524/5788
f 1448/1484/5789 1449/1485/5790 1489/1526/5791 1488/1525/5792
f 1449/1485/5793 1450/1486/5794 1490/1527/5795 1489/1526/5796
f 1450/1486/5797 1451/1487/5798 1491/1528/5799 1490/1527/5800
f 1451/1487/5801 1452/1488/5802 1492/1529/5803 1491/1528/5804
f 1452/1488/5805 1453/1489/5806 1493/1530/5807 1492/1529/5808
f 1453/1489/5809 1454/1490/5810 1494/1531/5811 1493/1530/5812
f 1454/1490/5813 1455/1491/5814 1495/1532/5815 1494/1531/5816
f 1455/1491/5817 1456/1492/5818 1496/1533/5819 1495/1532/5820
f 1456/1492/5821 1457/1493/5822 1497/1534/5823 1496/1533/5824
f 1457/1493/5825 1458/1494/5826 1498/1535/5827 1497/1534/5828
f 1458/1494/5829 1459/1495/5830 1499/1536/5831 1498/1535/5832
f 1459/1495/5833 1460/1496/5834 1500/1537/5835 1499/1536/5836
f 1460/1496/5837 1461/1497/5838 1501/1538/5839 1500/1537/5840
f 1461/1497/5841 1462/1498/5842 1502/1539/5843 1501/1538/5844
f 1462/1498/5845 1463/1499/5846 1503/1540/5847 1502/1539/5848
f 1463/1499/5849 1464/1500/5850 1504/1541/5851 1503/1540/5852
f 1464/1500/5853 1465/1501/5854 1505/1542/5855 1504/1541/5856
f 1465/1501/5857 1466/1502/5858 1506/1543/5859 1505/1542/5860
f 1466/1502/5861 1467/1503/5862 1507/1544/5863 1506/1543/5864
f 1467/1503/5865 1468/1504/5866 1508/1545/5867 1507/1544/5868
f 1468/1504/5869 1469/1505/5870 1509/1546/5871 1508/1545/5872
f 1469/1505/5873 1470/1506/5874 1510/1547/5875 1509/1546/5876
f 1470/1506/5877 1471/1507/5878 1511/1548/5879 1510/1547/5880
f 1471/1507/5881 1472/1508/5882 1512/1549/5883 1511/1548/5884
f 1472/1508/5885 1473/1509/5886 1513/1550/5887 1512/1549/5888
f 1473/1509/5889 1474/1510/5890 1514/1551/5891 1513/1550/5892
f 1474/1510/5893 1475/1511/5894 1515/1552/5895 1514/1551/5896
f 1475/1511/5897 1476/1512/5898 1516/1553/5899 1515/1552/5900
f 1476/1512/5901 1477/1513/5902 1517/1554/5903 1516/1553/5904
f 1477/1513/5905 1478/1514/5906 1518/1555/5907 1517/1554/5908
f 1478/1514/5909 1479/1515/5910 1519/1556/5911 1518/1555/5912
f 1479/1515/5913 1480/1516/5914 1520/1557/5915 1519/1556/5916
f 1480/1516/5917 1441/1517/5918 1481/1558/5919 1520/1557/5920
f 1481/1519/5921 1482/1518/5922 1522/1559/5923 1521/1560/5924
f 1482/1518/5925 1483/1520/5926 1523/1561/5927 1522/1559/5928
f 1483/1520/5929 1484/1521/5930 1524/1562/5931 1523/1561/5932
f 1484/1521/5933 1485/1522/5934 1525/1563/5935 1524/1562/5936
f 1485/1522/5937 1486/1523/5938 1526/1564/5939 1525/1563/5940
f 1486/1523/5941 1487/1524/5942 1527/1565/5943 1526/1564/5944
f 1487/1524/5945 1488/1525/5946 1528/1566/5947 1527/1565/5948
f 1488/1525/5949 1489/1526/5950 1529/1567/5951 1528/1566/5952
f 1489/1526/5953 1490/1527/5954 1530/1568/5955 1529/1567/5956
f 1490/1527/5957 1491/1528/5958 1531/1569/5959 1530/1568/5960
f 1491/1528/5961 1492/1529/5962 1532/1570/5963 1531/1569/5964
f 1492/1529/5965 1493/1530/5966 1533/1571/5967 1532/1570/5968
f 1493/1530/5969 1494/1531/5970 1534/1572/5971 1533/1571/5972
f 1494/1531/5973 1495/1532/5974 1535/1573/5975 1534/1572/5976
f 1495/1532/5977 1496/1533/5978 1536/1574/5979 1535/1573/5980
f 1496/1533/5981 1497/1534/5982 1537/1575/5983 1536/1574/5984
f 1497/1534/5985 1498/1535/5986 1538/1576/5987 1537/1575/5988
f 1498/1535/5989 1499/1536/5990 1539/1577/5991 1538/1576/5992
f 1499/1536/5993 1500/1537/5994 1540/1578/5995 1539/1577/5996
f 1500/1537/5997 1501/1538/5998 1541/1579/5999 1540/1578/6000
f 1501/1538/6001 1502/1539/6002 1542/1580/6003 1541/1579/6004
f 1502/1539/6005 1503/1540/6006 1543/1581/6007 1542/1580/6008
f 1503/1540/6009 1504/1541/6010 1544/1582/6011 1543/1581/6012
f 1504/1541/6013 1505/1542/6014 1545/1583/6015 1544/1582/6016
f 1505/1542/6017 1506/1543/6018 1546/1584/6019 1545/1583/6020
f 1506/1543/6021 1507/1544/6022 1547/1585/6023 1546/1584/6024
f 1507/1544/6025 1508/1545/6026 1548/1586/6027 1547/1585/6028
f 1508/1545/6029 1509/1546/6030 1549/1587/6031 1548/1586/6032
f 1509/1546/6033 1510/1547/6034 1550/1588/6035 1549/1587/6036
f 1510/1547/6037 1511/1548/6038 1551/1589/6039 1550/1588/6040
f 1511/1548/6041 1512/1549/6042 1552/1590/6043 1551/1589/6044
f 1512/1549/6045 1513/1550/6046 1553/1591/6047 1552/1590/6048
f 1513/1550/6049 1514/1551/6050 1554/1592/6051 1553/1591/6052
f 1514/1551/6053 1515/1552/6054 1555/1593/6055 1554/1592/6056
f 1515/1552/6057 1516/1553/6058 1556/1594/6059 1555/1593/6060
f 1516/1553/6061 1517/1554/6062 1557/1595/6063 1556/1594/6064
f 1517/1554/6065 1518/1555/6066 1558/1596/6067 1557/1595/6068
f 1518/1555/6069 1519/1556/6070 1559/1597/6071 1558/1596/6072
f 1519/1556/6073 1520/1557/6074 1560/1598/6075 1559/1597/6076
f 1520/1557/6077 1481/1558/6078 1521/1599/6079 1560/1598/6080
f 2/2/6081 1/1/6082 1561/1600/6083
f 3/5/6084 2/2/6085 1561/1601/6086
f 4/7/6087 3/5/6088 1561/1602/6089
f 5/9/6090 4/7/6091 1561/1603/6092
f 6/11/6093 5/9/6094 1561/1604/6095
f 7/13/6096 6/11/6097 1561/1605/6098
f 8/15/6099 7/13/6100 1561/1606/6101
f 9/17/6102 8/15/6103 1561/1607/6104
f 10/19/6105 9/17/6106 1561/1608/6107
f 11/21/6108 10/19/6109 1561/1609/6110
f 12/23/6111 11/21/6112 1561/1610/6113
f 13/25/6114 12/23/6115 1561/1611/6116
f 14/27/6117 13/25/6118 1561/1612/6119
f 15/29/6120 14/27/6121 1561/1613/6122
f 16/31/6123 15/29/6124 1561/1614/6125
f 17/33/6126 16/31/6127 1561/1615/6128
f 18/35/6129 17/33/6130 1561/1616/6131
f 19/37/6132 18/35/6133 1561/1617/6134
f 20/39/6135 19/37/6136 1561/1618/6137
f 21/41/6138 20/39/6139 1561/1619/6140
f 22/43/6141 21/41/6142 1561/1620/6143
f 23/45/6144 22/43/6145 1561/1621/6146
f 24/47/6147 23/45/6148 1561/1622/6149
f 25/49/6150 24/47/6151 1561/1623/6152
f 26/51/6153 25/49/6154 1561/1624/6155
f 27/53/6156 26/51/6157 1561/1625/6158
f 28/55/6159 27/53/6160 1561/1626/6161
f 29/57/6162 28/55/6163 1561/1627/6164
f 30/59/6165 29/57/6166 1561/1628/6167
f 31/61/6168 30/59/6169 1561/1629/6170
f 32/63/6171 31/61/6172 1561/1630/6173
f 33/65/6174 32/63/6175 1561/1631/6176
f 34/67/6177 33/65/6178 1561/1632/6179
f 35/69/6180 34/67/6181 1561/1633/6182
f 36/71/6183 35/69/6184 1561/1634/6185
f 37/73/6186 36/71/6187 1561/1635/6188
f 38/75/6189 37/73/6190 1561/1636/6191
f 39/77/6192 38/75/6193 1561/1637/6194
f 40/79/6195 39/77/6196 1561/1638/6197
f 1/81/6198 40/79/6199 1561/1639/6200
f 1521/1560/6201 1522/1559/6202 1562/1640/6203
f 1522/1559/6204 1523/1561/6205 1562/1641/6206
f 1523/1561/6207 1524/1562/6208 1562/1642/6209
f 1524/1562/6210 1525/1563/6211 1562/1643/6212
f 1525/1563/6213 1526/1564/6214 1562/1644/6215
f 1526/1564/6216 1527/1565/6217 1562/1645/6218
f 1527/1565/6219 1528/1566/6220 1562/1646/6221
f 1528/1566/6222 1529/1567/6223 1562/1647/6224
f 1529/1567/6225 1530/1568/6226 1562/1648/6227
f 1530/1568/6228 1531/1569/6229 1562/1649/6230
f 1531/1569/6231 1532/1570/6232 1562/1650/6233
f 1532/1570/6234 1533/1571/6235 1562/1651/6236
f 1533/1571/6237 1534/1572/6238 1562/1652/6239
f 1534/1572/6240 1535/1573/6241 1562/1653/6242
f 1535/1573/6243 1536/1574/6244 1562/1654/6245
f 1536/1574/6246 1537/1575/6247 1562/1655/6248
f 1537/1575/6249 1538/1576/6250 1562/1656/6251
f 1538/1576/6252 1539/1577/6253 1562/1657/6254
f 1539/1577/6255 1540/1578/6256 1562/1658/6257
f 1540/1578/6258 1541/1579/6259 1562/1659/6260
f 1541/1579/6261 1542/1580/6262 1562/1660/6263
f 1542/1580/6264 1543/1581/6265 1562/1661/6266
f 1543/1581/6267 1544/1582/6268 1562/1662/6269
f 1544/1582/6270 1545/1583/6271 1562/1663/6272
f 1545/1583/6273 1546/1584/6274 1562/1664/6275
f 1546/1584/6276 1547/1585/6277 1562/1665/6278
f 1547/1585/6279 1548/1586/6280 1562/1666/6281
f 1548/1586/6282 1549/1587/6283 1562/1667/6284
f 1549/1587/6285 1550/1588/6286 1562/1668/6287
f 1550/1588/6288 1551/1589/6289 1562/1669/6290
f 1551/1589/6291 1552/1590/6292 1562/1670/6293
f 1552/1590/6294 1553/1591/6295 1562/1671/6296
f 1553/1591/6297 1554/1592/6298 1562/1672/6299
f 1554/1592/6300 1555/1593/6301 1562/1673/6302
f 1555/1593/6303 1556/1594/6304 1562/1674/6305
f 1556/1594/6306 1557/1595/6307 1562/1675/6308
f 1557/1595/6309 1558/1596/6310 1562/1676/6311
f 1558/1596/6312 1559/1597/6313 1562/1677/6314
f 1559/1597/6315 1560/1598/6316 1562/1678/6317
f 1560/1598/6318 1521/1599/6319 1562/1679/6320
g default
v 0.424584 0.072232 -0.067246
v 0.408836 0.072232 -0.132838
v 0.383023 0.072232 -0.195158
v 0.347778 0.072232 -0.252674
v 0.303969 0.072232 -0.303967
v 0.252676 0.072232 -0.347775
v 0.195161 0.072232 -0.383020
v 0.132840 0.072232 -0.408834
v 0.067249 0.072232 -0.424582
v 0.000001 0.072232 -0.429874
v -0.067246 0.072232 -0.424582
v -0.132838 0.072232 -0.408834
v -0.195158 0.072232 -0.383020
v -0.252674 0.072232 -0.347775
v -0.303967 0.072232 -0.303967
v -0.347775 0.072232 -0.252674
v -0.383020 0.072232 -0.195159
v -0.408834 0.072232 -0.132838
v -0.424582 0.072232 -0.067247
v -0.429874 0.072232 0.000001
v -0.424582 0.072232 0.067248
v -0.408834 0.072232 0.132840
v -0.383020 0.072232 0.195160
v -0.347775 0.072232 0.252676
v -0.303967 0.072232 0.303969
v -0.252674 0.072232 0.347778
v -0.195159 0.072232 0.383023
v -0.132838 0.072232 0.408836
v -0.067247 0.072232 0.424584
v 0.000001 0.072232 0.429877
v 0.067249 0.072232 0.424584
v 0.132840 0.072232 0.408836
v 0.195160 0.072232 0.383023
v 0.252676 0.072232 0.347778
v 0.303969 0.072232 0.303969
v 0.347778 0.072232 0.252676
v 0.383023 0.072232 0.195160
v 0.408836 0.072232 0.132840
v 0.424584 0.072232 0.067249
v 0.429875 0.072232 0.000001
v 0.846549 0.122797 -0.134079
v 0.815152 0.122797 -0.264858
v 0.763682 0.122797 -0.389114
v 0.693409 0.122797 -0.503790
v 0.606063 0.122797 -0.606061
v 0.503792 0.122797 -0.693407
v 0.389116 0.122797 -0.763680
v 0.264860 0.122797 -0.815150
v 0.134081 0.122797 -0.846547
v 0.000001 0.122797 -0.857099
v -0.134079 0.122797 -0.846547
v -0.264858 0.122797 -0.815150
v -0.389114 0.122797 -0.763680
v -0.503789 0.122797 -0.693407
v -0.606061 0.122797 -0.606061
v -0.693407 0.122797 -0.503790
v -0.763680 0.122797 -0.389114
v -0.815149 0.122797 -0.264858
v -0.846547 0.122797 -0.134079
v -0.857099 0.122797 0.000001
v -0.846547 0.122797 0.134081
v -0.815149 0.122797 0.264860
v -0.763680 0.122797 0.389116
v -0.693407 0.122797 0.503791
v -0.606061 0.122797 0.606062
v -0.503790 0.122797 0.693409
v -0.389114 0.122797 0.763682
v -0.264858 0.122797 0.815151
v -0.134079 0.122797 0.846549
v 0.000001 0.122797 0.857101
v 0.134081 0.122797 0.846549
v 0.264860 0.122797 0.815151
v 0.389116 0.122797 0.763682
v 0.503791 0.122797 0.693409
v 0.606062 0.122797 0.606063
v 0.693409 0.122797 0.503791
v 0.763682 0.122797 0.389116
v 0.815151 0.122797 0.264860
v 0.846549 0.122797 0.134081
v 0.857100 0.122797 0.000001
v 1.263294 0.206726 -0.200084
v 1.216442 0.206726 -0.395244
v 1.139635 0.206726 -0.580671
v 1.034767 0.206726 -0.751800
v 0.904420 0.206726 -0.904416
v 0.751802 0.206726 -1.034765
v 0.580674 0.206726 -1.139632
v 0.395246 0.206726 -1.216438
v 0.200087 0.206726 -1.263292
v 0.000001 0.206726 -1.279040
v -0.200084 0.206726 -1.263292
v -0.395244 0.206726 -1.216438
v -0.580671 0.206726 -1.139632
v -0.751800 0.206726 -1.034765
v -0.904416 0.206726 -0.904418
v -1.034765 0.206726 -0.751800
v -1.139632 0.206726 -0.580671
v -1.216438 0.206726 -0.395244
v -1.263292 0.206726 -0.200085
v -1.279039 0.206726 0.000001
v -1.263292 0.206726 0.200086
v -1.216438 0.206726 0.395246
v -1.139632 0.206726 0.580673
v -1.034765 0.206726 0.751802
v -0.904416 0.206726 0.904419
v -0.751800 0.206726 1.034767
v -0.580671 0.206726 1.139634
v -0.395244 0.206726 1.216441
v -0.200085 0.206726 1.263294
v 0.000001 0.206726 1.279041
v 0.200086 0.206726 1.263294
v 0.395246 0.206726 1.216441
v 0.580673 0.206726 1.139634
v 0.751802 0.206726 1.034767
v 0.904419 0.206726 0.904419
v 1.034766 0.206726 0.751802
v 1.139634 0.206726 0.580673
v 1.216441 0.206726 0.395246
v 1.263293 0.206726 0.200087
v 1.279041 0.206726 0.000001
v 1.672251 0.323502 -0.264857
v 1.610230 0.323502 -0.523193
v 1.508561 0.323502 -0.768648
v 1.369744 0.323502 -0.995175
v 1.197201 0.323502 -1.197198
v 0.995178 0.323502 -1.369742
v 0.768651 0.323502 -1.508557
v 0.523196 0.323502 -1.610228
v 0.264860 0.323502 -1.672249
v 0.000001 0.323502 -1.693094
v -0.264857 0.323502 -1.672249
v -0.523193 0.323502 -1.610228
v -0.768648 0.323502 -1.508559
v -0.995175 0.323502 -1.369742
v -1.197197 0.323502 -1.197198
v -1.369741 0.323502 -0.995176
v -1.508557 0.323502 -0.768648
v -1.610228 0.323502 -0.523194
v -1.672249 0.323502 -0.264858
v -1.693094 0.323502 0.000001
v -1.672249 0.323502 0.264859
v -1.610228 0.323502 0.523195
v -1.508557 0.323502 0.768650
v -1.369742 0.323502 0.995177
v -1.197198 0.323502 1.197200
v -0.995176 0.323502 1.369743
v -0.768648 0.323502 1.508559
v -0.523194 0.323502 1.610229
v -0.264858 0.323502 1.672251
v 0.000001 0.323502 1.693095
v 0.264859 0.323502 1.672251
v 0.523195 0.323502 1.610229
v 0.768650 0.323502 1.508559
v 0.995177 0.323502 1.369743
v 1.197200 0.323502 1.197200
v 1.369743 0.323502 0.995177
v 1.508559 0.323502 0.768650
v 1.610229 0.323502 0.523196
v 1.672250 0.323502 0.264860
v 1.693095 0.323502 0.000001
v 2.070899 0.472404 -0.327996
v 1.994092 0.472404 -0.647918
v 1.868186 0.472404 -0.951885
v 1.696276 0.472404 -1.232415
v 1.482601 0.472404 -1.482598
v 1.232419 0.472404 -1.696275
v 0.951889 0.472404 -1.868182
v 0.647921 0.472404 -1.994090
v 0.327999 0.472404 -2.070897
v 0.000001 0.472404 -2.096712
v -0.327996 0.472404 -2.070897
v -0.647918 0.472404 -1.994090
v -0.951885 0.472404 -1.868182
v -1.232415 0.472404 -1.696275
v -1.482598 0.472404 -1.482598
v -1.696275 0.472404 -1.232415
v -1.868182 0.472404 -0.951887
v -1.994090 0.472404 -0.647919
v -2.070897 0.472404 -0.327997
v -2.096710 0.472404 0.000001
v -2.070897 0.472404 0.327998
v -1.994090 0.472404 0.647920
v -1.868182 0.472404 0.951888
v -1.696275 0.472404 1.232417
v -1.482598 0.472404 1.482600
v -1.232415 0.472404 1.696275
v -0.951887 0.472404 1.868185
v -0.647919 0.472404 1.994092
v -0.327997 0.472404 2.070899
v 0.000001 0.472404 2.096713
v 0.327998 0.472404 2.070899
v 0.647920 0.472404 1.994092
v 0.951888 0.472404 1.868185
v 1.232417 0.472404 1.696276
v 1.482600 0.472404 1.482600
v 1.696275 0.472404 1.232417
v 1.868184 0.472404 0.951888
v 1.994092 0.472404 0.647921
v 2.070898 0.472404 0.327998
v 2.096711 0.472404 0.000001
v 2.456778 0.652514 -0.389113
v 2.365661 0.652514 -0.768648
v 2.216292 0.652514 -1.129255
v 2.012352 0.652514 -1.462056
v 1.758859 0.652514 -1.758856
v 1.462059 0.652514 -2.012348
v 1.129258 0.652514 -2.216289
v 0.768651 0.652514 -2.365658
v 0.389117 0.652514 -2.456776
v 0.000002 0.652514 -2.487400
v -0.389113 0.652514 -2.456776
v -0.768648 0.652514 -2.365658
v -1.129255 0.652514 -2.216290
v -1.462056 0.652514 -2.012348
v -1.758856 0.652514 -1.758857
v -2.012348 0.652514 -1.462057
v -2.216289 0.652514 -1.129256
v -2.365658 0.652514 -0.768649
v -2.456776 0.652514 -0.389114
v -2.487399 0.652514 0.000001
v -2.456776 0.652514 0.389116
v -2.365658 0.652514 0.768650
v -2.216289 0.652514 1.129257
v -2.012348 0.652514 1.462058
v -1.758857 0.652514 1.758858
v -1.462056 0.652514 2.012349
v -1.129255 0.652514 2.216291
v -0.768648 0.652514 2.365660
v -0.389114 0.652514 2.456777
v 0.000001 0.652514 2.487401
v 0.389116 0.652514 2.456777
v 0.768650 0.652514 2.365660
v 1.129257 0.652514 2.216291
v 1.462058 0.652514 2.012351
v 1.758858 0.652514 1.758858
v 2.012349 0.652514 1.462058
v 2.216291 0.652514 1.129257
v 2.365658 0.652514 0.768650
v 2.456777 0.652514 0.389116
v 2.487401 0.652514 0.000001
v 2.827510 0.862722 -0.447832
v 2.722643 0.862722 -0.884639
v 2.550735 0.862722 -1.299662
v 2.316019 0.862722 -1.682683
v 2.024275 0.862722 -2.024272
v 1.682686 0.862722 -2.316016
v 1.299665 0.862722 -2.550732
v 0.884642 0.862722 -2.722641
v 0.447835 0.862722 -2.827508
v 0.000002 0.862722 -2.862753
v -0.447832 0.862722 -2.827508
v -0.884639 0.862722 -2.722641
v -1.299662 0.862722 -2.550732
v -1.682683 0.862722 -2.316017
v -2.024272 0.862722 -2.024273
v -2.316016 0.862722 -1.682684
v -2.550732 0.862722 -1.299663
v -2.722640 0.862722 -0.884639
v -2.827508 0.862722 -0.447834
v -2.862753 0.862722 0.000001
v -2.827508 0.862722 0.447834
v -2.722640 0.862722 0.884641
v -2.550732 0.862722 1.299664
v -2.316016 0.862722 1.682685
v -2.024272 0.862722 2.024273
v -1.682684 0.862722 2.316017
v -1.299663 0.862722 2.550734
v -0.884639 0.862722 2.722642
v -0.447832 0.862722 2.827509
v 0.000001 0.862722 2.862755
v 0.447834 0.862722 2.827509
v 0.884641 0.862722 2.722642
v 1.299664 0.862722 2.550734
v 1.682685 0.862722 2.316018
v 2.024273 0.862722 2.024274
v 2.316017 0.862722 1.682685
v 2.550733 0.862722 1.299664
v 2.722641 0.862722 0.884641
v 2.827509 0.862722 0.447834
v 2.862754 0.862722 0.000001
v 3.180811 1.101732 -0.503789
v 3.062840 1.101732 -0.995175
v 2.869451 1.101732 -1.462056
v 2.605407 1.101732 -1.892936
v 2.277210 1.101732 -2.277206
v 1.892940 1.101732 -2.605404
v 1.462059 1.101732 -2.869449
v 0.995178 1.101732 -3.062836
v 0.503792 1.101732 -3.180809
v 0.000002 1.101732 -3.220458
v -0.503789 1.101732 -3.180809
v -0.995175 1.101732 -3.062838
v -1.462056 1.101732 -2.869449
v -1.892936 1.101732 -2.605405
v -2.277206 1.101732 -2.277207
v -2.605404 1.101732 -1.892937
v -2.869448 1.101732 -1.462057
v -3.062836 1.101732 -0.995176
v -3.180808 1.101732 -0.503790
v -3.220457 1.101732 0.000001
v -3.180808 1.101732 0.503791
v -3.062836 1.101732 0.995177
v -2.869448 1.101732 1.462058
v -2.605404 1.101732 1.892938
v -2.277207 1.101732 2.277208
v -1.892936 1.101732 2.605406
v -1.462056 1.101732 2.869450
v -0.995176 1.101732 3.062839
v -0.503790 1.101732 3.180809
v 0.000001 1.101732 3.220459
v 0.503791 1.101732 3.180809
v 0.995177 1.101732 3.062839
v 1.462058 1.101732 2.869450
v 1.892938 1.101732 2.605406
v 2.277208 1.101732 2.277208
v 2.605405 1.101732 1.892938
v 2.869450 1.101732 1.462058
v 3.062838 1.101732 0.995177
v 3.180809 1.101732 0.503791
v 3.220458 1.101732 0.000001
v 3.514501 1.368071 -0.556640
v 3.384152 1.368071 -1.099575
v 3.170477 1.368071 -1.615437
v 2.878733 1.368071 -2.091520
v 2.516106 1.368071 -2.516102
v 2.091522 1.368071 -2.878730
v 1.615440 1.368071 -3.170474
v 1.099579 1.368071 -3.384151
v 0.556643 1.368071 -3.514497
v 0.000002 1.368071 -3.558306
v -0.556640 1.368071 -3.514497
v -1.099575 1.368071 -3.384151
v -1.615436 1.368071 -3.170474
v -2.091518 1.368071 -2.878730
v -2.516101 1.368071 -2.516104
v -2.878730 1.368071 -2.091521
v -3.170473 1.368071 -1.615438
v -3.384150 1.368071 -1.099577
v -3.514497 1.368071 -0.556641
v -3.558306 1.368071 0.000000
v -3.514497 1.368071 0.556642
v -3.384150 1.368071 1.099577
v -3.170474 1.368071 1.615438
v -2.878730 1.368071 2.091520
v -2.516102 1.368071 2.516103
v -2.091520 1.368071 2.878731
v -1.615437 1.368071 3.170475
v -1.099577 1.368071 3.384152
v -0.556641 1.368071 3.514500
v 0.000001 1.368071 3.558307
v 0.556642 1.368071 3.514500
v 1.099577 1.368071 3.384152
v 1.615438 1.368071 3.170475
v 2.091520 1.368071 2.878732
v 2.516103 1.368071 2.516103
v 2.878731 1.368071 2.091520
v 3.170475 1.368071 1.615439
v 3.384151 1.368071 1.099578
v 3.514498 1.368071 0.556642
v 3.558307 1.368071 0.000001
v 3.826521 1.660096 -0.606060
v 3.684602 1.660096 -1.197197
v 3.451955 1.660096 -1.758856
v 3.134311 1.660096 -2.277206
v 2.739488 1.660096 -2.739484
v 2.277210 1.660096 -3.134306
v 1.758861 1.660096 -3.451953
v 1.197202 1.660096 -3.684598
v 0.606064 1.660096 -3.826519
v 0.000002 1.660096 -3.874217
v -0.606060 1.660096 -3.826519
v -1.197197 1.660096 -3.684599
v -1.758856 1.660096 -3.451953
v -2.277206 1.660096 -3.134307
v -2.739484 1.660096 -2.739485
v -3.134306 1.660096 -2.277207
v -3.451952 1.660096 -1.758857
v -3.684598 1.660096 -1.197198
v -3.826518 1.660096 -0.606061
v -3.874216 1.660096 0.000000
v -3.826518 1.660096 0.606062
v -3.684598 1.660096 1.197200
v -3.451952 1.660096 1.758858
v -3.134306 1.660096 2.277208
v -2.739484 1.660096 2.739485
v -2.277207 1.660096 3.134308
v -1.758857 1.660096 3.451954
v -1.197198 1.660096 3.684601
v -0.606061 1.660096 3.826520
v 0.000001 1.660096 3.874218
v 0.606062 1.660096 3.826520
v 1.197200 1.660096 3.684601
v 1.758858 1.660096 3.451954
v 2.277208 1.660096 3.134308
v 2.739485 1.660096 2.739486
v 3.134307 1.660096 2.277208
v 3.451952 1.660096 1.758858
v 3.684599 1.660096 1.197200
v 3.826519 1.660096 0.606062
v 3.874217 1.660096 0.000001
v 4.114951 1.976006 -0.651742
v 3.962334 1.976006 -1.287438
v 3.712151 1.976006 -1.891433
v 3.370563 1.976006 -2.448854
v 2.945981 1.976006 -2.945977
v 2.448857 1.976006 -3.370559
v 1.891437 1.976006 -3.712148
v 1.287441 1.976006 -3.962331
v 0.651746 1.976006 -4.114949
v 0.000002 1.976006 -4.166242
v -0.651742 1.976006 -4.114949
v -1.287438 1.976006 -3.962332
v -1.891433 1.976006 -3.712149
v -2.448854 1.976006 -3.370561
v -2.945977 1.976006 -2.945978
v -3.370559 1.976006 -2.448855
v -3.712148 1.976006 -1.891434
v -3.962331 1.976006 -1.287439
v -4.114948 1.976006 -0.651743
v -4.166242 1.976006 0.000000
v -4.114948 1.976006 0.651744
v -3.962331 1.976006 1.287440
v -3.712148 1.976006 1.891435
v -3.370559 1.976006 2.448855
v -2.945977 1.976006 2.945979
v -2.448854 1.976006 3.370561
v -1.891433 1.976006 3.712149
v -1.287439 1.976006 3.962333
v -0.651743 1.976006 4.114950
v 0.000001 1.976006 4.166243
v 0.651744 1.976006 4.114950
v 1.287440 1.976006 3.962333
v 1.891435 1.976006 3.712150
v 2.448855 1.976006 3.370562
v 2.945979 1.976006 2.945979
v 3.370561 1.976006 2.448856
v 3.712149 1.976006 1.891435
v 3.962332 1.976006 1.287440
v 4.114949 1.976006 0.651745
v 4.166242 1.976006 0.000001
v 4.378010 2.313854 -0.693406
v 4.215637 2.313854 -1.369741
v 3.949461 2.313854 -2.012348
v 3.586037 2.313854 -2.605404
v 3.134311 2.313854 -3.134306
v 2.605409 2.313854 -3.586032
v 2.012352 2.313854 -3.949457
v 1.369745 2.313854 -4.215634
v 0.693411 2.313854 -4.378008
v 0.000002 2.313854 -4.432581
v -0.693406 2.313854 -4.378008
v -1.369741 2.313854 -4.215634
v -2.012347 2.313854 -3.949458
v -2.605404 2.313854 -3.586033
v -3.134306 2.313854 -3.134307
v -3.586032 2.313854 -2.605405
v -3.949457 2.313854 -2.012350
v -4.215633 2.313854 -1.369742
v -4.378007 2.313854 -0.693408
v -4.432580 2.313854 0.000000
v -4.378007 2.313854 0.693408
v -4.215633 2.313854 1.369743
v -3.949457 2.313854 2.012349
v -3.586032 2.313854 2.605406
v -3.134307 2.313854 3.134307
v -2.605405 2.313854 3.586033
v -2.012348 2.313854 3.949458
v -1.369742 2.313854 4.215636
v -0.693407 2.313854 4.378009
v 0.000001 2.313854 4.432581
v 0.693409 2.313854 4.378009
v 1.369743 2.313854 4.215636
v 2.012349 2.313854 3.949458
v 2.605406 2.313854 3.586034
v 3.134307 2.313854 3.134308
v 3.586033 2.313854 2.605406
v 3.949458 2.313854 2.012351
v 4.215634 2.313854 1.369743
v 4.378008 2.313854 0.693409
v 4.432580 2.313854 0.000001
v 4.614078 2.671558 -0.730796
v 4.442949 2.671558 -1.443600
v 4.162421 2.671558 -2.120856
v 3.779398 2.671558 -2.745891
v 3.303316 2.671558 -3.303313
v 2.745894 2.671558 -3.779396
v 2.120860 2.671558 -4.162417
v 1.443603 2.671558 -4.442945
v 0.730800 2.671558 -4.614076
v 0.000002 2.671558 -4.671591
v -0.730796 2.671558 -4.614076
v -1.443599 2.671558 -4.442946
v -2.120856 2.671558 -4.162417
v -2.745891 2.671558 -3.779397
v -3.303312 2.671558 -3.303314
v -3.779395 2.671558 -2.745892
v -4.162416 2.671558 -2.120857
v -4.442945 2.671558 -1.443601
v -4.614075 2.671558 -0.730798
v -4.671590 2.671558 0.000000
v -4.614075 2.671558 0.730798
v -4.442945 2.671558 1.443601
v -4.162417 2.671558 2.120858
v -3.779396 2.671558 2.745892
v -3.303313 2.671558 3.303314
v -2.745891 2.671558 3.779397
v -2.120857 2.671558 4.162418
v -1.443601 2.671558 4.442946
v -0.730797 2.671558 4.614076
v 0.000001 2.671558 4.671591
v 0.730798 2.671558 4.614076
v 1.443602 2.671558 4.442946
v 2.120858 2.671558 4.162418
v 2.745892 2.671558 3.779397
v 3.303314 2.671558 3.303314
v 3.779397 2.671558 2.745892
v 4.162417 2.671558 2.120858
v 4.442945 2.671558 1.443602
v 4.614075 2.671558 0.730799
v 4.671590 2.671558 0.000001
v 4.821698 3.046912 -0.763679
v 4.642869 3.046912 -1.508557
v 4.349718 3.046912 -2.216289
v 3.949462 3.046912 -2.869449
v 3.451956 3.046912 -3.451953
v 2.869452 3.046912 -3.949457
v 2.216293 3.046912 -4.349715
v 1.508561 3.046912 -4.642866
v 0.763684 3.046912 -4.821696
v 0.000002 3.046912 -4.881800
v -0.763679 3.046912 -4.821696
v -1.508557 3.046912 -4.642867
v -2.216289 3.046912 -4.349715
v -2.869448 3.046912 -3.949458
v -3.451952 3.046912 -3.451954
v -3.949457 3.046912 -2.869450
v -4.349713 3.046912 -2.216290
v -4.642866 3.046912 -1.508559
v -4.821695 3.046912 -0.763682
v -4.881799 3.046912 0.000000
v -4.821695 3.046912 0.763682
v -4.642866 3.046912 1.508559
v -4.349713 3.046912 2.216291
v -3.949457 3.046912 2.869450
v -3.451953 3.046912 3.451952
v -2.869449 3.046912 3.949458
v -2.216290 3.046912 4.349716
v -1.508559 3.046912 4.642867
v -0.763680 3.046912 4.821697
v 0.000001 3.046912 4.881799
v 0.763682 3.046912 4.821697
v 1.508559 3.046912 4.642867
v 2.216291 3.046912 4.349716
v 2.869450 3.046912 3.949460
v 3.451952 3.046912 3.451954
v 3.949458 3.046912 2.869450
v 4.349715 3.046912 2.216291
v 4.642867 3.046912 1.508559
v 4.821696 3.046912 0.763682
v 4.881798 3.046912 0.000001
v 4.999591 3.437602 -0.791855
v 4.814164 3.437602 -1.564214
v 4.510197 3.437602 -2.298057
v 4.095174 3.437602 -2.975315
v 3.579314 3.437602 -3.579309
v 2.975319 3.437602 -4.095170
v 2.298061 3.437602 -4.510193
v 1.564218 3.437602 -4.814161
v 0.791860 3.437602 -4.999588
v 0.000002 3.437602 -5.061910
v -0.791855 3.437602 -4.999588
v -1.564214 3.437602 -4.814162
v -2.298057 3.437602 -4.510193
v -2.975314 3.437602 -4.095170
v -3.579308 3.437602 -3.579310
v -4.095170 3.437602 -2.975315
v -4.510192 3.437602 -2.298059
v -4.814161 3.437602 -1.564216
v -4.999587 3.437602 -0.791857
v -5.061908 3.437602 0.000000
v -4.999587 3.437602 0.791858
v -4.814161 3.437602 1.564216
v -4.510192 3.437602 2.298059
v -4.095170 3.437602 2.975316
v -3.579309 3.437602 3.579310
v -2.975315 3.437602 4.095170
v -2.298058 3.437602 4.510194
v -1.564216 3.437602 4.814162
v -0.791857 3.437602 4.999590
v 0.000001 3.437602 5.061910
v 0.791858 3.437602 4.999590
v 1.564216 3.437602 4.814162
v 2.298059 3.437602 4.510194
v 2.975316 3.437602 4.095172
v 3.579310 3.437602 3.579310
v 4.095170 3.437602 2.975316
v 4.510193 3.437602 2.298059
v 4.814161 3.437602 1.564217
v 4.999588 3.437602 0.791858
v 5.061908 3.437602 0.000001
v 5.146660 3.841218 -0.815148
v 4.955778 3.841218 -1.610227
v 4.642869 3.841218 -2.365658
v 4.215637 3.841218 -3.062836
v 3.684603 3.841218 -3.684598
v 3.062840 3.841218 -4.215633
v 2.365662 3.841218 -4.642866
v 1.610232 3.841218 -4.955775
v 0.815153 3.841218 -5.146657
v 0.000002 3.841218 -5.210812
v -0.815148 3.841218 -5.146657
v -1.610227 3.841218 -4.955775
v -2.365656 3.841218 -4.642866
v -3.062836 3.841218 -4.215634
v -3.684598 3.841218 -3.684599
v -4.215633 3.841218 -3.062838
v -4.642865 3.841218 -2.365658
v -4.955774 3.841218 -1.610229
v -5.146656 3.841218 -0.815150
v -5.210810 3.841218 0.000000
v -5.146656 3.841218 0.815151
v -4.955774 3.841218 1.610229
v -4.642866 3.841218 2.365658
v -4.215633 3.841218 3.062838
v -3.684598 3.841218 3.684599
v -3.062838 3.841218 4.215634
v -2.365658 3.841218 4.642867
v -1.610228 3.841218 4.955776
v -0.815150 3.841218 5.146658
v 0.000001 3.841218 5.210811
v 0.815151 3.841218 5.146658
v 1.610229 3.841218 4.955776
v 2.365658 3.841218 4.642867
v 3.062838 3.841218 4.215636
v 3.684599 3.841218 3.684601
v 4.215634 3.841218 3.062839
v 4.642867 3.841218 2.365660
v 4.955775 3.841218 1.610229
v 5.146657 3.841218 0.815151
v 5.210810 3.841218 0.000001
v 5.261998 4.255273 -0.833416
v 5.066838 4.255273 -1.646313
v 4.746917 4.255273 -2.418672
v 4.310110 4.255273 -3.131475
v 3.767175 4.255273 -3.767171
v 3.131480 4.255273 -4.310107
v 2.418676 4.255273 -4.746914
v 1.646317 4.255273 -5.066835
v 0.833420 4.255273 -5.261994
v 0.000002 4.255273 -5.327587
v -0.833416 4.255273 -5.261994
v -1.646313 4.255273 -5.066836
v -2.418672 4.255273 -4.746915
v -3.131475 4.255273 -4.310108
v -3.767171 4.255273 -3.767173
v -4.310106 4.255273 -3.131477
v -4.746912 4.255273 -2.418673
v -5.066835 4.255273 -1.646315
v -5.261993 4.255273 -0.833418
v -5.327586 4.255273 0.000000
v -5.261993 4.255273 0.833418
v -5.066835 4.255273 1.646315
v -4.746914 4.255273 2.418674
v -4.310107 4.255273 3.131477
v -3.767172 4.255273 3.767172
v -3.131476 4.255273 4.310108
v -2.418673 4.255273 4.746915
v -1.646314 4.255273 5.066836
v -0.833418 4.255273 5.261995
v 0.000000 4.255273 5.327587
v 0.833419 4.255273 5.261995
v 1.646315 4.255273 5.066836
v 2.418674 4.255273 4.746915
v 3.131477 4.255273 4.310108
v 3.767172 4.255273 3.767173
v 4.310107 4.255273 3.131477
v 4.746914 4.255273 2.418674
v 5.066835 4.255273 1.646315
v 5.261993 4.255273 0.833419
v 5.327585 4.255273 0.000001
v 5.344893 4.677213 -0.846546
v 5.146660 4.677213 -1.672248
v 4.821698 4.677213 -2.456775
v 4.378011 4.677213 -3.180808
v 3.826522 4.677213 -3.826518
v 3.180811 4.677213 -4.378008
v 2.456779 4.677213 -4.821696
v 1.672253 4.677213 -5.146657
v 0.846550 4.677213 -5.344892
v 0.000002 4.677213 -5.411516
v -0.846546 4.677213 -5.344892
v -1.672248 4.677213 -5.146658
v -2.456775 4.677213 -4.821696
v -3.180808 4.677213 -4.378008
v -3.826518 4.677213 -3.826520
v -4.378007 4.677213 -3.180809
v -4.821695 4.677213 -2.456777
v -5.146657 4.677213 -1.672250
v -5.344891 4.677213 -0.846548
v -5.411515 4.677213 0.000000
v -5.344891 4.677213 0.846548
v -5.146657 4.677213 1.672250
v -4.821695 4.677213 2.456777
v -4.378008 4.677213 3.180809
v -3.826519 4.677213 3.826519
v -3.180809 4.677213 4.378008
v -2.456776 4.677213 4.821696
v -1.672250 4.677213 5.146658
v -0.846547 4.677213 5.344892
v 0.000000 4.677213 5.411516
v 0.846548 4.677213 5.344892
v 1.672250 4.677213 5.146658
v 2.456777 4.677213 4.821697
v 3.180809 4.677213 4.378009
v 3.826519 4.677213 3.826520
v 4.378008 4.677213 3.180809
v 4.821696 4.677213 2.456777
v 5.146657 4.677213 1.672251
v 5.344891 4.677213 0.846549
v 5.411515 4.677213 0.000001
v 5.394836 5.104439 -0.854455
v 5.194750 5.104439 -1.687874
v 4.866753 5.104439 -2.479731
v 4.418920 5.104439 -3.210530
v 3.862277 5.104439 -3.862274
v 3.210533 5.104439 -4.418915
v 2.479736 5.104439 -4.866749
v 1.687878 5.104439 -5.194747
v 0.854460 5.104439 -5.394834
v 0.000002 5.104439 -5.462081
v -0.854455 5.104439 -5.394834
v -1.687874 5.104439 -5.194747
v -2.479731 5.104439 -4.866750
v -3.210529 5.104439 -4.418917
v -3.862273 5.104439 -3.862275
v -4.418915 5.104439 -3.210531
v -4.866749 5.104439 -2.479733
v -5.194746 5.104439 -1.687875
v -5.394833 5.104439 -0.854457
v -5.462080 5.104439 0.000000
v -5.394833 5.104439 0.854458
v -5.194746 5.104439 1.687876
v -4.866749 5.104439 2.479733
v -4.418915 5.104439 3.210531
v -3.862274 5.104439 3.862274
v -3.210530 5.104439 4.418917
v -2.479732 5.104439 4.866750
v -1.687875 5.104439 5.194748
v -0.854457 5.104439 5.394835
v 0.000000 5.104439 5.462081
v 0.854458 5.104439 5.394835
v 1.687876 5.104439 5.194748
v 2.479733 5.104439 4.866750
v 3.210531 5.104439 4.418918
v 3.862274 5.104439 3.862275
v 4.418917 5.104439 3.210531
v 4.866749 5.104439 2.479733
v 5.194747 5.104439 1.687876
v 5.394832 5.104439 0.854458
v 5.462080 5.104439 0.000001
v 5.411518 5.534311 -0.857098
v 5.210814 5.534311 -1.693093
v 4.881802 5.534311 -2.487399
v 4.432583 5.534311 -3.220457
v 3.874220 5.534311 -3.874216
v 3.220461 5.534311 -4.432580
v 2.487403 5.534311 -4.881799
v 1.693098 5.534311 -5.210810
v 0.857103 5.534311 -5.411516
v 0.000002 5.534311 -5.478971
v -0.857098 5.534311 -5.411516
v -1.693093 5.534311 -5.210810
v -2.487399 5.534311 -4.881799
v -3.220457 5.534311 -4.432581
v -3.874216 5.534311 -3.874218
v -4.432578 5.534311 -3.220459
v -4.881797 5.534311 -2.487400
v -5.210809 5.534311 -1.693095
v -5.411515 5.534311 -0.857100
v -5.478970 5.534311 0.000000
v -5.411515 5.534311 0.857100
v -5.210809 5.534311 1.693095
v -4.881797 5.534311 2.487401
v -4.432580 5.534311 3.220458
v -3.874217 5.534311 3.874217
v -3.220458 5.534311 4.432580
v -2.487400 5.534311 4.881798
v -1.693094 5.534311 5.210811
v -0.857099 5.534311 5.411516
v 0.000000 5.534311 5.478971
v 0.857100 5.534311 5.411516
v 1.693095 5.534311 5.210811
v 2.487401 5.534311 4.881799
v 3.220458 5.534311 4.432581
v 3.874217 5.534311 3.874218
v 4.432580 5.534311 3.220459
v 4.881798 5.534311 2.487401
v 5.210810 5.534311 1.693095
v 5.411515 5.534311 0.857100
v 5.478970 5.534311 0.000001
v 5.394836 5.964183 -0.854455
v 5.194750 5.964183 -1.687874
v 4.866753 5.964183 -2.479731
v 4.418920 5.964183 -3.210530
v 3.862277 5.964183 -3.862274
v 3.210533 5.964183 -4.418915
v 2.479736 5.964183 -4.866749
v 1.687878 5.964183 -5.194747
v 0.854460 5.964183 -5.394834
v 0.000002 5.964183 -5.462081
v -0.854455 5.964183 -5.394834
v -1.687874 5.964183 -5.194747
v -2.479731 5.964183 -4.866750
v -3.210529 5.964183 -4.418917
v -3.862273 5.964183 -3.862275
v -4.418915 5.964183 -3.210531
v -4.866749 5.964183 -2.479733
v -5.194746 5.964183 -1.687875
v -5.394833 5.964183 -0.854457
v -5.462080 5.964183 0.000000
v -5.394833 5.964183 0.854458
v -5.194746 5.964183 1.687876
v -4.866749 5.964183 2.479733
v -4.418915 5.964183 3.210531
v -3.862274 5.964183 3.862274
v -3.210530 5.964183 4.418917
v -2.479732 5.964183 4.866750
v -1.687875 5.964183 5.194748
v -0.854457 5.964183 5.394835
v 0.000000 5.964183 5.462081
v 0.854458 5.964183 5.394835
v 1.687876 5.964183 5.194748
v 2.479733 5.964183 4.866750
v 3.210531 5.964183 4.418918
v 3.862274 5.964183 3.862275
v 4.418917 5.964183 3.210531
v 4.866749 5.964183 2.479733
v 5.194747 5.964183 1.687876
v 5.394832 5.964183 0.854458
v 5.462080 5.964183 0.000001
v 5.344893 6.391408 -0.846546
v 5.146660 6.391408 -1.672248
v 4.821698 6.391408 -2.456775
v 4.378011 6.391408 -3.180808
v 3.826522 6.391408 -3.826518
v 3.180811 6.391408 -4.378008
v 2.456779 6.391408 -4.821696
v 1.672253 6.391408 -5.146657
v 0.846550 6.391408 -5.344892
v 0.000002 6.391408 -5.411516
v -0.846546 6.391408 -5.344892
v -1.672248 6.391408 -5.146658
v -2.456775 6.391408 -4.821696
v -3.180808 6.391408 -4.378008
v -3.826518 6.391408 -3.826520
v -4.378007 6.391408 -3.180809
v -4.821695 6.391408 -2.456777
v -5.146657 6.391408 -1.672250
v -5.344891 6.391408 -0.846548
v -5.411515 6.391408 0.000000
v -5.344891 6.391408 0.846548
v -5.146657 6.391408 1.672250
v -4.821695 6.391408 2.456777
v -4.378008 6.391408 3.180809
v -3.826519 6.391408 3.826519
v -3.180809 6.391408 4.378008
v -2.456776 6.391408 4.821696
v -1.672250 6.391408 5.146658
v -0.846547 6.391408 5.344892
v 0.000000 6.391408 5.411516
v 0.846548 6.391408 5.344892
v 1.672250 6.391408 5.146658
v 2.456777 6.391408 4.821697
v 3.180809 6.391408 4.378009
v 3.826519 6.391408 3.826520
v 4.378008 6.391408 3.180809
v 4.821696 6.391408 2.456777
v 5.146657 6.391408 1.672251
v 5.344891 6.391408 0.846549
v 5.411515 6.391408 0.000001
v 5.261998 6.813348 -0.833416
v 5.066838 6.813348 -1.646313
v 4.746917 6.813348 -2.418672
v 4.310110 6.813348 -3.131475
v 3.767175 6.813348 -3.767171
v 3.131480 6.813348 -4.310107
v 2.418676 6.813348 -4.746914
v 1.646317 6.813348 -5.066835
v 0.833420 6.813348 -5.261994
v 0.000002 6.813348 -5.327587
v -0.833416 6.813348 -5.261994
v -1.646313 6.813348 -5.066836
v -2.418672 6.813348 -4.746915
v -3.131475 6.813348 -4.310108
v -3.767171 6.813348 -3.767173
v -4.310106 6.813348 -3.131477
v -4.746912 6.813348 -2.418673
v -5.066835 6.813348 -1.646315
v -5.261993 6.813348 -0.833418
v -5.327586 6.813348 0.000000
v -5.261993 6.813348 0.833418
v -5.066835 6.813348 1.646315
v -4.746914 6.813348 2.418674
v -4.310107 6.813348 3.131477
v -3.767172 6.813348 3.767172
v -3.131476 6.813348 4.310108
v -2.418673 6.813348 4.746915
v -1.646314 6.813348 5.066836
v -0.833418 6.813348 5.261995
v 0.000000 6.813348 5.327587
v 0.833419 6.813348 5.261995
v 1.646315 6.813348 5.066836
v 2.418674 6.813348 4.746915
v 3.131477 6.813348 4.310108
v 3.767172 6.813348 3.767173
v 4.310107 6.813348 3.131477
v 4.746914 6.813348 2.418674
v 5.066835 6.813348 1.646315
v 5.261993 6.813348 0.833419
v 5.327585 6.813348 0.000001
v 5.146660 7.227403 -0.815148
v 4.955778 7.227403 -1.610227
v 4.642869 7.227403 -2.365658
v 4.215637 7.227403 -3.062836
v 3.684603 7.227403 -3.684598
v 3.062840 7.227403 -4.215633
v 2.365662 7.227403 -4.642866
v 1.610232 7.227403 -4.955775
v 0.815153 7.227403 -5.146657
v 0.000002 7.227403 -5.210812
v -0.815148 7.227403 -5.146657
v -1.610227 7.227403 -4.955775
v -2.365656 7.227403 -4.642866
v -3.062836 7.227403 -4.215634
v -3.684598 7.227403 -3.684599
v -4.215633 7.227403 -3.062838
v -4.642865 7.227403 -2.365658
v -4.955774 7.227403 -1.610229
v -5.146656 7.227403 -0.815150
v -5.210810 7.227403 0.000000
v -5.146656 7.227403 0.815151
v -4.955774 7.227403 1.610229
v -4.642866 7.227403 2.365658
v -4.215633 7.227403 3.062838
v -3.684598 7.227403 3.684599
v -3.062838 7.227403 4.215634
v -2.365658 7.227403 4.642867
v -1.610228 7.227403 4.955776
v -0.815150 7.227403 5.146658
v 0.000001 7.227403 5.210811
v 0.815151 7.227403 5.146658
v 1.610229 7.227403 4.955776
v 2.365658 7.227403 4.642867
v 3.062838 7.227403 4.215636
v 3.684599 7.227403 3.684601
v 4.215634 7.227403 3.062839
v 4.642867 7.227403 2.365660
v 4.955775 7.227403 1.610229
v 5.146657 7.227403 0.815151
v 5.210810 7.227403 0.000001
v 4.999591 7.631019 -0.791855
v 4.814164 7.631019 -1.564214
v 4.510197 7.631019 -2.298057
v 4.095174 7.631019 -2.975315
v 3.579314 7.631019 -3.579309
v 2.975319 7.631019 -4.095170
v 2.298061 7.631019 -4.510193
v 1.564218 7.631019 -4.814161
v 0.791860 7.631019 -4.999588
v 0.000002 7.631019 -5.061910
v -0.791855 7.631019 -4.999588
v -1.564214 7.631019 -4.814162
v -2.298057 7.631019 -4.510193
v -2.975314 7.631019 -4.095170
v -3.579308 7.631019 -3.579310
v -4.095170 7.631019 -2.975315
v -4.510192 7.631019 -2.298059
v -4.814161 7.631019 -1.564216
v -4.999587 7.631019 -0.791857
v -5.061908 7.631019 0.000000
v -4.999587 7.631019 0.791858
v -4.814161 7.631019 1.564216
v -4.510192 7.631019 2.298059
v -4.095170 7.631019 2.975316
v -3.579309 7.631019 3.579310
v -2.975315 7.631019 4.095170
v -2.298058 7.631019 4.510194
v -1.564216 7.631019 4.814162
v -0.791857 7.631019 4.999590
v 0.000001 7.631019 5.061910
v 0.791858 7.631019 4.999590
v 1.564216 7.631019 4.814162
v 2.298059 7.631019 4.510194
v 2.975316 7.631019 4.095172
v 3.579310 7.631019 3.579310
v 4.095170 7.631019 2.975316
v 4.510193 7.631019 2.298059
v 4.814161 7.631019 1.564217
v 4.999588 7.631019 0.791858
v 5.061908 7.631019 0.000001
v 4.821698 8.021710 -0.763679
v 4.642869 8.021710 -1.508557
v 4.349718 8.021710 -2.216289
v 3.949462 8.021710 -2.869449
v 3.451956 8.021710 -3.451953
v 2.869452 8.021710 -3.949457
v 2.216293 8.021710 -4.349715
v 1.508561 8.021710 -4.642866
v 0.763684 8.021710 -4.821696
v 0.000002 8.021710 -4.881800
v -0.763679 8.021710 -4.821696
v -1.508557 8.021710 -4.642867
v -2.216289 8.021710 -4.349715
v -2.869448 8.021710 -3.949458
v -3.451952 8.021710 -3.451954
v -3.949457 8.021710 -2.869450
v -4.349713 8.021710 -2.216290
v -4.642866 8.021710 -1.508559
v -4.821695 8.021710 -0.763682
v -4.881799 8.021710 0.000000
v -4.821695 8.021710 0.763682
v -4.642866 8.021710 1.508559
v -4.349713 8.021710 2.216291
v -3.949457 8.021710 2.869450
v -3.451953 8.021710 3.451952
v -2.869449 8.021710 3.949458
v -2.216290 8.021710 4.349716
v -1.508559 8.021710 4.642867
v -0.763680 8.021710 4.821697
v 0.000001 8.021710 4.881799
v 0.763682 8.021710 4.821697
v 1.508559 8.021710 4.642867
v 2.216291 8.021710 4.349716
v 2.869450 8.021710 3.949460
v 3.451952 8.021710 3.451954
v 3.949458 8.021710 2.869450
v 4.349715 8.021710 2.216291
v 4.642867 8.021710 1.508559
v 4.821696 8.021710 0.763682
v 4.881798 8.021710 0.000001
v 4.614078 8.397063 -0.730796
v 4.442949 8.397063 -1.443600
v 4.162421 8.397063 -2.120856
v 3.779398 8.397063 -2.745891
v 3.303316 8.397063 -3.303313
v 2.745894 8.397063 -3.779396
v 2.120860 8.397063 -4.162417
v 1.443603 8.397063 -4.442945
v 0.730800 8.397063 -4.614076
v 0.000002 8.397063 -4.671591
v -0.730796 8.397063 -4.614076
v -1.443599 8.397063 -4.442946
v -2.120856 8.397063 -4.162417
v -2.745891 8.397063 -3.779397
v -3.303312 8.397063 -3.303314
v -3.779395 8.397063 -2.745892
v -4.162416 8.397063 -2.120857
v -4.442945 8.397063 -1.443601
v -4.614075 8.397063 -0.730798
v -4.671590 8.397063 0.000000
v -4.614075 8.397063 0.730798
v -4.442945 8.397063 1.443601
v -4.162417 8.397063 2.120858
v -3.779396 8.397063 2.745892
v -3.303313 8.397063 3.303314
v -2.745891 8.397063 3.779397
v -2.120857 8.397063 4.162418
v -1.443601 8.397063 4.442946
v -0.730797 8.397063 4.614076
v 0.000001 8.397063 4.671591
v 0.730798 8.397063 4.614076
v 1.443602 8.397063 4.442946
v 2.120858 8.397063 4.162418
v 2.745892 8.397063 3.779397
v 3.303314 8.397063 3.303314
v 3.779397 8.397063 2.745892
v 4.162417 8.397063 2.120858
v 4.442945 8.397063 1.443602
v 4.614075 8.397063 0.730799
v 4.671590 8.397063 0.000001
v 4.378010 8.754768 -0.693406
v 4.215637 8.754768 -1.369741
v 3.949461 8.754768 -2.012348
v 3.586037 8.754768 -2.605404
v 3.134311 8.754768 -3.134306
v 2.605409 8.754768 -3.586032
v 2.012352 8.754768 -3.949457
v 1.369745 8.754768 -4.215634
v 0.693411 8.754768 -4.378008
v 0.000002 8.754768 -4.432581
v -0.693406 8.754768 -4.378008
v -1.369741 8.754768 -4.215634
v -2.012347 8.754768 -3.949458
v -2.605404 8.754768 -3.586033
v -3.134306 8.754768 -3.134307
v -3.586032 8.754768 -2.605405
v -3.949457 8.754768 -2.012350
v -4.215633 8.754768 -1.369742
v -4.378007 8.754768 -0.693408
v -4.432580 8.754768 0.000000
v -4.378007 8.754768 0.693408
v -4.215633 8.754768 1.369743
v -3.949457 8.754768 2.012349
v -3.586032 8.754768 2.605406
v -3.134307 8.754768 3.134307
v -2.605405 8.754768 3.586033
v -2.012348 8.754768 3.949458
v -1.369742 8.754768 4.215636
v -0.693407 8.754768 4.378009
v 0.000001 8.754768 4.432581
v 0.693409 8.754768 4.378009
v 1.369743 8.754768 4.215636
v 2.012349 8.754768 3.949458
v 2.605406 8.754768 3.586034
v 3.134307 8.754768 3.134308
v 3.586033 8.754768 2.605406
v 3.949458 8.754768 2.012351
v 4.215634 8.754768 1.369743
v 4.378008 8.754768 0.693409
v 4.432580 8.754768 0.000001
v 4.114951 9.092616 -0.651742
v 3.962334 9.092616 -1.287438
v 3.712151 9.092616 -1.891433
v 3.370563 9.092616 -2.448854
v 2.945981 9.092616 -2.945977
v 2.448857 9.092616 -3.370559
v 1.891437 9.092616 -3.712148
v 1.287441 9.092616 -3.962331
v 0.651746 9.092616 -4.114949
v 0.000002 9.092616 -4.166242
v -0.651742 9.092616 -4.114949
v -1.287438 9.092616 -3.962332
v -1.891433 9.092616 -3.712149
v -2.448854 9.092616 -3.370561
v -2.945977 9.092616 -2.945978
v -3.370559 9.092616 -2.448855
v -3.712148 9.092616 -1.891434
v -3.962331 9.092616 -1.287439
v -4.114948 9.092616 -0.651743
v -4.166242 9.092616 0.000000
v -4.114948 9.092616 0.651744
v -3.962331 9.092616 1.287440
v -3.712148 9.092616 1.891435
v -3.370559 9.092616 2.448855
v -2.945977 9.092616 2.945979
v -2.448854 9.092616 3.370561
v -1.891433 9.092616 3.712149
v -1.287439 9.092616 3.962333
v -0.651743 9.092616 4.114950
v 0.000001 9.092616 4.166243
v 0.651744 9.092616 4.114950
v 1.287440 9.092616 3.962333
v 1.891435 9.092616 3.712150
v 2.448855 9.092616 3.370562
v 2.945979 9.092616 2.945979
v 3.370561 9.092616 2.448856
v 3.712149 9.092616 1.891435
v 3.962332 9.092616 1.287440
v 4.114949 9.092616 0.651745
v 4.166242 9.092616 0.000001
v 3.826521 9.408526 -0.606060
v 3.684602 9.408526 -1.197197
v 3.451955 9.408526 -1.758856
v 3.134311 9.408526 -2.277206
v 2.739488 9.408526 -2.739484
v 2.277210 9.408526 -3.134306
v 1.758861 9.408526 -3.451953
v 1.197202 9.408526 -3.684598
v 0.606064 9.408526 -3.826519
v 0.000002 9.408526 -3.874217
v -0.606060 9.408526 -3.826519
v -1.197197 9.408526 -3.684599
v -1.758856 9.408526 -3.451953
v -2.277206 9.408526 -3.134307
v -2.739484 9.408526 -2.739485
v -3.134306 9.408526 -2.277207
v -3.451952 9.408526 -1.758857
v -3.684598 9.408526 -1.197198
v -3.826518 9.408526 -0.606061
v -3.874216 9.408526 0.000000
v -3.826518 9.408526 0.606062
v -3.684598 9.408526 1.197200
v -3.451952 9.408526 1.758858
v -3.134306 9.408526 2.277208
v -2.739484 9.408526 2.739485
v -2.277207 9.408526 3.134308
v -1.758857 9.408526 3.451954
v -1.197198 9.408526 3.684601
v -0.606061 9.408526 3.826520
v 0.000001 9.408526 3.874218
v 0.606062 9.408526 3.826520
v 1.197200 9.408526 3.684601
v 1.758858 9.408526 3.451954
v 2.277208 9.408526 3.134308
v 2.739485 9.408526 2.739486
v 3.134307 9.408526 2.277208
v 3.451952 9.408526 1.758858
v 3.684599 9.408526 1.197200
v 3.826519 9.408526 0.606062
v 3.874217 9.408526 0.000001
v 3.514501 9.700551 -0.556640
v 3.384152 9.700551 -1.099575
v 3.170477 9.700551 -1.615437
v 2.878733 9.700551 -2.091520
v 2.516106 9.700551 -2.516102
v 2.091522 9.700551 -2.878730
v 1.615440 9.700551 -3.170474
v 1.099579 9.700551 -3.384151
v 0.556643 9.700551 -3.514497
v 0.000002 9.700551 -3.558306
v -0.556640 9.700551 -3.514497
v -1.099575 9.700551 -3.384151
v -1.615436 9.700551 -3.170474
v -2.091518 9.700551 -2.878730
v -2.516101 9.700551 -2.516104
v -2.878730 9.700551 -2.091521
v -3.170473 9.700551 -1.615438
v -3.384150 9.700551 -1.099577
v -3.514497 9.700551 -0.556641
v -3.558306 9.700551 0.000000
v -3.514497 9.700551 0.556642
v -3.384150 9.700551 1.099577
v -3.170474 9.700551 1.615438
v -2.878730 9.700551 2.091520
v -2.516102 9.700551 2.516103
v -2.091520 9.700551 2.878731
v -1.615437 9.700551 3.170475
v -1.099577 9.700551 3.384152
v -0.556641 9.700551 3.514500
v 0.000001 9.700551 3.558307
v 0.556642 9.700551 3.514500
v 1.099577 9.700551 3.384152
v 1.615438 9.700551 3.170475
v 2.091520 9.700551 2.878732
v 2.516103 9.700551 2.516103
v 2.878731 9.700551 2.091520
v 3.170475 9.700551 1.615439
v 3.384151 9.700551 1.099578
v 3.514498 9.700551 0.556642
v 3.558307 9.700551 0.000001
v 3.180811 9.966889 -0.503789
v 3.062840 9.966889 -0.995175
v 2.869451 9.966889 -1.462056
v 2.605407 9.966889 -1.892936
v 2.277210 9.966889 -2.277206
v 1.892940 9.966889 -2.605404
v 1.462059 9.966889 -2.869449
v 0.995178 9.966889 -3.062836
v 0.503792 9.966889 -3.180809
v 0.000002 9.966889 -3.220458
v -0.503789 9.966889 -3.180809
v -0.995175 9.966889 -3.062838
v -1.462056 9.966889 -2.869449
v -1.892936 9.966889 -2.605405
v -2.277206 9.966889 -2.277207
v -2.605404 9.966889 -1.892937
v -2.869448 9.966889 -1.462057
v -3.062836 9.966889 -0.995176
v -3.180808 9.966889 -0.503790
v -3.220457 9.966889 0.000001
v -3.180808 9.966889 0.503791
v -3.062836 9.966889 0.995177
v -2.869448 9.966889 1.462058
v -2.605404 9.966889 1.892938
v -2.277207 9.966889 2.277208
v -1.892936 9.966889 2.605406
v -1.462056 9.966889 2.869450
v -0.995176 9.966889 3.062839
v -0.503790 9.966889 3.180809
v 0.000001 9.966889 3.220459
v 0.503791 9.966889 3.180809
v 0.995177 9.966889 3.062839
v 1.462058 9.966889 2.869450
v 1.892938 9.966889 2.605406
v 2.277208 9.966889 2.277208
v 2.605405 9.966889 1.892938
v 2.869450 9.966889 1.462058
v 3.062838 9.966889 0.995177
v 3.180809 9.966889 0.503791
v 3.220458 9.966889 0.000001
v 2.827510 10.205899 -0.447832
v 2.722643 10.205899 -0.884639
v 2.550735 10.205899 -1.299662
v 2.316019 10.205899 -1.682683
v 2.024275 10.205899 -2.024272
v 1.682686 10.205899 -2.316016
v 1.299665 10.205899 -2.550732
v 0.884642 10.205899 -2.722641
v 0.447835 10.205899 -2.827508
v 0.000002 10.205899 -2.862753
v -0.447832 10.205899 -2.827508
v -0.884639 10.205899 -2.722641
v -1.299662 10.205899 -2.550732
v -1.682683 10.205899 -2.316017
v -2.024272 10.205899 -2.024273
v -2.316016 10.205899 -1.682684
v -2.550732 10.205899 -1.299663
v -2.722640 10.205899 -0.884639
v -2.827508 10.205899 -0.447834
v -2.862753 10.205899 0.000001
v -2.827508 10.205899 0.447834
v -2.722640 10.205899 0.884641
v -2.550732 10.205899 1.299664
v -2.316016 10.205899 1.682685
v -2.024272 10.205899 2.024273
v -1.682684 10.205899 2.316017
v -1.299663 10.205899 2.550734
v -0.884639 10.205899 2.722642
v -0.447832 10.205899 2.827509
v 0.000001 10.205899 2.862755
v 0.447834 10.205899 2.827509
v 0.884641 10.205899 2.722642
v 1.299664 10.205899 2.550734
v 1.682685 10.205899 2.316018
v 2.024273 10.205899 2.024274
v 2.316017 10.205899 1.682685
v 2.550733 10.205899 1.299664
v 2.722641 10.205899 0.884641
v 2.827509 10.205899 0.447834
v 2.862754 10.205899 0.000001
v 2.456778 10.416108 -0.389113
v 2.365661 10.416108 -0.768648
v 2.216292 10.416108 -1.129255
v 2.012352 10.416108 -1.462056
v 1.758859 10.416108 -1.758856
v 1.462059 10.416108 -2.012348
v 1.129258 10.416108 -2.216289
v 0.768651 10.416108 -2.365658
v 0.389117 10.416108 -2.456776
v 0.000002 10.416108 -2.487400
v -0.389113 10.416108 -2.456776
v -0.768648 10.416108 -2.365658
v -1.129255 10.416108 -2.216290
v -1.462056 10.416108 -2.012348
v -1.758856 10.416108 -1.758857
v -2.012348 10.416108 -1.462057
v -2.216289 10.416108 -1.129256
v -2.365658 10.416108 -0.768649
v -2.456776 10.416108 -0.389114
v -2.487399 10.416108 0.000001
v -2.456776 10.416108 0.389116
v -2.365658 10.416108 0.768650
v -2.216289 10.416108 1.129257
v -2.012348 10.416108 1.462058
v -1.758857 10.416108 1.758858
v -1.462056 10.416108 2.012349
v -1.129255 10.416108 2.216291
v -0.768648 10.416108 2.365660
v -0.389114 10.416108 2.456777
v 0.000001 10.416108 2.487401
v 0.389116 10.416108 2.456777
v 0.768650 10.416108 2.365660
v 1.129257 10.416108 2.216291
v 1.462058 10.416108 2.012351
v 1.758858 10.416108 1.758858
v 2.012349 10.416108 1.462058
v 2.216291 10.416108 1.129257
v 2.365658 10.416108 0.768650
v 2.456777 10.416108 0.389116
v 2.487401 10.416108 0.000001
v 2.070899 10.596217 -0.327996
v 1.994092 10.596217 -0.647918
v 1.868186 10.596217 -0.951885
v 1.696276 10.596217 -1.232415
v 1.482601 10.596217 -1.482598
v 1.232419 10.596217 -1.696275
v 0.951889 10.596217 -1.868182
v 0.647921 10.596217 -1.994090
v 0.327999 10.596217 -2.070897
v 0.000001 10.596217 -2.096712
v -0.327996 10.596217 -2.070897
v -0.647918 10.596217 -1.994090
v -0.951885 10.596217 -1.868182
v -1.232415 10.596217 -1.696275
v -1.482598 10.596217 -1.482598
v -1.696275 10.596217 -1.232415
v -1.868182 10.596217 -0.951887
v -1.994090 10.596217 -0.647919
v -2.070897 10.596217 -0.327997
v -2.096710 10.596217 0.000001
v -2.070897 10.596217 0.327998
v -1.994090 10.596217 0.647920
v -1.868182 10.596217 0.951888
v -1.696275 10.596217 1.232417
v -1.482598 10.596217 1.482600
v -1.232415 10.596217 1.696275
v -0.951887 10.596217 1.868185
v -0.647919 10.596217 1.994092
v -0.327997 10.596217 2.070899
v 0.000001 10.596217 2.096713
v 0.327998 10.596217 2.070899
v 0.647920 10.596217 1.994092
v 0.951888 10.596217 1.868185
v 1.232417 10.596217 1.696276
v 1.482600 10.596217 1.482600
v 1.696275 10.596217 1.232417
v 1.868184 10.596217 0.951888
v 1.994092 10.596217 0.647921
v 2.070898 10.596217 0.327998
v 2.096711 10.596217 0.000001
v 1.672251 10.745120 -0.264857
v 1.610230 10.745120 -0.523193
v 1.508561 10.745120 -0.768648
v 1.369744 10.745120 -0.995175
v 1.197201 10.745120 -1.197198
v 0.995178 10.745120 -1.369742
v 0.768651 10.745120 -1.508557
v 0.523196 10.745120 -1.610228
v 0.264860 10.745120 -1.672249
v 0.000001 10.745120 -1.693094
v -0.264857 10.745120 -1.672249
v -0.523193 10.745120 -1.610228
v -0.768648 10.745120 -1.508559
v -0.995175 10.745120 -1.369742
v -1.197197 10.745120 -1.197198
v -1.369741 10.745120 -0.995176
v -1.508557 10.745120 -0.768648
v -1.610228 10.745120 -0.523194
v -1.672249 10.745120 -0.264858
v -1.693094 10.745120 0.000001
v -1.672249 10.745120 0.264859
v -1.610228 10.745120 0.523195
v -1.508557 10.745120 0.768650
v -1.369742 10.745120 0.995177
v -1.197198 10.745120 1.197200
v -0.995176 10.745120 1.369743
v -0.768648 10.745120 1.508559
v -0.523194 10.745120 1.610229
v -0.264858 10.745120 1.672251
v 0.000001 10.745120 1.693095
v 0.264859 10.745120 1.672251
v 0.523195 10.745120 1.610229
v 0.768650 10.745120 1.508559
v 0.995177 10.745120 1.369743
v 1.197200 10.745120 1.197200
v 1.369743 10.745120 0.995177
v 1.508559 10.745120 0.768650
v 1.610229 10.745120 0.523196
v 1.672250 10.745120 0.264860
v 1.693095 10.745120 0.000001
v 1.263294 10.861896 -0.200084
v 1.216442 10.861896 -0.395244
v 1.139635 10.861896 -0.580671
v 1.034767 10.861896 -0.751800
v 0.904420 10.861896 -0.904416
v 0.751802 10.861896 -1.034765
v 0.580674 10.861896 -1.139632
v 0.395246 10.861896 -1.216438
v 0.200087 10.861896 -1.263292
v 0.000001 10.861896 -1.279040
v -0.200084 10.861896 -1.263292
v -0.395244 10.861896 -1.216438
v -0.580671 10.861896 -1.139632
v -0.751800 10.861896 -1.034765
v -0.904416 10.861896 -0.904418
v -1.034765 10.861896 -0.751800
v -1.139632 10.861896 -0.580671
v -1.216438 10.861896 -0.395244
v -1.263292 10.861896 -0.200085
v -1.279039 10.861896 0.000001
v -1.263292 10.861896 0.200086
v -1.216438 10.861896 0.395246
v -1.139632 10.861896 0.580673
v -1.034765 10.861896 0.751802
v -0.904416 10.861896 0.904419
v -0.751800 10.861896 1.034767
v -0.580671 10.861896 1.139634
v -0.395244 10.861896 1.216441
v -0.200085 10.861896 1.263294
v 0.000001 10.861896 1.279041
v 0.200086 10.861896 1.263294
v 0.395246 10.861896 1.216441
v 0.580673 10.861896 1.139634
v 0.751802 10.861896 1.034767
v 0.904419 10.861896 0.904419
v 1.034766 10.861896 0.751802
v 1.139634 10.861896 0.580673
v 1.216441 10.861896 0.395246
v 1.263293 10.861896 0.200087
v 1.279041 10.861896 0.000001
v 0.846549 10.945825 -0.134079
v 0.815152 10.945825 -0.264858
v 0.763682 10.945825 -0.389114
v 0.693409 10.945825 -0.503790
v 0.606063 10.945825 -0.606061
v 0.503792 10.945825 -0.693407
v 0.389116 10.945825 -0.763680
v 0.264860 10.945825 -0.815150
v 0.134081 10.945825 -0.846547
v 0.000001 10.945825 -0.857099
v -0.134079 10.945825 -0.846547
v -0.264858 10.945825 -0.815150
v -0.389114 10.945825 -0.763680
v -0.503789 10.945825 -0.693407
v -0.606061 10.945825 -0.606061
v -0.693407 10.945825 -0.503790
v -0.763680 10.945825 -0.389114
v -0.815149 10.945825 -0.264858
v -0.846547 10.945825 -0.134079
v -0.857099 10.945825 0.000001
v -0.846547 10.945825 0.134081
v -0.815149 10.945825 0.264860
v -0.763680 10.945825 0.389116
v -0.693407 10.945825 0.503791
v -0.606061 10.945825 0.606062
v -0.503790 10.945825 0.693409
v -0.389114 10.945825 0.763682
v -0.264858 10.945825 0.815151
v -0.134079 10.945825 0.846549
v 0.000001 10.945825 0.857101
v 0.134081 10.945825 0.846549
v 0.264860 10.945825 0.815151
v 0.389116 10.945825 0.763682
v 0.503791 10.945825 0.693409
v 0.606062 10.945825 0.606063
v 0.693409 10.945825 0.503791
v 0.763682 10.945825 0.389116
v 0.815151 10.945825 0.264860
v 0.846549 10.945825 0.134081
v 0.857100 10.945825 0.000001
v 0.424584 10.996388 -0.067246
v 0.408836 10.996388 -0.132838
v 0.383023 10.996388 -0.195158
v 0.347778 10.996388 -0.252674
v 0.303969 10.996388 -0.303967
v 0.252676 10.996388 -0.347775
v 0.195161 10.996388 -0.383020
v 0.132840 10.996388 -0.408834
v 0.067249 10.996388 -0.424582
v 0.000001 10.996388 -0.429874
v -0.067246 10.996388 -0.424582
v -0.132838 10.996388 -0.408834
v -0.195158 10.996388 -0.383020
v -0.252674 10.996388 -0.347775
v -0.303967 10.996388 -0.303967
v -0.347775 10.996388 -0.252674
v -0.383020 10.996388 -0.195159
v -0.408834 10.996388 -0.132838
v -0.424582 10.996388 -0.067247
v -0.429874 10.996388 0.000001
v -0.424582 10.996388 0.067248
v -0.408834 10.996388 0.132840
v -0.383020 10.996388 0.195160
v -0.347775 10.996388 0.252676
v -0.303967 10.996388 0.303969
v -0.252674 10.996388 0.347778
v -0.195159 10.996388 0.383023
v -0.132838 10.996388 0.408836
v -0.067247 10.996388 0.424584
v 0.000001 10.996388 0.429877
v 0.067249 10.996388 0.424584
v 0.132840 10.996388 0.408836
v 0.195160 10.996388 0.383023
v 0.252676 10.996388 0.347778
v 0.303969 10.996388 0.303969
v 0.347778 10.996388 0.252676
v 0.383023 10.996388 0.195160
v 0.408836 10.996388 0.132840
v 0.424584 10.996388 0.067249
v 0.429875 10.996388 0.000001
v 0.000001 0.055343 0.000001
v 0.000001 11.013280 0.000001
vt 0.000000 0.025000
vt 0.025000 0.025000
vt 0.025000 0.050000
vt 0.000000 0.050000
vt 0.050000 0.025000
vt 0.050000 0.050000
vt 0.075000 0.025000
vt 0.075000 0.050000
vt 0.100000 0.025000
vt 0.100000 0.050000
vt 0.125000 0.025000
vt 0.125000 0.050000
vt 0.150000 0.025000
vt 0.150000 0.050000
vt 0.175000 0.025000
vt 0.175000 0.050000
vt 0.200000 0.025000
vt 0.200000 0.050000
vt 0.225000 0.025000
vt 0.225000 0.050000
vt 0.250000 0.025000
vt 0.250000 0.050000
vt 0.275000 0.025000
vt 0.275000 0.050000
vt 0.300000 0.025000
vt 0.300000 0.050000
vt 0.325000 0.025000
vt 0.325000 0.050000
vt 0.350000 0.025000
vt 0.350000 0.050000
vt 0.375000 0.025000
vt 0.375000 0.050000
vt 0.400000 0.025000
vt 0.400000 0.050000
vt 0.425000 0.025000
vt 0.425000 0.050000
vt 0.450000 0.025000
vt 0.450000 0.050000
vt 0.475000 0.025000
vt 0.475000 0.050000
vt 0.500000 0.025000
vt 0.500000 0.050000
vt 0.525000 0.025000
vt 0.525000 0.050000
vt 0.550000 0.025000
vt 0.550000 0.050000
vt 0.575000 0.025000
vt 0.575000 0.050000
vt 0.600000 0.025000
vt 0.600000 0.050000
vt 0.625000 0.025000
vt 0.625000 0.050000
vt 0.650000 0.025000
vt 0.650000 0.050000
vt 0.675000 0.025000
vt 0.675000 0.050000
vt 0.700000 0.025000
vt 0.700000 0.050000
vt 0.725000 0.025000
vt 0.725000 0.050000
vt 0.750000 0.025000
vt 0.750000 0.050000
vt 0.775000 0.025000
vt 0.775000 0.050000
vt 0.800000 0.025000
vt 0.800000 0.050000
vt 0.825000 0.025000
vt 0.825000 0.050000
vt 0.850000 0.025000
vt 0.850000 0.050000
vt 0.875000 0.025000
vt 0.875000 0.050000
vt 0.900000 0.025000
vt 0.900000 0.050000
vt 0.925000 0.025000
vt 0.925000 0.050000
vt 0.950000 0.025000
vt 0.950000 0.050000
vt 0.975000 0.025000
vt 0.975000 0.050000
vt 1.000000 0.025000
vt 1.000000 0.050000
vt 0.025000 0.075000
vt 0.000000 0.075000
vt 0.050000 0.075000
vt 0.075000 0.075000
vt 0.100000 0.075000
vt 0.125000 0.075000
vt 0.150000 0.075000
vt 0.175000 0.075000
vt 0.200000 0.075000
vt 0.225000 0.075000
vt 0.250000 0.075000
vt 0.275000 0.075000
vt 0.300000 0.075000
vt 0.325000 0.075000
vt 0.350000 0.075000
vt 0.375000 0.075000
vt 0.400000 0.075000
vt 0.425000 0.075000
vt 0.450000 0.075000
vt 0.475000 0.075000
vt 0.500000 0.075000
vt 0.525000 0.075000
vt 0.550000 0.075000
vt 0.575000 0.075000
vt 0.600000 0.075000
vt 0.625000 0.075000
vt 0.650000 0.075000
vt 0.675000 0.075000
vt 0.700000 0.075000
vt 0.725000 0.075000
vt 0.750000 0.075000
vt 0.775000 0.075000
vt 0.800000 0.075000
vt 0.825000 0.075000
vt 0.850000 0.075000
vt 0.875000 0.075000
vt 0.900000 0.075000
vt 0.925000 0.075000
vt 0.950000 0.075000
vt 0.975000 0.075000
vt 1.000000 0.075000
vt 0.025000 0.100000
vt 0.000000 0.100000
vt 0.050000 0.100000
vt 0.075000 0.100000
vt 0.100000 0.100000
vt 0.125000 0.100000
vt 0.150000 0.100000
vt 0.175000 0.100000
vt 0.200000 0.100000
vt 0.225000 0.100000
vt 0.250000 0.100000
vt 0.275000 0.100000
vt 0.300000 0.100000
vt 0.325000 0.100000
vt 0.350000 0.100000
vt 0.375000 0.100000
vt 0.400000 0.100000
vt 0.425000 0.100000
vt 0.450000 0.100000
vt 0.475000 0.100000
vt 0.500000 0.100000
vt 0.525000 0.100000
vt 0.550000 0.100000
vt 0.575000 0.100000
vt 0.600000 0.100000
vt 0.625000 0.100000
vt 0.650000 0.100000
vt 0.675000 0.100000
vt 0.700000 0.100000
vt 0.725000 0.100000
vt 0.750000 0.100000
vt 0.775000 0.100000
vt 0.800000 0.100000
vt 0.825000 0.100000
vt 0.850000 0.100000
vt 0.875000 0.100000
vt 0.900000 0.100000
vt 0.925000 0.100000
vt 0.950000 0.100000
vt 0.975000 0.100000
vt 1.000000 0.100000
vt 0.025000 0.125000
vt 0.000000 0.125000
vt 0.050000 0.125000
vt 0.075000 0.125000
vt 0.100000 0.125000
vt 0.125000 0.125000
vt 0.150000 0.125000
vt 0.175000 0.125000
vt 0.200000 0.125000
vt 0.225000 0.125000
vt 0.250000 0.125000
vt 0.275000 0.125000
vt 0.300000 0.125000
vt 0.325000 0.125000
vt 0.350000 0.125000
vt 0.375000 0.125000
vt 0.400000 0.125000
vt 0.425000 0.125000
vt 0.450000 0.125000
vt 0.475000 0.125000
vt 0.500000 0.125000
vt 0.525000 0.125000
vt 0.550000 0.125000
vt 0.575000 0.125000
vt 0.600000 0.125000
vt 0.625000 0.125000
vt 0.650000 0.125000
vt 0.675000 0.125000
vt 0.700000 0.125000
vt 0.725000 0.125000
vt 0.750000 0.125000
vt 0.775000 0.125000
vt 0.800000 0.125000
vt 0.825000 0.125000
vt 0.850000 0.125000
vt 0.875000 0.125000
vt 0.900000 0.125000
vt 0.925000 0.125000
vt 0.950000 0.125000
vt 0.975000 0.125000
vt 1.000000 0.125000
vt 0.025000 0.150000
vt 0.000000 0.150000
vt 0.050000 0.150000
vt 0.075000 0.150000
vt 0.100000 0.150000
vt 0.125000 0.150000
vt 0.150000 0.150000
vt 0.175000 0.150000
vt 0.200000 0.150000
vt 0.225000 0.150000
vt 0.250000 0.150000
vt 0.275000 0.150000
vt 0.300000 0.150000
vt 0.325000 0.150000
vt 0.350000 0.150000
vt 0.375000 0.150000
vt 0.400000 0.150000
vt 0.425000 0.150000
vt 0.450000 0.150000
vt 0.475000 0.150000
vt 0.500000 0.150000
vt 0.525000 0.150000
vt 0.550000 0.150000
vt 0.575000 0.150000
vt 0.600000 0.150000
vt 0.625000 0.150000
vt 0.650000 0.150000
vt 0.675000 0.150000
vt 0.700000 0.150000
vt 0.725000 0.150000
vt 0.750000 0.150000
vt 0.775000 0.150000
vt 0.800000 0.150000
vt 0.825000 0.150000
vt 0.850000 0.150000
vt 0.875000 0.150000
vt 0.900000 0.150000
vt 0.925000 0.150000
vt 0.950000 0.150000
vt 0.975000 0.150000
vt 1.000000 0.150000
vt 0.025000 0.175000
vt 0.000000 0.175000
vt 0.050000 0.175000
vt 0.075000 0.175000
vt 0.100000 0.175000
vt 0.125000 0.175000
vt 0.150000 0.175000
vt 0.175000 0.175000
vt 0.200000 0.175000
vt 0.225000 0.175000
vt 0.250000 0.175000
vt 0.275000 0.175000
vt 0.300000 0.175000
vt 0.325000 0.175000
vt 0.350000 0.175000
vt 0.375000 0.175000
vt 0.400000 0.175000
vt 0.425000 0.175000
vt 0.450000 0.175000
vt 0.475000 0.175000
vt 0.500000 0.175000
vt 0.525000 0.175000
vt 0.550000 0.175000
vt 0.575000 0.175000
vt 0.600000 0.175000
vt 0.625000 0.175000
vt 0.650000 0.175000
vt 0.675000 0.175000
vt 0.700000 0.175000
vt 0.725000 0.175000
vt 0.750000 0.175000
vt 0.775000 0.175000
vt 0.800000 0.175000
vt 0.825000 0.175000
vt 0.850000 0.175000
vt 0.875000 0.175000
vt 0.900000 0.175000
vt 0.925000 0.175000
vt 0.950000 0.175000
vt 0.975000 0.175000
vt 1.000000 0.175000
vt 0.025000 0.200000
vt 0.000000 0.200000
vt 0.050000 0.200000
vt 0.075000 0.200000
vt 0.100000 0.200000
vt 0.125000 0.200000
vt 0.150000 0.200000
vt 0.175000 0.200000
vt 0.200000 0.200000
vt 0.225000 0.200000
vt 0.250000 0.200000
vt 0.275000 0.200000
vt 0.300000 0.200000
vt 0.325000 0.200000
vt 0.350000 0.200000
vt 0.375000 0.200000
vt 0.400000 0.200000
vt 0.425000 0.200000
vt 0.450000 0.200000
vt 0.475000 0.200000
vt 0.500000 0.200000
vt 0.525000 0.200000
vt 0.550000 0.200000
vt 0.575000 0.200000
vt 0.600000 0.200000
vt 0.625000 0.200000
vt 0.650000 0.200000
vt 0.675000 0.200000
vt 0.700000 0.200000
vt 0.725000 0.200000
vt 0.750000 0.200000
vt 0.775000 0.200000
vt 0.800000 0.200000
vt 0.825000 0.200000
vt 0.850000 0.200000
vt 0.875000 0.200000
vt 0.900000 0.200000
vt 0.925000 0.200000
vt 0.950000 0.200000
vt 0.975000 0.200000
vt 1.000000 0.200000
vt 0.025000 0.225000
vt 0.000000 0.225000
vt 0.050000 0.225000
vt 0.075000 0.225000
vt 0.100000 0.225000
vt 0.125000 0.225000
vt 0.150000 0.225000
vt 0.175000 0.225000
vt 0.200000 0.225000
vt 0.225000 0.225000
vt 0.250000 0.225000
vt 0.275000 0.225000
vt 0.300000 0.225000
vt 0.325000 0.225000
vt 0.350000 0.225000
vt 0.375000 0.225000
vt 0.400000 0.225000
vt 0.425000 0.225000
vt 0.450000 0.225000
vt 0.475000 0.225000
vt 0.500000 0.225000
vt 0.525000 0.225000
vt 0.550000 0.225000
vt 0.575000 0.225000
vt 0.600000 0.225000
vt 0.625000 0.225000
vt 0.650000 0.225000
vt 0.675000 0.225000
vt 0.700000 0.225000
vt 0.725000 0.225000
vt 0.750000 0.225000
vt 0.775000 0.225000
vt 0.800000 0.225000
vt 0.825000 0.225000
vt 0.850000 0.225000
vt 0.875000 0.225000
vt 0.900000 0.225000
vt 0.925000 0.225000
vt 0.950000 0.225000
vt 0.975000 0.225000
vt 1.000000 0.225000
vt 0.025000 0.250000
vt 0.000000 0.250000
vt 0.050000 0.250000
vt 0.075000 0.250000
vt 0.100000 0.250000
vt 0.125000 0.250000
vt 0.150000 0.250000
vt 0.175000 0.250000
vt 0.200000 0.250000
vt 0.225000 0.250000
vt 0.250000 0.250000
vt 0.275000 0.250000
vt 0.300000 0.250000
vt 0.325000 0.250000
vt 0.350000 0.250000
vt 0.375000 0.250000
vt 0.400000 0.250000
vt 0.425000 0.250000
vt 0.450000 0.250000
vt 0.475000 0.250000
vt 0.500000 0.250000
vt 0.525000 0.250000
vt 0.550000 0.250000
vt 0.575000 0.250000
vt 0.600000 0.250000
vt 0.625000 0.250000
vt 0.650000 0.250000
vt 0.675000 0.250000
vt 0.700000 0.250000
vt 0.725000 0.250000
vt 0.750000 0.250000
vt 0.775000 0.250000
vt 0.800000 0.250000
vt 0.825000 0.250000
vt 0.850000 0.250000
vt 0.875000 0.250000
vt 0.900000 0.250000
vt 0.925000 0.250000
vt 0.950000 0.250000
vt 0.975000 0.250000
vt 1.000000 0.250000
vt 0.025000 0.275000
vt 0.000000 0.275000
vt 0.050000 0.275000
vt 0.075000 0.275000
vt 0.100000 0.275000
vt 0.125000 0.275000
vt 0.150000 0.275000
vt 0.175000 0.275000
vt 0.200000 0.275000
vt 0.225000 0.275000
vt 0.250000 0.275000
vt 0.275000 0.275000
vt 0.300000 0.275000
vt 0.325000 0.275000
vt 0.350000 0.275000
vt 0.375000 0.275000
vt 0.400000 0.275000
vt 0.425000 0.275000
vt 0.450000 0.275000
vt 0.475000 0.275000
vt 0.500000 0.275000
vt 0.525000 0.275000
vt 0.550000 0.275000
vt 0.575000 0.275000
vt 0.600000 0.275000
vt 0.625000 0.275000
vt 0.650000 0.275000
vt 0.675000 0.275000
vt 0.700000 0.275000
vt 0.725000 0.275000
vt 0.750000 0.275000
vt 0.775000 0.275000
vt 0.800000 0.275000
vt 0.825000 0.275000
vt 0.850000 0.275000
vt 0.875000 0.275000
vt 0.900000 0.275000
vt 0.925000 0.275000
vt 0.950000 0.275000
vt 0.975000 0.275000
vt 1.000000 0.275000
vt 0.025000 0.300000
vt 0.000000 0.300000
vt 0.050000 0.300000
vt 0.075000 0.300000
vt 0.100000 0.300000
vt 0.125000 0.300000
vt 0.150000 0.300000
vt 0.175000 0.300000
vt 0.200000 0.300000
vt 0.225000 0.300000
vt 0.250000 0.300000
vt 0.275000 0.300000
vt 0.300000 0.300000
vt 0.325000 0.300000
vt 0.350000 0.300000
vt 0.375000 0.300000
vt 0.400000 0.300000
vt 0.425000 0.300000
vt 0.450000 0.300000
vt 0.475000 0.300000
vt 0.500000 0.300000
vt 0.525000 0.300000
vt 0.550000 0.300000
vt 0.575000 0.300000
vt 0.600000 0.300000
vt 0.625000 0.300000
vt 0.650000 0.300000
vt 0.675000 0.300000
vt 0.700000 0.300000
vt 0.725000 0.300000
vt 0.750000 0.300000
vt 0.775000 0.300000
vt 0.800000 0.300000
vt 0.825000 0.300000
vt 0.850000 0.300000
vt 0.875000 0.300000
vt 0.900000 0.300000
vt 0.925000 0.300000
vt 0.950000 0.300000
vt 0.975000 0.300000
vt 1.000000 0.300000
vt 0.025000 0.325000
vt 0.000000 0.325000
vt 0.050000 0.325000
vt 0.075000 0.325000
vt 0.100000 0.325000
vt 0.125000 0.325000
vt 0.150000 0.325000
vt 0.175000 0.325000
vt 0.200000 0.325000
vt 0.225000 0.325000
vt 0.250000 0.325000
vt 0.275000 0.325000
vt 0.300000 0.325000
vt 0.325000 0.325000
vt 0.350000 0.325000
vt 0.375000 0.325000
vt 0.400000 0.325000
vt 0.425000 0.325000
vt 0.450000 0.325000
vt 0.475000 0.325000
vt 0.500000 0.325000
vt 0.525000 0.325000
vt 0.550000 0.325000
vt 0.575000 0.325000
vt 0.600000 0.325000
vt 0.625000 0.325000
vt 0.650000 0.325000
vt 0.675000 0.325000
vt 0.700000 0.325000
vt 0.725000 0.325000
vt 0.750000 0.325000
vt 0.775000 0.325000
vt 0.800000 0.325000
vt 0.825000 0.325000
vt 0.850000 0.325000
vt 0.875000 0.325000
vt 0.900000 0.325000
vt 0.925000 0.325000
vt 0.950000 0.325000
vt 0.975000 0.325000
vt 1.000000 0.325000
vt 0.025000 0.350000
vt 0.000000 0.350000
vt 0.050000 0.350000
vt 0.075000 0.350000
vt 0.100000 0.350000
vt 0.125000 0.350000
vt 0.150000 0.350000
vt 0.175000 0.350000
vt 0.200000 0.350000
vt 0.225000 0.350000
vt 0.250000 0.350000
vt 0.275000 0.350000
vt 0.300000 0.350000
vt 0.325000 0.350000
vt 0.350000 0.350000
vt 0.375000 0.350000
vt 0.400000 0.350000
vt 0.425000 0.350000
vt 0.450000 0.350000
vt 0.475000 0.350000
vt 0.500000 0.350000
vt 0.525000 0.350000
vt 0.550000 0.350000
vt 0.575000 0.350000
vt 0.600000 0.350000
vt 0.625000 0.350000
vt 0.650000 0.350000
vt 0.675000 0.350000
vt 0.700000 0.350000
vt 0.725000 0.350000
vt 0.750000 0.350000
vt 0.775000 0.350000
vt 0.800000 0.350000
vt 0.825000 0.350000
vt 0.850000 0.350000
vt 0.875000 0.350000
vt 0.900000 0.350000
vt 0.925000 0.350000
vt 0.950000 0.350000
vt 0.975000 0.350000
vt 1.000000 0.350000
vt 0.025000 0.375000
vt 0.000000 0.375000
vt 0.050000 0.375000
vt 0.075000 0.375000
vt 0.100000 0.375000
vt 0.125000 0.375000
vt 0.150000 0.375000
vt 0.175000 0.375000
vt 0.200000 0.375000
vt 0.225000 0.375000
vt 0.250000 0.375000
vt 0.275000 0.375000
vt 0.300000 0.375000
vt 0.325000 0.375000
vt 0.350000 0.375000
vt 0.375000 0.375000
vt 0.400000 0.375000
vt 0.425000 0.375000
vt 0.450000 0.375000
vt 0.475000 0.375000
vt 0.500000 0.375000
vt 0.525000 0.375000
vt 0.550000 0.375000
vt 0.575000 0.375000
vt 0.600000 0.375000
vt 0.625000 0.375000
vt 0.650000 0.375000
vt 0.675000 0.375000
vt 0.700000 0.375000
vt 0.725000 0.375000
vt 0.750000 0.375000
vt 0.775000 0.375000
vt 0.800000 0.375000
vt 0.825000 0.375000
vt 0.850000 0.375000
vt 0.875000 0.375000
vt 0.900000 0.375000
vt 0.925000 0.375000
vt 0.950000 0.375000
vt 0.975000 0.375000
vt 1.000000 0.375000
vt 0.025000 0.400000
vt 0.000000 0.400000
vt 0.050000 0.400000
vt 0.075000 0.400000
vt 0.100000 0.400000
vt 0.125000 0.400000
vt 0.150000 0.400000
vt 0.175000 0.400000
vt 0.200000 0.400000
vt 0.225000 0.400000
vt 0.250000 0.400000
vt 0.275000 0.400000
vt 0.300000 0.400000
vt 0.325000 0.400000
vt 0.350000 0.400000
vt 0.375000 0.400000
vt 0.400000 0.400000
vt 0.425000 0.400000
vt 0.450000 0.400000
vt 0.475000 0.400000
vt 0.500000 0.400000
vt 0.525000 0.400000
vt 0.550000 0.400000
vt 0.575000 0.400000
vt 0.600000 0.400000
vt 0.625000 0.400000
vt 0.650000 0.400000
vt 0.675000 0.400000
vt 0.700000 0.400000
vt 0.725000 0.400000
vt 0.750000 0.400000
vt 0.775000 0.400000
vt 0.800000 0.400000
vt 0.825000 0.400000
vt 0.850000 0.400000
vt 0.875000 0.400000
vt 0.900000 0.400000
vt 0.925000 0.400000
vt 0.950000 0.400000
vt 0.975000 0.400000
vt 1.000000 0.400000
vt 0.025000 0.425000
vt 0.000000 0.425000
vt 0.050000 0.425000
vt 0.075000 0.425000
vt 0.100000 0.425000
vt 0.125000 0.425000
vt 0.150000 0.425000
vt 0.175000 0.425000
vt 0.200000 0.425000
vt 0.225000 0.425000
vt 0.250000 0.425000
vt 0.275000 0.425000
vt 0.300000 0.425000
vt 0.325000 0.425000
vt 0.350000 0.425000
vt 0.375000 0.425000
vt 0.400000 0.425000
vt 0.425000 0.425000
vt 0.450000 0.425000
vt 0.475000 0.425000
vt 0.500000 0.425000
vt 0.525000 0.425000
vt 0.550000 0.425000
vt 0.575000 0.425000
vt 0.600000 0.425000
vt 0.625000 0.425000
vt 0.650000 0.425000
vt 0.675000 0.425000
vt 0.700000 0.425000
vt 0.725000 0.425000
vt 0.750000 0.425000
vt 0.775000 0.425000
vt 0.800000 0.425000
vt 0.825000 0.425000
vt 0.850000 0.425000
vt 0.875000 0.425000
vt 0.900000 0.425000
vt 0.925000 0.425000
vt 0.950000 0.425000
vt 0.975000 0.425000
vt 1.000000 0.425000
vt 0.025000 0.450000
vt 0.000000 0.450000
vt 0.050000 0.450000
vt 0.075000 0.450000
vt 0.100000 0.450000
vt 0.125000 0.450000
vt 0.150000 0.450000
vt 0.175000 0.450000
vt 0.200000 0.450000
vt 0.225000 0.450000
vt 0.250000 0.450000
vt 0.275000 0.450000
vt 0.300000 0.450000
vt 0.325000 0.450000
vt 0.350000 0.450000
vt 0.375000 0.450000
vt 0.400000 0.450000
vt 0.425000 0.450000
vt 0.450000 0.450000
vt 0.475000 0.450000
vt 0.500000 0.450000
vt 0.525000 0.450000
vt 0.550000 0.450000
vt 0.575000 0.450000
vt 0.600000 0.450000
vt 0.625000 0.450000
vt 0.650000 0.450000
vt 0.675000 0.450000
vt 0.700000 0.450000
vt 0.725000 0.450000
vt 0.750000 0.450000
vt 0.775000 0.450000
vt 0.800000 0.450000
vt 0.825000 0.450000
vt 0.850000 0.450000
vt 0.875000 0.450000
vt 0.900000 0.450000
vt 0.925000 0.450000
vt 0.950000 0.450000
vt 0.975000 0.450000
vt 1.000000 0.450000
vt 0.025000 0.475000
vt 0.000000 0.475000
vt 0.050000 0.475000
vt 0.075000 0.475000
vt 0.100000 0.475000
vt 0.125000 0.475000
vt 0.150000 0.475000
vt 0.175000 0.475000
vt 0.200000 0.475000
vt 0.225000 0.475000
vt 0.250000 0.475000
vt 0.275000 0.475000
vt 0.300000 0.475000
vt 0.325000 0.475000
vt 0.350000 0.475000
vt 0.375000 0.475000
vt 0.400000 0.475000
vt 0.425000 0.475000
vt 0.450000 0.475000
vt 0.475000 0.475000
vt 0.500000 0.475000
vt 0.525000 0.475000
vt 0.550000 0.475000
vt 0.575000 0.475000
vt 0.600000 0.475000
vt 0.625000 0.475000
vt 0.650000 0.475000
vt 0.675000 0.475000
vt 0.700000 0.475000
vt 0.725000 0.475000
vt 0.750000 0.475000
vt 0.775000 0.475000
vt 0.800000 0.475000
vt 0.825000 0.475000
vt 0.850000 0.475000
vt 0.875000 0.475000
vt 0.900000 0.475000
vt 0.925000 0.475000
vt 0.950000 0.475000
vt 0.975000 0.475000
vt 1.000000 0.475000
vt 0.025000 0.500000
vt 0.000000 0.500000
vt 0.050000 0.500000
vt 0.075000 0.500000
vt 0.100000 0.500000
vt 0.125000 0.500000
vt 0.150000 0.500000
vt 0.175000 0.500000
vt 0.200000 0.500000
vt 0.225000 0.500000
vt 0.250000 0.500000
vt 0.275000 0.500000
vt 0.300000 0.500000
vt 0.325000 0.500000
vt 0.350000 0.500000
vt 0.375000 0.500000
vt 0.400000 0.500000
vt 0.425000 0.500000
vt 0.450000 0.500000
vt 0.475000 0.500000
vt 0.500000 0.500000
vt 0.525000 0.500000
vt 0.550000 0.500000
vt 0.575000 0.500000
vt 0.600000 0.500000
vt 0.625000 0.500000
vt 0.650000 0.500000
vt 0.675000 0.500000
vt 0.700000 0.500000
vt 0.725000 0.500000
vt 0.750000 0.500000
vt 0.775000 0.500000
vt 0.800000 0.500000
vt 0.825000 0.500000
vt 0.850000 0.500000
vt 0.875000 0.500000
vt 0.900000 0.500000
vt 0.925000 0.500000
vt 0.950000 0.500000
vt 0.975000 0.500000
vt 1.000000 0.500000
vt 0.025000 0.525000
vt 0.000000 0.525000
vt 0.050000 0.525000
vt 0.075000 0.525000
vt 0.100000 0.525000
vt 0.125000 0.525000
vt 0.150000 0.525000
vt 0.175000 0.525000
vt 0.200000 0.525000
vt 0.225000 0.525000
vt 0.250000 0.525000
vt 0.275000 0.525000
vt 0.300000 0.525000
vt 0.325000 0.525000
vt 0.350000 0.525000
vt 0.375000 0.525000
vt 0.400000 0.525000
vt 0.425000 0.525000
vt 0.450000 0.525000
vt 0.475000 0.525000
vt 0.500000 0.525000
vt 0.525000 0.525000
vt 0.550000 0.525000
vt 0.575000 0.525000
vt 0.600000 0.525000
vt 0.625000 0.525000
vt 0.650000 0.525000
vt 0.675000 0.525000
vt 0.700000 0.525000
vt 0.725000 0.525000
vt 0.750000 0.525000
vt 0.775000 0.525000
vt 0.800000 0.525000
vt 0.825000 0.525000
vt 0.850000 0.525000
vt 0.875000 0.525000
vt 0.900000 0.525000
vt 0.925000 0.525000
vt 0.950000 0.525000
vt 0.975000 0.525000
vt 1.000000 0.525000
vt 0.025000 0.550000
vt 0.000000 0.550000
vt 0.050000 0.550000
vt 0.075000 0.550000
vt 0.100000 0.550000
vt 0.125000 0.550000
vt 0.150000 0.550000
vt 0.175000 0.550000
vt 0.200000 0.550000
vt 0.225000 0.550000
vt 0.250000 0.550000
vt 0.275000 0.550000
vt 0.300000 0.550000
vt 0.325000 0.550000
vt 0.350000 0.550000
vt 0.375000 0.550000
vt 0.400000 0.550000
vt 0.425000 0.550000
vt 0.450000 0.550000
vt 0.475000 0.550000
vt 0.500000 0.550000
vt 0.525000 0.550000
vt 0.550000 0.550000
vt 0.575000 0.550000
vt 0.600000 0.550000
vt 0.625000 0.550000
vt 0.650000 0.550000
vt 0.675000 0.550000
vt 0.700000 0.550000
vt 0.725000 0.550000
vt 0.750000 0.550000
vt 0.775000 0.550000
vt 0.800000 0.550000
vt 0.825000 0.550000
vt 0.850000 0.550000
vt 0.875000 0.550000
vt 0.900000 0.550000
vt 0.925000 0.550000
vt 0.950000 0.550000
vt 0.975000 0.550000
vt 1.000000 0.550000
vt 0.025000 0.575000
vt 0.000000 0.575000
vt 0.050000 0.575000
vt 0.075000 0.575000
vt 0.100000 0.575000
vt 0.125000 0.575000
vt 0.150000 0.575000
vt 0.175000 0.575000
vt 0.200000 0.575000
vt 0.225000 0.575000
vt 0.250000 0.575000
vt 0.275000 0.575000
vt 0.300000 0.575000
vt 0.325000 0.575000
vt 0.350000 0.575000
vt 0.375000 0.575000
vt 0.400000 0.575000
vt 0.425000 0.575000
vt 0.450000 0.575000
vt 0.475000 0.575000
vt 0.500000 0.575000
vt 0.525000 0.575000
vt 0.550000 0.575000
vt 0.575000 0.575000
vt 0.600000 0.575000
vt 0.625000 0.575000
vt 0.650000 0.575000
vt 0.675000 0.575000
vt 0.700000 0.575000
vt 0.725000 0.575000
vt 0.750000 0.575000
vt 0.775000 0.575000
vt 0.800000 0.575000
vt 0.825000 0.575000
vt 0.850000 0.575000
vt 0.875000 0.575000
vt 0.900000 0.575000
vt 0.925000 0.575000
vt 0.950000 0.575000
vt 0.975000 0.575000
vt 1.000000 0.575000
vt 0.025000 0.600000
vt 0.000000 0.600000
vt 0.050000 0.600000
vt 0.075000 0.600000
vt 0.100000 0.600000
vt 0.125000 0.600000
vt 0.150000 0.600000
vt 0.175000 0.600000
vt 0.200000 0.600000
vt 0.225000 0.600000
vt 0.250000 0.600000
vt 0.275000 0.600000
vt 0.300000 0.600000
vt 0.325000 0.600000
vt 0.350000 0.600000
vt 0.375000 0.600000
vt 0.400000 0.600000
vt 0.425000 0.600000
vt 0.450000 0.600000
vt 0.475000 0.600000
vt 0.500000 0.600000
vt 0.525000 0.600000
vt 0.550000 0.600000
vt 0.575000 0.600000
vt 0.600000 0.600000
vt 0.625000 0.600000
vt 0.650000 0.600000
vt 0.675000 0.600000
vt 0.700000 0.600000
vt 0.725000 0.600000
vt 0.750000 0.600000
vt 0.775000 0.600000
vt 0.800000 0.600000
vt 0.825000 0.600000
vt 0.850000 0.600000
vt 0.875000 0.600000
vt 0.900000 0.600000
vt 0.925000 0.600000
vt 0.950000 0.600000
vt 0.975000 0.600000
vt 1.000000 0.600000
vt 0.025000 0.625000
vt 0.000000 0.625000
vt 0.050000 0.625000
vt 0.075000 0.625000
vt 0.100000 0.625000
vt 0.125000 0.625000
vt 0.150000 0.625000
vt 0.175000 0.625000
vt 0.200000 0.625000
vt 0.225000 0.625000
vt 0.250000 0.625000
vt 0.275000 0.625000
vt 0.300000 0.625000
vt 0.325000 0.625000
vt 0.350000 0.625000
vt 0.375000 0.625000
vt 0.400000 0.625000
vt 0.425000 0.625000
vt 0.450000 0.625000
vt 0.475000 0.625000
vt 0.500000 0.625000
vt 0.525000 0.625000
vt 0.550000 0.625000
vt 0.575000 0.625000
vt 0.600000 0.625000
vt 0.625000 0.625000
vt 0.650000 0.625000
vt 0.675000 0.625000
vt 0.700000 0.625000
vt 0.725000 0.625000
vt 0.750000 0.625000
vt 0.775000 0.625000
vt 0.800000 0.625000
vt 0.825000 0.625000
vt 0.850000 0.625000
vt 0.875000 0.625000
vt 0.900000 0.625000
vt 0.925000 0.625000
vt 0.950000 0.625000
vt 0.975000 0.625000
vt 1.000000 0.625000
vt 0.025000 0.650000
vt 0.000000 0.650000
vt 0.050000 0.650000
vt 0.075000 0.650000
vt 0.100000 0.650000
vt 0.125000 0.650000
vt 0.150000 0.650000
vt 0.175000 0.650000
vt 0.200000 0.650000
vt 0.225000 0.650000
vt 0.250000 0.650000
vt 0.275000 0.650000
vt 0.300000 0.650000
vt 0.325000 0.650000
vt 0.350000 0.650000
vt 0.375000 0.650000
vt 0.400000 0.650000
vt 0.425000 0.650000
vt 0.450000 0.650000
vt 0.475000 0.650000
vt 0.500000 0.650000
vt 0.525000 0.650000
vt 0.550000 0.650000
vt 0.575000 0.650000
vt 0.600000 0.650000
vt 0.625000 0.650000
vt 0.650000 0.650000
vt 0.675000 0.650000
vt 0.700000 0.650000
vt 0.725000 0.650000
vt 0.750000 0.650000
vt 0.775000 0.650000
vt 0.800000 0.650000
vt 0.825000 0.650000
vt 0.850000 0.650000
vt 0.875000 0.650000
vt 0.900000 0.650000
vt 0.925000 0.650000
vt 0.950000 0.650000
vt 0.975000 0.650000
vt 1.000000 0.650000
vt 0.025000 0.675000
vt 0.000000 0.675000
vt 0.050000 0.675000
vt 0.075000 0.675000
vt 0.100000 0.675000
vt 0.125000 0.675000
vt 0.150000 0.675000
vt 0.175000 0.675000
vt 0.200000 0.675000
vt 0.225000 0.675000
vt 0.250000 0.675000
vt 0.275000 0.675000
vt 0.300000 0.675000
vt 0.325000 0.675000
vt 0.350000 0.675000
vt 0.375000 0.675000
vt 0.400000 0.675000
vt 0.425000 0.675000
vt 0.450000 0.675000
vt 0.475000 0.675000
vt 0.500000 0.675000
vt 0.525000 0.675000
vt 0.550000 0.675000
vt 0.575000 0.675000
vt 0.600000 0.675000
vt 0.625000 0.675000
vt 0.650000 0.675000
vt 0.675000 0.675000
vt 0.700000 0.675000
vt 0.725000 0.675000
vt 0.750000 0.675000
vt 0.775000 0.675000
vt 0.800000 0.675000
vt 0.825000 0.675000
vt 0.850000 0.675000
vt 0.875000 0.675000
vt 0.900000 0.675000
vt 0.925000 0.675000
vt 0.950000 0.675000
vt 0.975000 0.675000
vt 1.000000 0.675000
vt 0.025000 0.700000
vt 0.000000 0.700000
vt 0.050000 0.700000
vt 0.075000 0.700000
vt 0.100000 0.700000
vt 0.125000 0.700000
vt 0.150000 0.700000
vt 0.175000 0.700000
vt 0.200000 0.700000
vt 0.225000 0.700000
vt 0.250000 0.700000
vt 0.275000 0.700000
vt 0.300000 0.700000
vt 0.325000 0.700000
vt 0.350000 0.700000
vt 0.375000 0.700000
vt 0.400000 0.700000
vt 0.425000 0.700000
vt 0.450000 0.700000
vt 0.475000 0.700000
vt 0.500000 0.700000
vt 0.525000 0.700000
vt 0.550000 0.700000
vt 0.575000 0.700000
vt 0.600000 0.700000
vt 0.625000 0.700000
vt 0.650000 0.700000
vt 0.675000 0.700000
vt 0.700000 0.700000
vt 0.725000 0.700000
vt 0.750000 0.700000
vt 0.775000 0.700000
vt 0.800000 0.700000
vt 0.825000 0.700000
vt 0.850000 0.700000
vt 0.875000 0.700000
vt 0.900000 0.700000
vt 0.925000 0.700000
vt 0.950000 0.700000
vt 0.975000 0.700000
vt 1.000000 0.700000
vt 0.025000 0.725000
vt 0.000000 0.725000
vt 0.050000 0.725000
vt 0.075000 0.725000
vt 0.100000 0.725000
vt 0.125000 0.725000
vt 0.150000 0.725000
vt 0.175000 0.725000
vt 0.200000 0.725000
vt 0.225000 0.725000
vt 0.250000 0.725000
vt 0.275000 0.725000
vt 0.300000 0.725000
vt 0.325000 0.725000
vt 0.350000 0.725000
vt 0.375000 0.725000
vt 0.400000 0.725000
vt 0.425000 0.725000
vt 0.450000 0.725000
vt 0.475000 0.725000
vt 0.500000 0.725000
vt 0.525000 0.725000
vt 0.550000 0.725000
vt 0.575000 0.725000
vt 0.600000 0.725000
vt 0.625000 0.725000
vt 0.650000 0.725000
vt 0.675000 0.725000
vt 0.700000 0.725000
vt 0.725000 0.725000
vt 0.750000 0.725000
vt 0.775000 0.725000
vt 0.800000 0.725000
vt 0.825000 0.725000
vt 0.850000 0.725000
vt 0.875000 0.725000
vt 0.900000 0.725000
vt 0.925000 0.725000
vt 0.950000 0.725000
vt 0.975000 0.725000
vt 1.000000 0.725000
vt 0.025000 0.750000
vt 0.000000 0.750000
vt 0.050000 0.750000
vt 0.075000 0.750000
vt 0.100000 0.750000
vt 0.125000 0.750000
vt 0.150000 0.750000
vt 0.175000 0.750000
vt 0.200000 0.750000
vt 0.225000 0.750000
vt 0.250000 0.750000
vt 0.275000 0.750000
vt 0.300000 0.750000
vt 0.325000 0.750000
vt 0.350000 0.750000
vt 0.375000 0.750000
vt 0.400000 0.750000
vt 0.425000 0.750000
vt 0.450000 0.750000
vt 0.475000 0.750000
vt 0.500000 0.750000
vt 0.525000 0.750000
vt 0.550000 0.750000
vt 0.575000 0.750000
vt 0.600000 0.750000
vt 0.625000 0.750000
vt 0.650000 0.750000
vt 0.675000 0.750000
vt 0.700000 0.750000
vt 0.725000 0.750000
vt 0.750000 0.750000
vt 0.775000 0.750000
vt 0.800000 0.750000
vt 0.825000 0.750000
vt 0.850000 0.750000
vt 0.875000 0.750000
vt 0.900000 0.750000
vt 0.925000 0.750000
vt 0.950000 0.750000
vt 0.975000 0.750000
vt 1.000000 0.750000
vt 0.025000 0.775000
vt 0.000000 0.775000
vt 0.050000 0.775000
vt 0.075000 0.775000
vt 0.100000 0.775000
vt 0.125000 0.775000
vt 0.150000 0.775000
vt 0.175000 0.775000
vt 0.200000 0.775000
vt 0.225000 0.775000
vt 0.250000 0.775000
vt 0.275000 0.775000
vt 0.300000 0.775000
vt 0.325000 0.775000
vt 0.350000 0.775000
vt 0.375000 0.775000
vt 0.400000 0.775000
vt 0.425000 0.775000
vt 0.450000 0.775000
vt 0.475000 0.775000
vt 0.500000 0.775000
vt 0.525000 0.775000
vt 0.550000 0.775000
vt 0.575000 0.775000
vt 0.600000 0.775000
vt 0.625000 0.775000
vt 0.650000 0.775000
vt 0.675000 0.775000
vt 0.700000 0.775000
vt 0.725000 0.775000
vt 0.750000 0.775000
vt 0.775000 0.775000
vt 0.800000 0.775000
vt 0.825000 0.775000
vt 0.850000 0.775000
vt 0.875000 0.775000
vt 0.900000 0.775000
vt 0.925000 0.775000
vt 0.950000 0.775000
vt 0.975000 0.775000
vt 1.000000 0.775000
vt 0.025000 0.800000
vt 0.000000 0.800000
vt 0.050000 0.800000
vt 0.075000 0.800000
vt 0.100000 0.800000
vt 0.125000 0.800000
vt 0.150000 0.800000
vt 0.175000 0.800000
vt 0.200000 0.800000
vt 0.225000 0.800000
vt 0.250000 0.800000
vt 0.275000 0.800000
vt 0.300000 0.800000
vt 0.325000 0.800000
vt 0.350000 0.800000
vt 0.375000 0.800000
vt 0.400000 0.800000
vt 0.425000 0.800000
vt 0.450000 0.800000
vt 0.475000 0.800000
vt 0.500000 0.800000
vt 0.525000 0.800000
vt 0.550000 0.800000
vt 0.575000 0.800000
vt 0.600000 0.800000
vt 0.625000 0.800000
vt 0.650000 0.800000
vt 0.675000 0.800000
vt 0.700000 0.800000
vt 0.725000 0.800000
vt 0.750000 0.800000
vt 0.775000 0.800000
vt 0.800000 0.800000
vt 0.825000 0.800000
vt 0.850000 0.800000
vt 0.875000 0.800000
vt 0.900000 0.800000
vt 0.925000 0.800000
vt 0.950000 0.800000
vt 0.975000 0.800000
vt 1.000000 0.800000
vt 0.025000 0.825000
vt 0.000000 0.825000
vt 0.050000 0.825000
vt 0.075000 0.825000
vt 0.100000 0.825000
vt 0.125000 0.825000
vt 0.150000 0.825000
vt 0.175000 0.825000
vt 0.200000 0.825000
vt 0.225000 0.825000
vt 0.250000 0.825000
vt 0.275000 0.825000
vt 0.300000 0.825000
vt 0.325000 0.825000
vt 0.350000 0.825000
vt 0.375000 0.825000
vt 0.400000 0.825000
vt 0.425000 0.825000
vt 0.450000 0.825000
vt 0.475000 0.825000
vt 0.500000 0.825000
vt 0.525000 0.825000
vt 0.550000 0.825000
vt 0.575000 0.825000
vt 0.600000 0.825000
vt 0.625000 0.825000
vt 0.650000 0.825000
vt 0.675000 0.825000
vt 0.700000 0.825000
vt 0.725000 0.825000
vt 0.750000 0.825000
vt 0.775000 0.825000
vt 0.800000 0.825000
vt 0.825000 0.825000
vt 0.850000 0.825000
vt 0.875000 0.825000
vt 0.900000 0.825000
vt 0.925000 0.825000
vt 0.950000 0.825000
vt 0.975000 0.825000
vt 1.000000 0.825000
vt 0.025000 0.850000
vt 0.000000 0.850000
vt 0.050000 0.850000
vt 0.075000 0.850000
vt 0.100000 0.850000
vt 0.125000 0.850000
vt 0.150000 0.850000
vt 0.175000 0.850000
vt 0.200000 0.850000
vt 0.225000 0.850000
vt 0.250000 0.850000
vt 0.275000 0.850000
vt 0.300000 0.850000
vt 0.325000 0.850000
vt 0.350000 0.850000
vt 0.375000 0.850000
vt 0.400000 0.850000
vt 0.425000 0.850000
vt 0.450000 0.850000
vt 0.475000 0.850000
vt 0.500000 0.850000
vt 0.525000 0.850000
vt 0.550000 0.850000
vt 0.575000 0.850000
vt 0.600000 0.850000
vt 0.625000 0.850000
vt 0.650000 0.850000
vt 0.675000 0.850000
vt 0.700000 0.850000
vt 0.725000 0.850000
vt 0.750000 0.850000
vt 0.775000 0.850000
vt 0.800000 0.850000
vt 0.825000 0.850000
vt 0.850000 0.850000
vt 0.875000 0.850000
vt 0.900000 0.850000
vt 0.925000 0.850000
vt 0.950000 0.850000
vt 0.975000 0.850000
vt 1.000000 0.850000
vt 0.025000 0.875000
vt 0.000000 0.875000
vt 0.050000 0.875000
vt 0.075000 0.875000
vt 0.100000 0.875000
vt 0.125000 0.875000
vt 0.150000 0.875000
vt 0.175000 0.875000
vt 0.200000 0.875000
vt 0.225000 0.875000
vt 0.250000 0.875000
vt 0.275000 0.875000
vt 0.300000 0.875000
vt 0.325000 0.875000
vt 0.350000 0.875000
vt 0.375000 0.875000
vt 0.400000 0.875000
vt 0.425000 0.875000
vt 0.450000 0.875000
vt 0.475000 0.875000
vt 0.500000 0.875000
vt 0.525000 0.875000
vt 0.550000 0.875000
vt 0.575000 0.875000
vt 0.600000 0.875000
vt 0.625000 0.875000
vt 0.650000 0.875000
vt 0.675000 0.875000
vt 0.700000 0.875000
vt 0.725000 0.875000
vt 0.750000 0.875000
vt 0.775000 0.875000
vt 0.800000 0.875000
vt 0.825000 0.875000
vt 0.850000 0.875000
vt 0.875000 0.875000
vt 0.900000 0.875000
vt 0.925000 0.875000
vt 0.950000 0.875000
vt 0.975000 0.875000
vt 1.000000 0.875000
vt 0.025000 0.900000
vt 0.000000 0.900000
vt 0.050000 0.900000
vt 0.075000 0.900000
vt 0.100000 0.900000
vt 0.125000 0.900000
vt 0.150000 0.900000
vt 0.175000 0.900000
vt 0.200000 0.900000
vt 0.225000 0.900000
vt 0.250000 0.900000
vt 0.275000 0.900000
vt 0.300000 0.900000
vt 0.325000 0.900000
vt 0.350000 0.900000
vt 0.375000 0.900000
vt 0.400000 0.900000
vt 0.425000 0.900000
vt 0.450000 0.900000
vt 0.475000 0.900000
vt 0.500000 0.900000
vt 0.525000 0.900000
vt 0.550000 0.900000
vt 0.575000 0.900000
vt 0.600000 0.900000
vt 0.625000 0.900000
vt 0.650000 0.900000
vt 0.675000 0.900000
vt 0.700000 0.900000
vt 0.725000 0.900000
vt 0.750000 0.900000
vt 0.775000 0.900000
vt 0.800000 0.900000
vt 0.825000 0.900000
vt 0.850000 0.900000
vt 0.875000 0.900000
vt 0.900000 0.900000
vt 0.925000 0.900000
vt 0.950000 0.900000
vt 0.975000 0.900000
vt 1.000000 0.900000
vt 0.025000 0.925000
vt 0.000000 0.925000
vt 0.050000 0.925000
vt 0.075000 0.925000
vt 0.100000 0.925000
vt 0.125000 0.925000
vt 0.150000 0.925000
vt 0.175000 0.925000
vt 0.200000 0.925000
vt 0.225000 0.925000
vt 0.250000 0.925000
vt 0.275000 0.925000
vt 0.300000 0.925000
vt 0.325000 0.925000
vt 0.350000 0.925000
vt 0.375000 0.925000
vt 0.400000 0.925000
vt 0.425000 0.925000
vt 0.450000 0.925000
vt 0.475000 0.925000
vt 0.500000 0.925000
vt 0.525000 0.925000
vt 0.550000 0.925000
vt 0.575000 0.925000
vt 0.600000 0.925000
vt 0.625000 0.925000
vt 0.650000 0.925000
vt 0.675000 0.925000
vt 0.700000 0.925000
vt 0.725000 0.925000
vt 0.750000 0.925000
vt 0.775000 0.925000
vt 0.800000 0.925000
vt 0.825000 0.925000
vt 0.850000 0.925000
vt 0.875000 0.925000
vt 0.900000 0.925000
vt 0.925000 0.925000
vt 0.950000 0.925000
vt 0.975000 0.925000
vt 1.000000 0.925000
vt 0.025000 0.950000
vt 0.000000 0.950000
vt 0.050000 0.950000
vt 0.075000 0.950000
vt 0.100000 0.950000
vt 0.125000 0.950000
vt 0.150000 0.950000
vt 0.175000 0.950000
vt 0.200000 0.950000
vt 0.225000 0.950000
vt 0.250000 0.950000
vt 0.275000 0.950000
vt 0.300000 0.950000
vt 0.325000 0.950000
vt 0.350000 0.950000
vt 0.375000 0.950000
vt 0.400000 0.950000
vt 0.425000 0.950000
vt 0.450000 0.950000
vt 0.475000 0.950000
vt 0.500000 0.950000
vt 0.525000 0.950000
vt 0.550000 0.950000
vt 0.575000 0.950000
vt 0.600000 0.950000
vt 0.625000 0.950000
vt 0.650000 0.950000
vt 0.675000 0.950000
vt 0.700000 0.950000
vt 0.725000 0.950000
vt 0.750000 0.950000
vt 0.775000 0.950000
vt 0.800000 0.950000
vt 0.825000 0.950000
vt 0.850000 0.950000
vt 0.875000 0.950000
vt 0.900000 0.950000
vt 0.925000 0.950000
vt 0.950000 0.950000
vt 0.975000 0.950000
vt 1.000000 0.950000
vt 0.025000 0.975000
vt 0.000000 0.975000
vt 0.050000 0.975000
vt 0.075000 0.975000
vt 0.100000 0.975000
vt 0.125000 0.975000
vt 0.150000 0.975000
vt 0.175000 0.975000
vt 0.200000 0.975000
vt 0.225000 0.975000
vt 0.250000 0.975000
vt 0.275000 0.975000
vt 0.300000 0.975000
vt 0.325000 0.975000
vt 0.350000 0.975000
vt 0.375000 0.975000
vt 0.400000 0.975000
vt 0.425000 0.975000
vt 0.450000 0.975000
vt 0.475000 0.975000
vt 0.500000 0.975000
vt 0.525000 0.975000
vt 0.550000 0.975000
vt 0.575000 0.975000
vt 0.600000 0.975000
vt 0.625000 0.975000
vt 0.650000 0.975000
vt 0.675000 0.975000
vt 0.700000 0.975000
vt 0.725000 0.975000
vt 0.750000 0.975000
vt 0.775000 0.975000
vt 0.800000 0.975000
vt 0.825000 0.975000
vt 0.850000 0.975000
vt 0.875000 0.975000
vt 0.900000 0.975000
vt 0.925000 0.975000
vt 0.950000 0.975000
vt 0.975000 0.975000
vt 1.000000 0.975000
vt 0.012500 0.000000
vt 0.037500 0.000000
vt 0.062500 0.000000
vt 0.087500 0.000000
vt 0.112500 0.000000
vt 0.137500 0.000000
vt 0.162500 0.000000
vt 0.187500 0.000000
vt 0.212500 0.000000
vt 0.237500 0.000000
vt 0.262500 0.000000
vt 0.287500 0.000000
vt 0.312500 0.000000
vt 0.337500 0.000000
vt 0.362500 0.000000
vt 0.387500 0.000000
vt 0.412500 0.000000
vt 0.437500 0.000000
vt 0.462500 0.000000
vt 0.487500 0.000000
vt 0.512500 0.000000
vt 0.537500 0.000000
vt 0.562500 0.000000
vt 0.587500 0.000000
vt 0.612500 0.000000
vt 0.637500 0.000000
vt 0.662500 0.000000
vt 0.687500 0.000000
vt 0.712500 0.000000
vt 0.737500 0.000000
vt 0.762500 0.000000
vt 0.787500 0.000000
vt 0.812500 0.000000
vt 0.837500 0.000000
vt 0.862500 0.000000
vt 0.887500 0.000000
vt 0.912500 0.000000
vt 0.937500 0.000000
vt 0.962500 0.000000
vt 0.987500 0.000000
vt 0.012500 1.000000
vt 0.037500 1.000000
vt 0.062500 1.000000
vt 0.087500 1.000000
vt 0.112500 1.000000
vt 0.137500 1.000000
vt 0.162500 1.000000
vt 0.187500 1.000000
vt 0.212500 1.000000
vt 0.237500 1.000000
vt 0.262500 1.000000
vt 0.287500 1.000000
vt 0.312500 1.000000
vt 0.337500 1.000000
vt 0.362500 1.000000
vt 0.387500 1.000000
vt 0.412500 1.000000
vt 0.437500 1.000000
vt 0.462500 1.000000
vt 0.487500 1.000000
vt 0.512500 1.000000
vt 0.537500 1.000000
vt 0.562500 1.000000
vt 0.587500 1.000000
vt 0.612500 1.000000
vt 0.637500 1.000000
vt 0.662500 1.000000
vt 0.687500 1.000000
vt 0.712500 1.000000
vt 0.737500 1.000000
vt 0.762500 1.000000
vt 0.787500 1.000000
vt 0.812500 1.000000
vt 0.837500 1.000000
vt 0.862500 1.000000
vt 0.887500 1.000000
vt 0.912500 1.000000
vt 0.937500 1.000000
vt 0.962500 1.000000
vt 0.987500 1.000000
vn 0.114637 -0.993026 -0.027522
vn 0.114637 -0.993026 -0.027522
vn 0.114637 -0.993026 -0.027522
vn 0.114637 -0.993026 -0.027522
vn 0.094555 -0.995045 -0.030723
vn 0.088584 -0.995046 -0.045136
vn 0.149534 -0.985817 -0.076191
vn 0.159611 -0.985817 -0.051861
vn 0.088584 -0.995046 -0.045136
vn 0.080433 -0.995045 -0.058438
vn 0.135774 -0.985817 -0.098645
vn 0.149534 -0.985817 -0.076191
vn 0.080433 -0.995045 -0.058438
vn 0.070301 -0.995045 -0.070301
vn 0.118671 -0.985817 -0.118670
vn 0.135774 -0.985817 -0.098645
vn 0.070301 -0.995045 -0.070301
vn 0.058438 -0.995045 -0.080433
vn 0.098645 -0.985817 -0.135774
vn 0.118671 -0.985817 -0.118670
vn 0.058438 -0.995045 -0.080433
vn 0.045136 -0.995046 -0.088584
vn 0.076191 -0.985817 -0.149534
vn 0.098645 -0.985817 -0.135774
vn 0.045136 -0.995046 -0.088584
vn 0.030723 -0.995045 -0.094555
vn 0.051861 -0.985817 -0.159612
vn 0.076191 -0.985817 -0.149534
vn 0.030723 -0.995045 -0.094555
vn 0.015553 -0.995045 -0.098197
vn 0.026254 -0.985817 -0.165759
vn 0.051861 -0.985817 -0.159612
vn 0.015553 -0.995045 -0.098197
vn 0.000000 -0.995045 -0.099421
vn 0.000000 -0.985817 -0.167825
vn 0.026254 -0.985817 -0.165759
vn 0.000000 -0.995045 -0.099421
vn -0.015553 -0.995045 -0.098197
vn -0.026254 -0.985817 -0.165759
vn 0.000000 -0.985817 -0.167825
vn -0.015553 -0.995045 -0.098197
vn -0.030723 -0.995045 -0.094555
vn -0.051861 -0.985817 -0.159612
vn -0.026254 -0.985817 -0.165759
vn -0.030723 -0.995045 -0.094555
vn -0.045136 -0.995046 -0.088584
vn -0.076191 -0.985817 -0.149534
vn -0.051861 -0.985817 -0.159612
vn -0.045136 -0.995046 -0.088584
vn -0.058438 -0.995045 -0.080433
vn -0.098645 -0.985817 -0.135774
vn -0.076191 -0.985817 -0.149534
vn -0.058438 -0.995045 -0.080433
vn -0.070301 -0.995045 -0.070301
vn -0.118671 -0.985817 -0.118671
vn -0.098645 -0.985817 -0.135774
vn -0.070301 -0.995045 -0.070301
vn -0.080433 -0.995045 -0.058438
vn -0.135774 -0.985817 -0.098645
vn -0.118671 -0.985817 -0.118671
vn -0.080433 -0.995045 -0.058438
vn -0.088584 -0.995046 -0.045136
vn -0.149534 -0.985817 -0.076191
vn -0.135774 -0.985817 -0.098645
vn -0.088584 -0.995046 -0.045136
vn -0.094555 -0.995045 -0.030723
vn -0.159612 -0.985817 -0.051861
vn -0.149534 -0.985817 -0.076191
vn -0.094555 -0.995045 -0.030723
vn -0.098197 -0.995045 -0.015553
vn -0.165759 -0.985817 -0.026254
vn -0.159612 -0.985817 -0.051861
vn -0.098197 -0.995045 -0.015553
vn -0.099421 -0.995045 0.000000
vn -0.167826 -0.985817 0.000000
vn -0.165759 -0.985817 -0.026254
vn -0.099421 -0.995045 0.000000
vn -0.098197 -0.995045 0.015553
vn -0.165759 -0.985817 0.026254
vn -0.167826 -0.985817 0.000000
vn -0.098197 -0.995045 0.015553
vn -0.094555 -0.995045 0.030723
vn -0.159612 -0.985817 0.051861
vn -0.165759 -0.985817 0.026254
vn -0.094555 -0.995045 0.030723
vn -0.088584 -0.995046 0.045136
vn -0.149534 -0.985817 0.076191
vn -0.159612 -0.985817 0.051861
vn -0.088584 -0.995046 0.045136
vn -0.080433 -0.995045 0.058438
vn -0.135774 -0.985817 0.098645
vn -0.149534 -0.985817 0.076191
vn -0.080433 -0.995045 0.058438
vn -0.070301 -0.995045 0.070301
vn -0.118671 -0.985817 0.118671
vn -0.135774 -0.985817 0.098645
vn -0.070301 -0.995045 0.070301
vn -0.058438 -0.995045 0.080433
vn -0.098645 -0.985817 0.135774
vn -0.118671 -0.985817 0.118671
vn -0.058438 -0.995045 0.080433
vn -0.045136 -0.995046 0.088584
vn -0.076191 -0.985817 0.149534
vn -0.098645 -0.985817 0.135774
vn -0.045136 -0.995046 0.088584
vn -0.030723 -0.995045 0.094555
vn -0.051861 -0.985817 0.159612
vn -0.076191 -0.985817 0.149534
vn -0.030723 -0.995045 0.094555
vn -0.015553 -0.995045 0.098197
vn -0.026254 -0.985817 0.165759
vn -0.051861 -0.985817 0.159612
vn -0.015553 -0.995045 0.098197
vn 0.000000 -0.995045 0.099421
vn 0.000000 -0.985817 0.167825
vn -0.026254 -0.985817 0.165759
vn 0.000000 -0.995045 0.099421
vn 0.015553 -0.995045 0.098197
vn 0.026254 -0.985817 0.165759
vn 0.000000 -0.985817 0.167825
vn 0.015553 -0.995045 0.098197
vn 0.030723 -0.995045 0.094555
vn 0.051861 -0.985817 0.159612
vn 0.026254 -0.985817 0.165759
vn 0.030723 -0.995045 0.094555
vn 0.045136 -0.995046 0.088584
vn 0.076191 -0.985817 0.149534
vn 0.051861 -0.985817 0.159612
vn 0.045136 -0.995046 0.088584
vn 0.058438 -0.995045 0.080433
vn 0.098645 -0.985817 0.135774
vn 0.076191 -0.985817 0.149534
vn 0.058438 -0.995045 0.080433
vn 0.070301 -0.995045 0.070301
vn 0.118671 -0.985817 0.118671
vn 0.098645 -0.985817 0.135774
vn 0.070301 -0.995045 0.070301
vn 0.080433 -0.995045 0.058438
vn 0.135774 -0.985817 0.098645
vn 0.118671 -0.985817 0.118671
vn 0.080433 -0.995045 0.058438
vn 0.088584 -0.995046 0.045136
vn 0.149534 -0.985817 0.076191
vn 0.135774 -0.985817 0.098645
vn 0.088584 -0.995046 0.045136
vn 0.094555 -0.995045 0.030723
vn 0.159612 -0.985817 0.051861
vn 0.149534 -0.985817 0.076191
vn 0.094555 -0.995045 0.030723
vn 0.098197 -0.995045 0.015553
vn 0.165759 -0.985817 0.026254
vn 0.159612 -0.985817 0.051861
vn 0.098197 -0.995045 0.015553
vn 0.099421 -0.995045 0.000000
vn 0.167826 -0.985817 0.000000
vn 0.165759 -0.985817 0.026254
vn 0.099421 -0.995045 0.000000
vn 0.098197 -0.995045 -0.015553
vn 0.165759 -0.985817 -0.026253
vn 0.167826 -0.985817 0.000000
vn 0.165759 -0.985817 -0.026253
vn 0.159611 -0.985817 -0.051861
vn 0.229663 -0.970405 -0.074622
vn 0.238509 -0.970405 -0.037776
vn 0.159611 -0.985817 -0.051861
vn 0.149534 -0.985817 -0.076191
vn 0.215162 -0.970405 -0.109630
vn 0.229663 -0.970405 -0.074622
vn 0.149534 -0.985817 -0.076191
vn 0.135774 -0.985817 -0.098645
vn 0.195363 -0.970405 -0.141939
vn 0.215162 -0.970405 -0.109630
vn 0.135774 -0.985817 -0.098645
vn 0.118671 -0.985817 -0.118670
vn 0.170753 -0.970405 -0.170753
vn 0.195363 -0.970405 -0.141939
vn 0.118671 -0.985817 -0.118670
vn 0.098645 -0.985817 -0.135774
vn 0.141939 -0.970405 -0.195363
vn 0.170753 -0.970405 -0.170753
vn 0.098645 -0.985817 -0.135774
vn 0.076191 -0.985817 -0.149534
vn 0.109631 -0.970405 -0.215162
vn 0.141939 -0.970405 -0.195363
vn 0.076191 -0.985817 -0.149534
vn 0.051861 -0.985817 -0.159612
vn 0.074622 -0.970405 -0.229663
vn 0.109631 -0.970405 -0.215162
vn 0.051861 -0.985817 -0.159612
vn 0.026254 -0.985817 -0.165759
vn 0.037776 -0.970405 -0.238509
vn 0.074622 -0.970405 -0.229663
vn 0.026254 -0.985817 -0.165759
vn 0.000000 -0.985817 -0.167825
vn 0.000000 -0.970405 -0.241482
vn 0.037776 -0.970405 -0.238509
vn 0.000000 -0.985817 -0.167825
vn -0.026254 -0.985817 -0.165759
vn -0.037776 -0.970405 -0.238509
vn 0.000000 -0.970405 -0.241482
vn -0.026254 -0.985817 -0.165759
vn -0.051861 -0.985817 -0.159612
vn -0.074622 -0.970405 -0.229663
vn -0.037776 -0.970405 -0.238509
vn -0.051861 -0.985817 -0.159612
vn -0.076191 -0.985817 -0.149534
vn -0.109630 -0.970405 -0.215162
vn -0.074622 -0.970405 -0.229663
vn -0.076191 -0.985817 -0.149534
vn -0.098645 -0.985817 -0.135774
vn -0.141939 -0.970405 -0.195363
vn -0.109630 -0.970405 -0.215162
vn -0.098645 -0.985817 -0.135774
vn -0.118671 -0.985817 -0.118671
vn -0.170753 -0.970405 -0.170753
vn -0.141939 -0.970405 -0.195363
vn -0.118671 -0.985817 -0.118671
vn -0.135774 -0.985817 -0.098645
vn -0.195363 -0.970405 -0.141939
vn -0.170753 -0.970405 -0.170753
vn -0.135774 -0.985817 -0.098645
vn -0.149534 -0.985817 -0.076191
vn -0.215162 -0.970405 -0.109631
vn -0.195363 -0.970405 -0.141939
vn -0.149534 -0.985817 -0.076191
vn -0.159612 -0.985817 -0.051861
vn -0.229663 -0.970405 -0.074622
vn -0.215162 -0.970405 -0.109631
vn -0.159612 -0.985817 -0.051861
vn -0.165759 -0.985817 -0.026254
vn -0.238509 -0.970405 -0.037776
vn -0.229663 -0.970405 -0.074622
vn -0.165759 -0.985817 -0.026254
vn -0.167826 -0.985817 0.000000
vn -0.241482 -0.970405 0.000000
vn -0.238509 -0.970405 -0.037776
vn -0.167826 -0.985817 0.000000
vn -0.165759 -0.985817 0.026254
vn -0.238509 -0.970405 0.037776
vn -0.241482 -0.970405 0.000000
vn -0.165759 -0.985817 0.026254
vn -0.159612 -0.985817 0.051861
vn -0.229663 -0.970405 0.074622
vn -0.238509 -0.970405 0.037776
vn -0.159612 -0.985817 0.051861
vn -0.149534 -0.985817 0.076191
vn -0.215162 -0.970405 0.109630
vn -0.229663 -0.970405 0.074622
vn -0.149534 -0.985817 0.076191
vn -0.135774 -0.985817 0.098645
vn -0.195363 -0.970405 0.141940
vn -0.215162 -0.970405 0.109630
vn -0.135774 -0.985817 0.098645
vn -0.118671 -0.985817 0.118671
vn -0.170754 -0.970405 0.170754
vn -0.195363 -0.970405 0.141940
vn -0.118671 -0.985817 0.118671
vn -0.098645 -0.985817 0.135774
vn -0.141939 -0.970405 0.195363
vn -0.170754 -0.970405 0.170754
vn -0.098645 -0.985817 0.135774
vn -0.076191 -0.985817 0.149534
vn -0.109631 -0.970405 0.215162
vn -0.141939 -0.970405 0.195363
vn -0.076191 -0.985817 0.149534
vn -0.051861 -0.985817 0.159612
vn -0.074622 -0.970405 0.229663
vn -0.109631 -0.970405 0.215162
vn -0.051861 -0.985817 0.159612
vn -0.026254 -0.985817 0.165759
vn -0.037776 -0.970405 0.238509
vn -0.074622 -0.970405 0.229663
vn -0.026254 -0.985817 0.165759
vn 0.000000 -0.985817 0.167825
vn 0.000000 -0.970405 0.241482
vn -0.037776 -0.970405 0.238509
vn 0.000000 -0.985817 0.167825
vn 0.026254 -0.985817 0.165759
vn 0.037776 -0.970405 0.238509
vn 0.000000 -0.970405 0.241482
vn 0.026254 -0.985817 0.165759
vn 0.051861 -0.985817 0.159612
vn 0.074622 -0.970405 0.229663
vn 0.037776 -0.970405 0.238509
vn 0.051861 -0.985817 0.159612
vn 0.076191 -0.985817 0.149534
vn 0.109631 -0.970405 0.215162
vn 0.074622 -0.970405 0.229663
vn 0.076191 -0.985817 0.149534
vn 0.098645 -0.985817 0.135774
vn 0.141940 -0.970405 0.195363
vn 0.109631 -0.970405 0.215162
vn 0.098645 -0.985817 0.135774
vn 0.118671 -0.985817 0.118671
vn 0.170754 -0.970405 0.170754
vn 0.141940 -0.970405 0.195363
vn 0.118671 -0.985817 0.118671
vn 0.135774 -0.985817 0.098645
vn 0.195363 -0.970405 0.141940
vn 0.170754 -0.970405 0.170754
vn 0.135774 -0.985817 0.098645
vn 0.149534 -0.985817 0.076191
vn 0.215162 -0.970405 0.109630
vn 0.195363 -0.970405 0.141940
vn 0.149534 -0.985817 0.076191
vn 0.159612 -0.985817 0.051861
vn 0.229663 -0.970405 0.074622
vn 0.215162 -0.970405 0.109630
vn 0.159612 -0.985817 0.051861
vn 0.165759 -0.985817 0.026254
vn 0.238509 -0.970405 0.037776
vn 0.229663 -0.970405 0.074622
vn 0.165759 -0.985817 0.026254
vn 0.167826 -0.985817 0.000000
vn 0.241482 -0.970405 0.000000
vn 0.238509 -0.970405 0.037776
vn 0.167826 -0.985817 0.000000
vn 0.165759 -0.985817 -0.026253
vn 0.238509 -0.970405 -0.037776
vn 0.241482 -0.970405 0.000000
vn 0.238509 -0.970405 -0.037776
vn 0.229663 -0.970405 -0.074622
vn 0.299839 -0.949002 -0.097424
vn 0.311388 -0.949002 -0.049318
vn 0.229663 -0.970405 -0.074622
vn 0.215162 -0.970405 -0.109630
vn 0.280907 -0.949002 -0.143129
vn 0.299839 -0.949002 -0.097424
vn 0.215162 -0.970405 -0.109630
vn 0.195363 -0.970405 -0.141939
vn 0.255058 -0.949002 -0.185311
vn 0.280907 -0.949002 -0.143129
vn 0.195363 -0.970405 -0.141939
vn 0.170753 -0.970405 -0.170753
vn 0.222929 -0.949002 -0.222929
vn 0.255058 -0.949002 -0.185311
vn 0.170753 -0.970405 -0.170753
vn 0.141939 -0.970405 -0.195363
vn 0.185311 -0.949002 -0.255058
vn 0.222929 -0.949002 -0.222929
vn 0.141939 -0.970405 -0.195363
vn 0.109631 -0.970405 -0.215162
vn 0.143129 -0.949002 -0.280907
vn 0.185311 -0.949002 -0.255058
vn 0.109631 -0.970405 -0.215162
vn 0.074622 -0.970405 -0.229663
vn 0.097424 -0.949002 -0.299839
vn 0.143129 -0.949002 -0.280907
vn 0.074622 -0.970405 -0.229663
vn 0.037776 -0.970405 -0.238509
vn 0.049319 -0.949002 -0.311388
vn 0.097424 -0.949002 -0.299839
vn 0.037776 -0.970405 -0.238509
vn 0.000000 -0.970405 -0.241482
vn 0.000000 -0.949002 -0.315269
vn 0.049319 -0.949002 -0.311388
vn 0.000000 -0.970405 -0.241482
vn -0.037776 -0.970405 -0.238509
vn -0.049319 -0.949002 -0.311388
vn 0.000000 -0.949002 -0.315269
vn -0.037776 -0.970405 -0.238509
vn -0.074622 -0.970405 -0.229663
vn -0.097424 -0.949002 -0.299839
vn -0.049319 -0.949002 -0.311388
vn -0.074622 -0.970405 -0.229663
vn -0.109630 -0.970405 -0.215162
vn -0.143129 -0.949002 -0.280907
vn -0.097424 -0.949002 -0.299839
vn -0.109630 -0.970405 -0.215162
vn -0.141939 -0.970405 -0.195363
vn -0.185311 -0.949002 -0.255058
vn -0.143129 -0.949002 -0.280907
vn -0.141939 -0.970405 -0.195363
vn -0.170753 -0.970405 -0.170753
vn -0.222929 -0.949002 -0.222929
vn -0.185311 -0.949002 -0.255058
vn -0.170753 -0.970405 -0.170753
vn -0.195363 -0.970405 -0.141939
vn -0.255058 -0.949002 -0.185311
vn -0.222929 -0.949002 -0.222929
vn -0.195363 -0.970405 -0.141939
vn -0.215162 -0.970405 -0.109631
vn -0.280907 -0.949002 -0.143129
vn -0.255058 -0.949002 -0.185311
vn -0.215162 -0.970405 -0.109631
vn -0.229663 -0.970405 -0.074622
vn -0.299839 -0.949002 -0.097424
vn -0.280907 -0.949002 -0.143129
vn -0.229663 -0.970405 -0.074622
vn -0.238509 -0.970405 -0.037776
vn -0.311388 -0.949002 -0.049319
vn -0.299839 -0.949002 -0.097424
vn -0.238509 -0.970405 -0.037776
vn -0.241482 -0.970405 0.000000
vn -0.315269 -0.949002 0.000000
vn -0.311388 -0.949002 -0.049319
vn -0.241482 -0.970405 0.000000
vn -0.238509 -0.970405 0.037776
vn -0.311388 -0.949002 0.049319
vn -0.315269 -0.949002 0.000000
vn -0.238509 -0.970405 0.037776
vn -0.229663 -0.970405 0.074622
vn -0.299839 -0.949002 0.097424
vn -0.311388 -0.949002 0.049319
vn -0.229663 -0.970405 0.074622
vn -0.215162 -0.970405 0.109630
vn -0.280907 -0.949002 0.143129
vn -0.299839 -0.949002 0.097424
vn -0.215162 -0.970405 0.109630
vn -0.195363 -0.970405 0.141940
vn -0.255058 -0.949002 0.185311
vn -0.280907 -0.949002 0.143129
vn -0.195363 -0.970405 0.141940
vn -0.170754 -0.970405 0.170754
vn -0.222929 -0.949002 0.222929
vn -0.255058 -0.949002 0.185311
vn -0.170754 -0.970405 0.170754
vn -0.141939 -0.970405 0.195363
vn -0.185311 -0.949002 0.255058
vn -0.222929 -0.949002 0.222929
vn -0.141939 -0.970405 0.195363
vn -0.109631 -0.970405 0.215162
vn -0.143129 -0.949002 0.280907
vn -0.185311 -0.949002 0.255058
vn -0.109631 -0.970405 0.215162
vn -0.074622 -0.970405 0.229663
vn -0.097424 -0.949002 0.299839
vn -0.143129 -0.949002 0.280907
vn -0.074622 -0.970405 0.229663
vn -0.037776 -0.970405 0.238509
vn -0.049319 -0.949002 0.311388
vn -0.097424 -0.949002 0.299839
vn -0.037776 -0.970405 0.238509
vn 0.000000 -0.970405 0.241482
vn 0.000000 -0.949002 0.315269
vn -0.049319 -0.949002 0.311388
vn 0.000000 -0.970405 0.241482
vn 0.037776 -0.970405 0.238509
vn 0.049319 -0.949002 0.311388
vn 0.000000 -0.949002 0.315269
vn 0.037776 -0.970405 0.238509
vn 0.074622 -0.970405 0.229663
vn 0.097424 -0.949002 0.299839
vn 0.049319 -0.949002 0.311388
vn 0.074622 -0.970405 0.229663
vn 0.109631 -0.970405 0.215162
vn 0.143129 -0.949002 0.280907
vn 0.097424 -0.949002 0.299839
vn 0.109631 -0.970405 0.215162
vn 0.141940 -0.970405 0.195363
vn 0.185311 -0.949002 0.255058
vn 0.143129 -0.949002 0.280907
vn 0.141940 -0.970405 0.195363
vn 0.170754 -0.970405 0.170754
vn 0.222929 -0.949002 0.222929
vn 0.185311 -0.949002 0.255058
vn 0.170754 -0.970405 0.170754
vn 0.195363 -0.970405 0.141940
vn 0.255058 -0.949002 0.185311
vn 0.222929 -0.949002 0.222929
vn 0.195363 -0.970405 0.141940
vn 0.215162 -0.970405 0.109630
vn 0.280907 -0.949002 0.143129
vn 0.255058 -0.949002 0.185311
vn 0.215162 -0.970405 0.109630
vn 0.229663 -0.970405 0.074622
vn 0.299839 -0.949002 0.097424
vn 0.280907 -0.949002 0.143129
vn 0.229663 -0.970405 0.074622
vn 0.238509 -0.970405 0.037776
vn 0.311388 -0.949002 0.049319
vn 0.299839 -0.949002 0.097424
vn 0.238509 -0.970405 0.037776
vn 0.241482 -0.970405 0.000000
vn 0.315269 -0.949002 0.000001
vn 0.311388 -0.949002 0.049319
vn 0.241482 -0.970405 0.000000
vn 0.238509 -0.970405 -0.037776
vn 0.311388 -0.949002 -0.049318
vn 0.315269 -0.949002 0.000001
vn 0.311388 -0.949002 -0.049318
vn 0.299839 -0.949002 -0.097424
vn 0.368796 -0.921754 -0.119829
vn 0.383001 -0.921754 -0.060661
vn 0.299839 -0.949002 -0.097424
vn 0.280907 -0.949002 -0.143129
vn 0.345510 -0.921754 -0.176046
vn 0.368796 -0.921754 -0.119829
vn 0.280907 -0.949002 -0.143129
vn 0.255058 -0.949002 -0.185311
vn 0.313716 -0.921754 -0.227928
vn 0.345510 -0.921754 -0.176046
vn 0.255058 -0.949002 -0.185311
vn 0.222929 -0.949002 -0.222929
vn 0.274198 -0.921754 -0.274198
vn 0.313716 -0.921754 -0.227928
vn 0.222929 -0.949002 -0.222929
vn 0.185311 -0.949002 -0.255058
vn 0.227928 -0.921754 -0.313716
vn 0.274198 -0.921754 -0.274198
vn 0.185311 -0.949002 -0.255058
vn 0.143129 -0.949002 -0.280907
vn 0.176046 -0.921754 -0.345510
vn 0.227928 -0.921754 -0.313716
vn 0.143129 -0.949002 -0.280907
vn 0.097424 -0.949002 -0.299839
vn 0.119829 -0.921754 -0.368796
vn 0.176046 -0.921754 -0.345510
vn 0.097424 -0.949002 -0.299839
vn 0.049319 -0.949002 -0.311388
vn 0.060661 -0.921754 -0.383001
vn 0.119829 -0.921754 -0.368796
vn 0.049319 -0.949002 -0.311388
vn 0.000000 -0.949002 -0.315269
vn 0.000000 -0.921754 -0.387775
vn 0.060661 -0.921754 -0.383001
vn 0.000000 -0.949002 -0.315269
vn -0.049319 -0.949002 -0.311388
vn -0.060661 -0.921754 -0.383000
vn 0.000000 -0.921754 -0.387775
vn -0.049319 -0.949002 -0.311388
vn -0.097424 -0.949002 -0.299839
vn -0.119829 -0.921754 -0.368796
vn -0.060661 -0.921754 -0.383000
vn -0.097424 -0.949002 -0.299839
vn -0.143129 -0.949002 -0.280907
vn -0.176046 -0.921754 -0.345510
vn -0.119829 -0.921754 -0.368796
vn -0.143129 -0.949002 -0.280907
vn -0.185311 -0.949002 -0.255058
vn -0.227928 -0.921754 -0.313716
vn -0.176046 -0.921754 -0.345510
vn -0.185311 -0.949002 -0.255058
vn -0.222929 -0.949002 -0.222929
vn -0.274198 -0.921754 -0.274198
vn -0.227928 -0.921754 -0.313716
vn -0.222929 -0.949002 -0.222929
vn -0.255058 -0.949002 -0.185311
vn -0.313716 -0.921754 -0.227928
vn -0.274198 -0.921754 -0.274198
vn -0.255058 -0.949002 -0.185311
vn -0.280907 -0.949002 -0.143129
vn -0.345510 -0.921754 -0.176046
vn -0.313716 -0.921754 -0.227928
vn -0.280907 -0.949002 -0.143129
vn -0.299839 -0.949002 -0.097424
vn -0.368796 -0.921754 -0.119829
vn -0.345510 -0.921754 -0.176046
vn -0.299839 -0.949002 -0.097424
vn -0.311388 -0.949002 -0.049319
vn -0.383001 -0.921754 -0.060661
vn -0.368796 -0.921754 -0.119829
vn -0.311388 -0.949002 -0.049319
vn -0.315269 -0.949002 0.000000
vn -0.387775 -0.921754 0.000000
vn -0.383001 -0.921754 -0.060661
vn -0.315269 -0.949002 0.000000
vn -0.311388 -0.949002 0.049319
vn -0.383001 -0.921754 0.060661
vn -0.387775 -0.921754 0.000000
vn -0.311388 -0.949002 0.049319
vn -0.299839 -0.949002 0.097424
vn -0.368796 -0.921754 0.119829
vn -0.383001 -0.921754 0.060661
vn -0.299839 -0.949002 0.097424
vn -0.280907 -0.949002 0.143129
vn -0.345510 -0.921754 0.176046
vn -0.368796 -0.921754 0.119829
vn -0.280907 -0.949002 0.143129
vn -0.255058 -0.949002 0.185311
vn -0.313716 -0.921754 0.227928
vn -0.345510 -0.921754 0.176046
vn -0.255058 -0.949002 0.185311
vn -0.222929 -0.949002 0.222929
vn -0.274198 -0.921754 0.274198
vn -0.313716 -0.921754 0.227928
vn -0.222929 -0.949002 0.222929
vn -0.185311 -0.949002 0.255058
vn -0.227928 -0.921754 0.313716
vn -0.274198 -0.921754 0.274198
vn -0.185311 -0.949002 0.255058
vn -0.143129 -0.949002 0.280907
vn -0.176046 -0.921754 0.345510
vn -0.227928 -0.921754 0.313716
vn -0.143129 -0.949002 0.280907
vn -0.097424 -0.949002 0.299839
vn -0.119829 -0.921754 0.368796
vn -0.176046 -0.921754 0.345510
vn -0.097424 -0.949002 0.299839
vn -0.049319 -0.949002 0.311388
vn -0.060661 -0.921754 0.383001
vn -0.119829 -0.921754 0.368796
vn -0.049319 -0.949002 0.311388
vn 0.000000 -0.949002 0.315269
vn 0.000000 -0.921754 0.387775
vn -0.060661 -0.921754 0.383001
vn 0.000000 -0.949002 0.315269
vn 0.049319 -0.949002 0.311388
vn 0.060661 -0.921754 0.383001
vn 0.000000 -0.921754 0.387775
vn 0.049319 -0.949002 0.311388
vn 0.097424 -0.949002 0.299839
vn 0.119829 -0.921754 0.368796
vn 0.060661 -0.921754 0.383001
vn 0.097424 -0.949002 0.299839
vn 0.143129 -0.949002 0.280907
vn 0.176046 -0.921754 0.345510
vn 0.119829 -0.921754 0.368796
vn 0.143129 -0.949002 0.280907
vn 0.185311 -0.949002 0.255058
vn 0.227928 -0.921754 0.313716
vn 0.176046 -0.921754 0.345510
vn 0.185311 -0.949002 0.255058
vn 0.222929 -0.949002 0.222929
vn 0.274198 -0.921754 0.274198
vn 0.227928 -0.921754 0.313716
vn 0.222929 -0.949002 0.222929
vn 0.255058 -0.949002 0.185311
vn 0.313716 -0.921754 0.227928
vn 0.274198 -0.921754 0.274198
vn 0.255058 -0.949002 0.185311
vn 0.280907 -0.949002 0.143129
vn 0.345510 -0.921754 0.176046
vn 0.313716 -0.921754 0.227928
vn 0.280907 -0.949002 0.143129
vn 0.299839 -0.949002 0.097424
vn 0.368796 -0.921754 0.119829
vn 0.345510 -0.921754 0.176046
vn 0.299839 -0.949002 0.097424
vn 0.311388 -0.949002 0.049319
vn 0.383001 -0.921754 0.060661
vn 0.368796 -0.921754 0.119829
vn 0.311388 -0.949002 0.049319
vn 0.315269 -0.949002 0.000001
vn 0.387775 -0.921754 0.000001
vn 0.383001 -0.921754 0.060661
vn 0.315269 -0.949002 0.000001
vn 0.311388 -0.949002 -0.049318
vn 0.383001 -0.921754 -0.060661
vn 0.387775 -0.921754 0.000001
vn 0.383001 -0.921754 -0.060661
vn 0.368796 -0.921754 -0.119829
vn 0.435802 -0.888834 -0.141601
vn 0.452588 -0.888834 -0.071682
vn 0.368796 -0.921754 -0.119829
vn 0.345510 -0.921754 -0.176046
vn 0.408286 -0.888834 -0.208032
vn 0.435802 -0.888834 -0.141601
vn 0.345510 -0.921754 -0.176046
vn 0.313716 -0.921754 -0.227928
vn 0.370716 -0.888834 -0.269340
vn 0.408286 -0.888834 -0.208032
vn 0.313716 -0.921754 -0.227928
vn 0.274198 -0.921754 -0.274198
vn 0.324017 -0.888834 -0.324017
vn 0.370716 -0.888834 -0.269340
vn 0.274198 -0.921754 -0.274198
vn 0.227928 -0.921754 -0.313716
vn 0.269341 -0.888834 -0.370716
vn 0.324017 -0.888834 -0.324017
vn 0.227928 -0.921754 -0.313716
vn 0.176046 -0.921754 -0.345510
vn 0.208032 -0.888834 -0.408286
vn 0.269341 -0.888834 -0.370716
vn 0.176046 -0.921754 -0.345510
vn 0.119829 -0.921754 -0.368796
vn 0.141601 -0.888834 -0.435802
vn 0.208032 -0.888834 -0.408286
vn 0.119829 -0.921754 -0.368796
vn 0.060661 -0.921754 -0.383001
vn 0.071683 -0.888834 -0.452588
vn 0.141601 -0.888834 -0.435802
vn 0.060661 -0.921754 -0.383001
vn 0.000000 -0.921754 -0.387775
vn 0.000000 -0.888834 -0.458230
vn 0.071683 -0.888834 -0.452588
vn 0.000000 -0.921754 -0.387775
vn -0.060661 -0.921754 -0.383000
vn -0.071683 -0.888834 -0.452588
vn 0.000000 -0.888834 -0.458230
vn -0.060661 -0.921754 -0.383000
vn -0.119829 -0.921754 -0.368796
vn -0.141601 -0.888834 -0.435802
vn -0.071683 -0.888834 -0.452588
vn -0.119829 -0.921754 -0.368796
vn -0.176046 -0.921754 -0.345510
vn -0.208032 -0.888834 -0.408286
vn -0.141601 -0.888834 -0.435802
vn -0.176046 -0.921754 -0.345510
vn -0.227928 -0.921754 -0.313716
vn -0.269341 -0.888834 -0.370716
vn -0.208032 -0.888834 -0.408286
vn -0.227928 -0.921754 -0.313716
vn -0.274198 -0.921754 -0.274198
vn -0.324017 -0.888834 -0.324017
vn -0.269341 -0.888834 -0.370716
vn -0.274198 -0.921754 -0.274198
vn -0.313716 -0.921754 -0.227928
vn -0.370716 -0.888834 -0.269341
vn -0.324017 -0.888834 -0.324017
vn -0.313716 -0.921754 -0.227928
vn -0.345510 -0.921754 -0.176046
vn -0.408286 -0.888834 -0.208032
vn -0.370716 -0.888834 -0.269341
vn -0.345510 -0.921754 -0.176046
vn -0.368796 -0.921754 -0.119829
vn -0.435802 -0.888834 -0.141601
vn -0.408286 -0.888834 -0.208032
vn -0.368796 -0.921754 -0.119829
vn -0.383001 -0.921754 -0.060661
vn -0.452588 -0.888834 -0.071683
vn -0.435802 -0.888834 -0.141601
vn -0.383001 -0.921754 -0.060661
vn -0.387775 -0.921754 0.000000
vn -0.458230 -0.888834 0.000000
vn -0.452588 -0.888834 -0.071683
vn -0.387775 -0.921754 0.000000
vn -0.383001 -0.921754 0.060661
vn -0.452588 -0.888834 0.071683
vn -0.458230 -0.888834 0.000000
vn -0.383001 -0.921754 0.060661
vn -0.368796 -0.921754 0.119829
vn -0.435802 -0.888834 0.141601
vn -0.452588 -0.888834 0.071683
vn -0.368796 -0.921754 0.119829
vn -0.345510 -0.921754 0.176046
vn -0.408286 -0.888834 0.208032
vn -0.435802 -0.888834 0.141601
vn -0.345510 -0.921754 0.176046
vn -0.313716 -0.921754 0.227928
vn -0.370715 -0.888834 0.269341
vn -0.408286 -0.888834 0.208032
vn -0.313716 -0.921754 0.227928
vn -0.274198 -0.921754 0.274198
vn -0.324017 -0.888834 0.324017
vn -0.370715 -0.888834 0.269341
vn -0.274198 -0.921754 0.274198
vn -0.227928 -0.921754 0.313716
vn -0.269341 -0.888834 0.370716
vn -0.324017 -0.888834 0.324017
vn -0.227928 -0.921754 0.313716
vn -0.176046 -0.921754 0.345510
vn -0.208032 -0.888834 0.408286
vn -0.269341 -0.888834 0.370716
vn -0.176046 -0.921754 0.345510
vn -0.119829 -0.921754 0.368796
vn -0.141601 -0.888834 0.435802
vn -0.208032 -0.888834 0.408286
vn -0.119829 -0.921754 0.368796
vn -0.060661 -0.921754 0.383001
vn -0.071683 -0.888834 0.452588
vn -0.141601 -0.888834 0.435802
vn -0.060661 -0.921754 0.383001
vn 0.000000 -0.921754 0.387775
vn 0.000000 -0.888834 0.458230
vn -0.071683 -0.888834 0.452588
vn 0.000000 -0.921754 0.387775
vn 0.060661 -0.921754 0.383001
vn 0.071683 -0.888834 0.452588
vn 0.000000 -0.888834 0.458230
vn 0.060661 -0.921754 0.383001
vn 0.119829 -0.921754 0.368796
vn 0.141601 -0.888834 0.435802
vn 0.071683 -0.888834 0.452588
vn 0.119829 -0.921754 0.368796
vn 0.176046 -0.921754 0.345510
vn 0.208032 -0.888834 0.408286
vn 0.141601 -0.888834 0.435802
vn 0.176046 -0.921754 0.345510
vn 0.227928 -0.921754 0.313716
vn 0.269341 -0.888834 0.370716
vn 0.208032 -0.888834 0.408286
vn 0.227928 -0.921754 0.313716
vn 0.274198 -0.921754 0.274198
vn 0.324018 -0.888834 0.324017
vn 0.269341 -0.888834 0.370716
vn 0.274198 -0.921754 0.274198
vn 0.313716 -0.921754 0.227928
vn 0.370716 -0.888834 0.269341
vn 0.324018 -0.888834 0.324017
vn 0.313716 -0.921754 0.227928
vn 0.345510 -0.921754 0.176046
vn 0.408286 -0.888834 0.208032
vn 0.370716 -0.888834 0.269341
vn 0.345510 -0.921754 0.176046
vn 0.368796 -0.921754 0.119829
vn 0.435803 -0.888834 0.141601
vn 0.408286 -0.888834 0.208032
vn 0.368796 -0.921754 0.119829
vn 0.383001 -0.921754 0.060661
vn 0.452588 -0.888834 0.071683
vn 0.435803 -0.888834 0.141601
vn 0.383001 -0.921754 0.060661
vn 0.387775 -0.921754 0.000001
vn 0.458230 -0.888834 0.000001
vn 0.452588 -0.888834 0.071683
vn 0.387775 -0.921754 0.000001
vn 0.383001 -0.921754 -0.060661
vn 0.452588 -0.888834 -0.071682
vn 0.458230 -0.888834 0.000001
vn 0.452588 -0.888834 -0.071682
vn 0.435802 -0.888834 -0.141601
vn 0.500313 -0.850447 -0.162561
vn 0.519584 -0.850447 -0.082293
vn 0.435802 -0.888834 -0.141601
vn 0.408286 -0.888834 -0.208032
vn 0.468723 -0.850447 -0.238826
vn 0.500313 -0.850447 -0.162561
vn 0.408286 -0.888834 -0.208032
vn 0.370716 -0.888834 -0.269340
vn 0.425592 -0.850447 -0.309210
vn 0.468723 -0.850447 -0.238826
vn 0.370716 -0.888834 -0.269340
vn 0.324017 -0.888834 -0.324017
vn 0.371981 -0.850447 -0.371981
vn 0.425592 -0.850447 -0.309210
vn 0.324017 -0.888834 -0.324017
vn 0.269341 -0.888834 -0.370716
vn 0.309211 -0.850447 -0.425592
vn 0.371981 -0.850447 -0.371981
vn 0.269341 -0.888834 -0.370716
vn 0.208032 -0.888834 -0.408286
vn 0.238826 -0.850447 -0.468723
vn 0.309211 -0.850447 -0.425592
vn 0.208032 -0.888834 -0.408286
vn 0.141601 -0.888834 -0.435802
vn 0.162562 -0.850447 -0.500313
vn 0.238826 -0.850447 -0.468723
vn 0.141601 -0.888834 -0.435802
vn 0.071683 -0.888834 -0.452588
vn 0.082294 -0.850447 -0.519584
vn 0.162562 -0.850447 -0.500313
vn 0.071683 -0.888834 -0.452588
vn 0.000000 -0.888834 -0.458230
vn 0.000000 -0.850447 -0.526060
vn 0.082294 -0.850447 -0.519584
vn 0.000000 -0.888834 -0.458230
vn -0.071683 -0.888834 -0.452588
vn -0.082294 -0.850447 -0.519584
vn 0.000000 -0.850447 -0.526060
vn -0.071683 -0.888834 -0.452588
vn -0.141601 -0.888834 -0.435802
vn -0.162562 -0.850447 -0.500313
vn -0.082294 -0.850447 -0.519584
vn -0.141601 -0.888834 -0.435802
vn -0.208032 -0.888834 -0.408286
vn -0.238826 -0.850447 -0.468723
vn -0.162562 -0.850447 -0.500313
vn -0.208032 -0.888834 -0.408286
vn -0.269341 -0.888834 -0.370716
vn -0.309210 -0.850447 -0.425592
vn -0.238826 -0.850447 -0.468723
vn -0.269341 -0.888834 -0.370716
vn -0.324017 -0.888834 -0.324017
vn -0.371981 -0.850447 -0.371981
vn -0.309210 -0.850447 -0.425592
vn -0.324017 -0.888834 -0.324017
vn -0.370716 -0.888834 -0.269341
vn -0.425592 -0.850447 -0.309211
vn -0.371981 -0.850447 -0.371981
vn -0.370716 -0.888834 -0.269341
vn -0.408286 -0.888834 -0.208032
vn -0.468723 -0.850447 -0.238826
vn -0.425592 -0.850447 -0.309211
vn -0.408286 -0.888834 -0.208032
vn -0.435802 -0.888834 -0.141601
vn -0.500313 -0.850447 -0.162562
vn -0.468723 -0.850447 -0.238826
vn -0.435802 -0.888834 -0.141601
vn -0.452588 -0.888834 -0.071683
vn -0.519584 -0.850447 -0.082294
vn -0.500313 -0.850447 -0.162562
vn -0.452588 -0.888834 -0.071683
vn -0.458230 -0.888834 0.000000
vn -0.526060 -0.850447 0.000000
vn -0.519584 -0.850447 -0.082294
vn -0.458230 -0.888834 0.000000
vn -0.452588 -0.888834 0.071683
vn -0.519584 -0.850447 0.082294
vn -0.526060 -0.850447 0.000000
vn -0.452588 -0.888834 0.071683
vn -0.435802 -0.888834 0.141601
vn -0.500313 -0.850447 0.162562
vn -0.519584 -0.850447 0.082294
vn -0.435802 -0.888834 0.141601
vn -0.408286 -0.888834 0.208032
vn -0.468723 -0.850447 0.238826
vn -0.500313 -0.850447 0.162562
vn -0.408286 -0.888834 0.208032
vn -0.370715 -0.888834 0.269341
vn -0.425592 -0.850447 0.309211
vn -0.468723 -0.850447 0.238826
vn -0.370715 -0.888834 0.269341
vn -0.324017 -0.888834 0.324017
vn -0.371981 -0.850447 0.371981
vn -0.425592 -0.850447 0.309211
vn -0.324017 -0.888834 0.324017
vn -0.269341 -0.888834 0.370716
vn -0.309211 -0.850447 0.425592
vn -0.371981 -0.850447 0.371981
vn -0.269341 -0.888834 0.370716
vn -0.208032 -0.888834 0.408286
vn -0.238827 -0.850447 0.468723
vn -0.309211 -0.850447 0.425592
vn -0.208032 -0.888834 0.408286
vn -0.141601 -0.888834 0.435802
vn -0.162562 -0.850447 0.500313
vn -0.238827 -0.850447 0.468723
vn -0.141601 -0.888834 0.435802
vn -0.071683 -0.888834 0.452588
vn -0.082294 -0.850447 0.519584
vn -0.162562 -0.850447 0.500313
vn -0.071683 -0.888834 0.452588
vn 0.000000 -0.888834 0.458230
vn 0.000000 -0.850447 0.526060
vn -0.082294 -0.850447 0.519584
vn 0.000000 -0.888834 0.458230
vn 0.071683 -0.888834 0.452588
vn 0.082294 -0.850447 0.519584
vn 0.000000 -0.850447 0.526060
vn 0.071683 -0.888834 0.452588
vn 0.141601 -0.888834 0.435802
vn 0.162562 -0.850447 0.500313
vn 0.082294 -0.850447 0.519584
vn 0.141601 -0.888834 0.435802
vn 0.208032 -0.888834 0.408286
vn 0.238826 -0.850447 0.468723
vn 0.162562 -0.850447 0.500313
vn 0.208032 -0.888834 0.408286
vn 0.269341 -0.888834 0.370716
vn 0.309211 -0.850447 0.425592
vn 0.238826 -0.850447 0.468723
vn 0.269341 -0.888834 0.370716
vn 0.324018 -0.888834 0.324017
vn 0.371981 -0.850447 0.371981
vn 0.309211 -0.850447 0.425592
vn 0.324018 -0.888834 0.324017
vn 0.370716 -0.888834 0.269341
vn 0.425592 -0.850447 0.309210
vn 0.371981 -0.850447 0.371981
vn 0.370716 -0.888834 0.269341
vn 0.408286 -0.888834 0.208032
vn 0.468723 -0.850447 0.238826
vn 0.425592 -0.850447 0.309210
vn 0.408286 -0.888834 0.208032
vn 0.435803 -0.888834 0.141601
vn 0.500313 -0.850447 0.162562
vn 0.468723 -0.850447 0.238826
vn 0.435803 -0.888834 0.141601
vn 0.452588 -0.888834 0.071683
vn 0.519584 -0.850447 0.082294
vn 0.500313 -0.850447 0.162562
vn 0.452588 -0.888834 0.071683
vn 0.458230 -0.888834 0.000001
vn 0.526060 -0.850447 0.000001
vn 0.519584 -0.850447 0.082294
vn 0.458230 -0.888834 0.000001
vn 0.452588 -0.888834 -0.071682
vn 0.519584 -0.850447 -0.082293
vn 0.526060 -0.850447 0.000001
vn 0.519584 -0.850447 -0.082293
vn 0.500313 -0.850447 -0.162561
vn 0.561864 -0.806833 -0.182561
vn 0.583506 -0.806833 -0.092417
vn 0.500313 -0.850447 -0.162561
vn 0.468723 -0.850447 -0.238826
vn 0.526388 -0.806833 -0.268208
vn 0.561864 -0.806833 -0.182561
vn 0.468723 -0.850447 -0.238826
vn 0.425592 -0.850447 -0.309210
vn 0.477950 -0.806834 -0.347251
vn 0.526388 -0.806833 -0.268208
vn 0.425592 -0.850447 -0.309210
vn 0.371981 -0.850447 -0.371981
vn 0.417744 -0.806833 -0.417744
vn 0.477950 -0.806834 -0.347251
vn 0.371981 -0.850447 -0.371981
vn 0.309211 -0.850447 -0.425592
vn 0.347251 -0.806834 -0.477950
vn 0.417744 -0.806833 -0.417744
vn 0.309211 -0.850447 -0.425592
vn 0.238826 -0.850447 -0.468723
vn 0.268208 -0.806834 -0.526388
vn 0.347251 -0.806834 -0.477950
vn 0.238826 -0.850447 -0.468723
vn 0.162562 -0.850447 -0.500313
vn 0.182561 -0.806834 -0.561864
vn 0.268208 -0.806834 -0.526388
vn 0.162562 -0.850447 -0.500313
vn 0.082294 -0.850447 -0.519584
vn 0.092418 -0.806834 -0.583505
vn 0.182561 -0.806834 -0.561864
vn 0.082294 -0.850447 -0.519584
vn 0.000000 -0.850447 -0.526060
vn 0.000000 -0.806834 -0.590779
vn 0.092418 -0.806834 -0.583505
vn 0.000000 -0.850447 -0.526060
vn -0.082294 -0.850447 -0.519584
vn -0.092418 -0.806834 -0.583505
vn 0.000000 -0.806834 -0.590779
vn -0.082294 -0.850447 -0.519584
vn -0.162562 -0.850447 -0.500313
vn -0.182561 -0.806834 -0.561864
vn -0.092418 -0.806834 -0.583505
vn -0.162562 -0.850447 -0.500313
vn -0.238826 -0.850447 -0.468723
vn -0.268208 -0.806833 -0.526388
vn -0.182561 -0.806834 -0.561864
vn -0.238826 -0.850447 -0.468723
vn -0.309210 -0.850447 -0.425592
vn -0.347251 -0.806834 -0.477950
vn -0.268208 -0.806833 -0.526388
vn -0.309210 -0.850447 -0.425592
vn -0.371981 -0.850447 -0.371981
vn -0.417744 -0.806833 -0.417744
vn -0.347251 -0.806834 -0.477950
vn -0.371981 -0.850447 -0.371981
vn -0.425592 -0.850447 -0.309211
vn -0.477950 -0.806834 -0.347251
vn -0.417744 -0.806833 -0.417744
vn -0.425592 -0.850447 -0.309211
vn -0.468723 -0.850447 -0.238826
vn -0.526388 -0.806833 -0.268208
vn -0.477950 -0.806834 -0.347251
vn -0.468723 -0.850447 -0.238826
vn -0.500313 -0.850447 -0.162562
vn -0.561864 -0.806833 -0.182561
vn -0.526388 -0.806833 -0.268208
vn -0.500313 -0.850447 -0.162562
vn -0.519584 -0.850447 -0.082294
vn -0.583506 -0.806833 -0.092418
vn -0.561864 -0.806833 -0.182561
vn -0.519584 -0.850447 -0.082294
vn -0.526060 -0.850447 0.000000
vn -0.590779 -0.806833 0.000000
vn -0.583506 -0.806833 -0.092418
vn -0.526060 -0.850447 0.000000
vn -0.519584 -0.850447 0.082294
vn -0.583506 -0.806833 0.092418
vn -0.590779 -0.806833 0.000000
vn -0.519584 -0.850447 0.082294
vn -0.500313 -0.850447 0.162562
vn -0.561864 -0.806834 0.182561
vn -0.583506 -0.806833 0.092418
vn -0.500313 -0.850447 0.162562
vn -0.468723 -0.850447 0.238826
vn -0.526388 -0.806833 0.268208
vn -0.561864 -0.806834 0.182561
vn -0.468723 -0.850447 0.238826
vn -0.425592 -0.850447 0.309211
vn -0.477950 -0.806834 0.347251
vn -0.526388 -0.806833 0.268208
vn -0.425592 -0.850447 0.309211
vn -0.371981 -0.850447 0.371981
vn -0.417744 -0.806833 0.417744
vn -0.477950 -0.806834 0.347251
vn -0.371981 -0.850447 0.371981
vn -0.309211 -0.850447 0.425592
vn -0.347251 -0.806834 0.477950
vn -0.417744 -0.806833 0.417744
vn -0.309211 -0.850447 0.425592
vn -0.238827 -0.850447 0.468723
vn -0.268208 -0.806833 0.526388
vn -0.347251 -0.806834 0.477950
vn -0.238827 -0.850447 0.468723
vn -0.162562 -0.850447 0.500313
vn -0.182561 -0.806834 0.561864
vn -0.268208 -0.806833 0.526388
vn -0.162562 -0.850447 0.500313
vn -0.082294 -0.850447 0.519584
vn -0.092418 -0.806833 0.583506
vn -0.182561 -0.806834 0.561864
vn -0.082294 -0.850447 0.519584
vn 0.000000 -0.850447 0.526060
vn 0.000000 -0.806834 0.590779
vn -0.092418 -0.806833 0.583506
vn 0.000000 -0.850447 0.526060
vn 0.082294 -0.850447 0.519584
vn 0.092418 -0.806833 0.583506
vn 0.000000 -0.806834 0.590779
vn 0.082294 -0.850447 0.519584
vn 0.162562 -0.850447 0.500313
vn 0.182561 -0.806833 0.561864
vn 0.092418 -0.806833 0.583506
vn 0.162562 -0.850447 0.500313
vn 0.238826 -0.850447 0.468723
vn 0.268208 -0.806834 0.526388
vn 0.182561 -0.806833 0.561864
vn 0.238826 -0.850447 0.468723
vn 0.309211 -0.850447 0.425592
vn 0.347251 -0.806834 0.477950
vn 0.268208 -0.806834 0.526388
vn 0.309211 -0.850447 0.425592
vn 0.371981 -0.850447 0.371981
vn 0.417744 -0.806833 0.417744
vn 0.347251 -0.806834 0.477950
vn 0.371981 -0.850447 0.371981
vn 0.425592 -0.850447 0.309210
vn 0.477950 -0.806834 0.347251
vn 0.417744 -0.806833 0.417744
vn 0.425592 -0.850447 0.309210
vn 0.468723 -0.850447 0.238826
vn 0.526388 -0.806833 0.268208
vn 0.477950 -0.806834 0.347251
vn 0.468723 -0.850447 0.238826
vn 0.500313 -0.850447 0.162562
vn 0.561864 -0.806833 0.182561
vn 0.526388 -0.806833 0.268208
vn 0.500313 -0.850447 0.162562
vn 0.519584 -0.850447 0.082294
vn 0.583506 -0.806833 0.092418
vn 0.561864 -0.806833 0.182561
vn 0.519584 -0.850447 0.082294
vn 0.526060 -0.850447 0.000001
vn 0.590779 -0.806833 0.000001
vn 0.583506 -0.806833 0.092418
vn 0.526060 -0.850447 0.000001
vn 0.519584 -0.850447 -0.082293
vn 0.583506 -0.806833 -0.092417
vn 0.590779 -0.806833 0.000001
vn 0.583506 -0.806833 -0.092417
vn 0.561864 -0.806833 -0.182561
vn 0.620042 -0.758262 -0.201464
vn 0.643924 -0.758262 -0.101986
vn 0.561864 -0.806833 -0.182561
vn 0.526388 -0.806833 -0.268208
vn 0.580892 -0.758262 -0.295979
vn 0.620042 -0.758262 -0.201464
vn 0.526388 -0.806833 -0.268208
vn 0.477950 -0.806834 -0.347251
vn 0.527439 -0.758262 -0.383207
vn 0.580892 -0.758262 -0.295979
vn 0.477950 -0.806834 -0.347251
vn 0.417744 -0.806833 -0.417744
vn 0.460999 -0.758261 -0.460999
vn 0.527439 -0.758262 -0.383207
vn 0.417744 -0.806833 -0.417744
vn 0.347251 -0.806834 -0.477950
vn 0.383207 -0.758262 -0.527439
vn 0.460999 -0.758261 -0.460999
vn 0.347251 -0.806834 -0.477950
vn 0.268208 -0.806834 -0.526388
vn 0.295979 -0.758262 -0.580892
vn 0.383207 -0.758262 -0.527439
vn 0.268208 -0.806834 -0.526388
vn 0.182561 -0.806834 -0.561864
vn 0.201464 -0.758262 -0.620042
vn 0.295979 -0.758262 -0.580892
vn 0.182561 -0.806834 -0.561864
vn 0.092418 -0.806834 -0.583505
vn 0.101988 -0.758262 -0.643924
vn 0.201464 -0.758262 -0.620042
vn 0.092418 -0.806834 -0.583505
vn 0.000000 -0.806834 -0.590779
vn 0.000000 -0.758262 -0.651950
vn 0.101988 -0.758262 -0.643924
vn 0.000000 -0.806834 -0.590779
vn -0.092418 -0.806834 -0.583505
vn -0.101988 -0.758262 -0.643924
vn 0.000000 -0.758262 -0.651950
vn -0.092418 -0.806834 -0.583505
vn -0.182561 -0.806834 -0.561864
vn -0.201464 -0.758262 -0.620042
vn -0.101988 -0.758262 -0.643924
vn -0.182561 -0.806834 -0.561864
vn -0.268208 -0.806833 -0.526388
vn -0.295979 -0.758262 -0.580892
vn -0.201464 -0.758262 -0.620042
vn -0.268208 -0.806833 -0.526388
vn -0.347251 -0.806834 -0.477950
vn -0.383207 -0.758262 -0.527439
vn -0.295979 -0.758262 -0.580892
vn -0.347251 -0.806834 -0.477950
vn -0.417744 -0.806833 -0.417744
vn -0.460999 -0.758261 -0.460999
vn -0.383207 -0.758262 -0.527439
vn -0.417744 -0.806833 -0.417744
vn -0.477950 -0.806834 -0.347251
vn -0.527439 -0.758262 -0.383207
vn -0.460999 -0.758261 -0.460999
vn -0.477950 -0.806834 -0.347251
vn -0.526388 -0.806833 -0.268208
vn -0.580892 -0.758262 -0.295979
vn -0.527439 -0.758262 -0.383207
vn -0.526388 -0.806833 -0.268208
vn -0.561864 -0.806833 -0.182561
vn -0.620042 -0.758262 -0.201464
vn -0.580892 -0.758262 -0.295979
vn -0.561864 -0.806833 -0.182561
vn -0.583506 -0.806833 -0.092418
vn -0.643924 -0.758262 -0.101987
vn -0.620042 -0.758262 -0.201464
vn -0.583506 -0.806833 -0.092418
vn -0.590779 -0.806833 0.000000
vn -0.651951 -0.758261 0.000000
vn -0.643924 -0.758262 -0.101987
vn -0.590779 -0.806833 0.000000
vn -0.583506 -0.806833 0.092418
vn -0.643924 -0.758262 0.101987
vn -0.651951 -0.758261 0.000000
vn -0.583506 -0.806833 0.092418
vn -0.561864 -0.806834 0.182561
vn -0.620042 -0.758262 0.201464
vn -0.643924 -0.758262 0.101987
vn -0.561864 -0.806834 0.182561
vn -0.526388 -0.806833 0.268208
vn -0.580892 -0.758262 0.295979
vn -0.620042 -0.758262 0.201464
vn -0.526388 -0.806833 0.268208
vn -0.477950 -0.806834 0.347251
vn -0.527439 -0.758261 0.383207
vn -0.580892 -0.758262 0.295979
vn -0.477950 -0.806834 0.347251
vn -0.417744 -0.806833 0.417744
vn -0.460999 -0.758261 0.460999
vn -0.527439 -0.758261 0.383207
vn -0.417744 -0.806833 0.417744
vn -0.347251 -0.806834 0.477950
vn -0.383207 -0.758262 0.527439
vn -0.460999 -0.758261 0.460999
vn -0.347251 -0.806834 0.477950
vn -0.268208 -0.806833 0.526388
vn -0.295979 -0.758261 0.580892
vn -0.383207 -0.758262 0.527439
vn -0.268208 -0.806833 0.526388
vn -0.182561 -0.806834 0.561864
vn -0.201464 -0.758262 0.620042
vn -0.295979 -0.758261 0.580892
vn -0.182561 -0.806834 0.561864
vn -0.092418 -0.806833 0.583506
vn -0.101987 -0.758262 0.643924
vn -0.201464 -0.758262 0.620042
vn -0.092418 -0.806833 0.583506
vn 0.000000 -0.806834 0.590779
vn 0.000000 -0.758262 0.651950
vn -0.101987 -0.758262 0.643924
vn 0.000000 -0.806834 0.590779
vn 0.092418 -0.806833 0.583506
vn 0.101987 -0.758262 0.643924
vn 0.000000 -0.758262 0.651950
vn 0.092418 -0.806833 0.583506
vn 0.182561 -0.806833 0.561864
vn 0.201464 -0.758262 0.620042
vn 0.101987 -0.758262 0.643924
vn 0.182561 -0.806833 0.561864
vn 0.268208 -0.806834 0.526388
vn 0.295979 -0.758261 0.580892
vn 0.201464 -0.758262 0.620042
vn 0.268208 -0.806834 0.526388
vn 0.347251 -0.806834 0.477950
vn 0.383207 -0.758262 0.527439
vn 0.295979 -0.758261 0.580892
vn 0.347251 -0.806834 0.477950
vn 0.417744 -0.806833 0.417744
vn 0.460999 -0.758261 0.460999
vn 0.383207 -0.758262 0.527439
vn 0.417744 -0.806833 0.417744
vn 0.477950 -0.806834 0.347251
vn 0.527439 -0.758261 0.383207
vn 0.460999 -0.758261 0.460999
vn 0.477950 -0.806834 0.347251
vn 0.526388 -0.806833 0.268208
vn 0.580893 -0.758261 0.295979
vn 0.527439 -0.758261 0.383207
vn 0.526388 -0.806833 0.268208
vn 0.561864 -0.806833 0.182561
vn 0.620042 -0.758261 0.201464
vn 0.580893 -0.758261 0.295979
vn 0.561864 -0.806833 0.182561
vn 0.583506 -0.806833 0.092418
vn 0.643924 -0.758261 0.101988
vn 0.620042 -0.758261 0.201464
vn 0.583506 -0.806833 0.092418
vn 0.590779 -0.806833 0.000001
vn 0.651951 -0.758261 0.000001
vn 0.643924 -0.758261 0.101988
vn 0.590779 -0.806833 0.000001
vn 0.583506 -0.806833 -0.092417
vn 0.643924 -0.758262 -0.101986
vn 0.651951 -0.758261 0.000001
vn 0.643924 -0.758262 -0.101986
vn 0.620042 -0.758262 -0.201464
vn 0.674465 -0.705033 -0.219147
vn 0.700444 -0.705033 -0.110938
vn 0.620042 -0.758262 -0.201464
vn 0.580892 -0.758262 -0.295979
vn 0.631880 -0.705033 -0.321958
vn 0.674465 -0.705033 -0.219147
vn 0.580892 -0.758262 -0.295979
vn 0.527439 -0.758262 -0.383207
vn 0.573735 -0.705033 -0.416842
vn 0.631880 -0.705033 -0.321958
vn 0.527439 -0.758262 -0.383207
vn 0.460999 -0.758261 -0.460999
vn 0.501462 -0.705033 -0.501462
vn 0.573735 -0.705033 -0.416842
vn 0.460999 -0.758261 -0.460999
vn 0.383207 -0.758262 -0.527439
vn 0.416843 -0.705033 -0.573734
vn 0.501462 -0.705033 -0.501462
vn 0.383207 -0.758262 -0.527439
vn 0.295979 -0.758262 -0.580892
vn 0.321959 -0.705033 -0.631879
vn 0.416843 -0.705033 -0.573734
vn 0.295979 -0.758262 -0.580892
vn 0.201464 -0.758262 -0.620042
vn 0.219147 -0.705033 -0.674465
vn 0.321959 -0.705033 -0.631879
vn 0.201464 -0.758262 -0.620042
vn 0.101988 -0.758262 -0.643924
vn 0.110940 -0.705033 -0.700444
vn 0.219147 -0.705033 -0.674465
vn 0.101988 -0.758262 -0.643924
vn 0.000000 -0.758262 -0.651950
vn 0.000000 -0.705033 -0.709175
vn 0.110940 -0.705033 -0.700444
vn 0.000000 -0.758262 -0.651950
vn -0.101988 -0.758262 -0.643924
vn -0.110940 -0.705033 -0.700444
vn 0.000000 -0.705033 -0.709175
vn -0.101988 -0.758262 -0.643924
vn -0.201464 -0.758262 -0.620042
vn -0.219147 -0.705033 -0.674466
vn -0.110940 -0.705033 -0.700444
vn -0.201464 -0.758262 -0.620042
vn -0.295979 -0.758262 -0.580892
vn -0.321958 -0.705033 -0.631880
vn -0.219147 -0.705033 -0.674466
vn -0.295979 -0.758262 -0.580892
vn -0.383207 -0.758262 -0.527439
vn -0.416842 -0.705033 -0.573735
vn -0.321958 -0.705033 -0.631880
vn -0.383207 -0.758262 -0.527439
vn -0.460999 -0.758261 -0.460999
vn -0.501462 -0.705033 -0.501462
vn -0.416842 -0.705033 -0.573735
vn -0.460999 -0.758261 -0.460999
vn -0.527439 -0.758262 -0.383207
vn -0.573734 -0.705033 -0.416842
vn -0.501462 -0.705033 -0.501462
vn -0.527439 -0.758262 -0.383207
vn -0.580892 -0.758262 -0.295979
vn -0.631879 -0.705033 -0.321959
vn -0.573734 -0.705033 -0.416842
vn -0.580892 -0.758262 -0.295979
vn -0.620042 -0.758262 -0.201464
vn -0.674465 -0.705033 -0.219147
vn -0.631879 -0.705033 -0.321959
vn -0.620042 -0.758262 -0.201464
vn -0.643924 -0.758262 -0.101987
vn -0.700444 -0.705033 -0.110939
vn -0.674465 -0.705033 -0.219147
vn -0.643924 -0.758262 -0.101987
vn -0.651951 -0.758261 0.000000
vn -0.709175 -0.705033 0.000000
vn -0.700444 -0.705033 -0.110939
vn -0.651951 -0.758261 0.000000
vn -0.643924 -0.758262 0.101987
vn -0.700444 -0.705033 0.110939
vn -0.709175 -0.705033 0.000000
vn -0.643924 -0.758262 0.101987
vn -0.620042 -0.758262 0.201464
vn -0.674465 -0.705033 0.219147
vn -0.700444 -0.705033 0.110939
vn -0.620042 -0.758262 0.201464
vn -0.580892 -0.758262 0.295979
vn -0.631879 -0.705033 0.321959
vn -0.674465 -0.705033 0.219147
vn -0.580892 -0.758262 0.295979
vn -0.527439 -0.758261 0.383207
vn -0.573735 -0.705032 0.416843
vn -0.631879 -0.705033 0.321959
vn -0.527439 -0.758261 0.383207
vn -0.460999 -0.758261 0.460999
vn -0.501462 -0.705033 0.501462
vn -0.573735 -0.705032 0.416843
vn -0.460999 -0.758261 0.460999
vn -0.383207 -0.758262 0.527439
vn -0.416843 -0.705033 0.573734
vn -0.501462 -0.705033 0.501462
vn -0.383207 -0.758262 0.527439
vn -0.295979 -0.758261 0.580892
vn -0.321959 -0.705032 0.631880
vn -0.416843 -0.705033 0.573734
vn -0.295979 -0.758261 0.580892
vn -0.201464 -0.758262 0.620042
vn -0.219147 -0.705033 0.674465
vn -0.321959 -0.705032 0.631880
vn -0.201464 -0.758262 0.620042
vn -0.101987 -0.758262 0.643924
vn -0.110939 -0.705033 0.700444
vn -0.219147 -0.705033 0.674465
vn -0.101987 -0.758262 0.643924
vn 0.000000 -0.758262 0.651950
vn 0.000000 -0.705033 0.709175
vn -0.110939 -0.705033 0.700444
vn 0.000000 -0.758262 0.651950
vn 0.101987 -0.758262 0.643924
vn 0.110939 -0.705033 0.700444
vn 0.000000 -0.705033 0.709175
vn 0.101987 -0.758262 0.643924
vn 0.201464 -0.758262 0.620042
vn 0.219147 -0.705033 0.674465
vn 0.110939 -0.705033 0.700444
vn 0.201464 -0.758262 0.620042
vn 0.295979 -0.758261 0.580892
vn 0.321959 -0.705032 0.631880
vn 0.219147 -0.705033 0.674465
vn 0.295979 -0.758261 0.580892
vn 0.383207 -0.758262 0.527439
vn 0.416843 -0.705033 0.573734
vn 0.321959 -0.705032 0.631880
vn 0.383207 -0.758262 0.527439
vn 0.460999 -0.758261 0.460999
vn 0.501463 -0.705033 0.501462
vn 0.416843 -0.705033 0.573734
vn 0.460999 -0.758261 0.460999
vn 0.527439 -0.758261 0.383207
vn 0.573735 -0.705032 0.416843
vn 0.501463 -0.705033 0.501462
vn 0.527439 -0.758261 0.383207
vn 0.580893 -0.758261 0.295979
vn 0.631880 -0.705032 0.321958
vn 0.573735 -0.705032 0.416843
vn 0.580893 -0.758261 0.295979
vn 0.620042 -0.758261 0.201464
vn 0.674466 -0.705032 0.219147
vn 0.631880 -0.705032 0.321958
vn 0.620042 -0.758261 0.201464
vn 0.643924 -0.758261 0.101988
vn 0.700444 -0.705032 0.110939
vn 0.674466 -0.705032 0.219147
vn 0.643924 -0.758261 0.101988
vn 0.651951 -0.758261 0.000001
vn 0.709175 -0.705033 0.000001
vn 0.700444 -0.705032 0.110939
vn 0.651951 -0.758261 0.000001
vn 0.643924 -0.758262 -0.101986
vn 0.700444 -0.705033 -0.110938
vn 0.709175 -0.705033 0.000001
vn 0.700444 -0.705033 -0.110938
vn 0.674465 -0.705033 -0.219147
vn 0.724787 -0.647475 -0.235498
vn 0.752704 -0.647476 -0.119215
vn 0.674465 -0.705033 -0.219147
vn 0.631880 -0.705033 -0.321958
vn 0.679024 -0.647476 -0.345980
vn 0.724787 -0.647475 -0.235498
vn 0.631880 -0.705033 -0.321958
vn 0.573735 -0.705033 -0.416842
vn 0.616541 -0.647476 -0.447943
vn 0.679024 -0.647476 -0.345980
vn 0.573735 -0.705033 -0.416842
vn 0.501462 -0.705033 -0.501462
vn 0.538877 -0.647475 -0.538876
vn 0.616541 -0.647476 -0.447943
vn 0.501462 -0.705033 -0.501462
vn 0.416843 -0.705033 -0.573734
vn 0.447943 -0.647475 -0.616541
vn 0.538877 -0.647475 -0.538876
vn 0.416843 -0.705033 -0.573734
vn 0.321959 -0.705033 -0.631879
vn 0.345980 -0.647476 -0.679024
vn 0.447943 -0.647475 -0.616541
vn 0.321959 -0.705033 -0.631879
vn 0.219147 -0.705033 -0.674465
vn 0.235498 -0.647476 -0.724787
vn 0.345980 -0.647476 -0.679024
vn 0.219147 -0.705033 -0.674465
vn 0.110940 -0.705033 -0.700444
vn 0.119217 -0.647475 -0.752704
vn 0.235498 -0.647476 -0.724787
vn 0.110940 -0.705033 -0.700444
vn 0.000000 -0.705033 -0.709175
vn 0.000000 -0.647475 -0.762086
vn 0.119217 -0.647475 -0.752704
vn 0.000000 -0.705033 -0.709175
vn -0.110940 -0.705033 -0.700444
vn -0.119217 -0.647475 -0.752704
vn 0.000000 -0.647475 -0.762086
vn -0.110940 -0.705033 -0.700444
vn -0.219147 -0.705033 -0.674466
vn -0.235497 -0.647476 -0.724787
vn -0.119217 -0.647475 -0.752704
vn -0.219147 -0.705033 -0.674466
vn -0.321958 -0.705033 -0.631880
vn -0.345980 -0.647475 -0.679024
vn -0.235497 -0.647476 -0.724787
vn -0.321958 -0.705033 -0.631880
vn -0.416842 -0.705033 -0.573735
vn -0.447943 -0.647475 -0.616541
vn -0.345980 -0.647475 -0.679024
vn -0.416842 -0.705033 -0.573735
vn -0.501462 -0.705033 -0.501462
vn -0.538876 -0.647475 -0.538876
vn -0.447943 -0.647475 -0.616541
vn -0.501462 -0.705033 -0.501462
vn -0.573734 -0.705033 -0.416842
vn -0.616541 -0.647475 -0.447943
vn -0.538876 -0.647475 -0.538876
vn -0.573734 -0.705033 -0.416842
vn -0.631879 -0.705033 -0.321959
vn -0.679024 -0.647476 -0.345980
vn -0.616541 -0.647475 -0.447943
vn -0.631879 -0.705033 -0.321959
vn -0.674465 -0.705033 -0.219147
vn -0.724787 -0.647476 -0.235498
vn -0.679024 -0.647476 -0.345980
vn -0.674465 -0.705033 -0.219147
vn -0.700444 -0.705033 -0.110939
vn -0.752704 -0.647476 -0.119216
vn -0.724787 -0.647476 -0.235498
vn -0.700444 -0.705033 -0.110939
vn -0.709175 -0.705033 0.000000
vn -0.762086 -0.647475 0.000000
vn -0.752704 -0.647476 -0.119216
vn -0.709175 -0.705033 0.000000
vn -0.700444 -0.705033 0.110939
vn -0.752704 -0.647475 0.119216
vn -0.762086 -0.647475 0.000000
vn -0.700444 -0.705033 0.110939
vn -0.674465 -0.705033 0.219147
vn -0.724787 -0.647476 0.235498
vn -0.752704 -0.647475 0.119216
vn -0.674465 -0.705033 0.219147
vn -0.631879 -0.705033 0.321959
vn -0.679024 -0.647475 0.345980
vn -0.724787 -0.647476 0.235498
vn -0.631879 -0.705033 0.321959
vn -0.573735 -0.705032 0.416843
vn -0.616541 -0.647475 0.447943
vn -0.679024 -0.647475 0.345980
vn -0.573735 -0.705032 0.416843
vn -0.501462 -0.705033 0.501462
vn -0.538876 -0.647475 0.538877
vn -0.616541 -0.647475 0.447943
vn -0.501462 -0.705033 0.501462
vn -0.416843 -0.705033 0.573734
vn -0.447943 -0.647475 0.616541
vn -0.538876 -0.647475 0.538877
vn -0.416843 -0.705033 0.573734
vn -0.321959 -0.705032 0.631880
vn -0.345980 -0.647475 0.679024
vn -0.447943 -0.647475 0.616541
vn -0.321959 -0.705032 0.631880
vn -0.219147 -0.705033 0.674465
vn -0.235498 -0.647475 0.724787
vn -0.345980 -0.647475 0.679024
vn -0.219147 -0.705033 0.674465
vn -0.110939 -0.705033 0.700444
vn -0.119216 -0.647475 0.752704
vn -0.235498 -0.647475 0.724787
vn -0.110939 -0.705033 0.700444
vn 0.000000 -0.705033 0.709175
vn 0.000000 -0.647475 0.762087
vn -0.119216 -0.647475 0.752704
vn 0.000000 -0.705033 0.709175
vn 0.110939 -0.705033 0.700444
vn 0.119216 -0.647475 0.752704
vn 0.000000 -0.647475 0.762087
vn 0.110939 -0.705033 0.700444
vn 0.219147 -0.705033 0.674465
vn 0.235498 -0.647475 0.724787
vn 0.119216 -0.647475 0.752704
vn 0.219147 -0.705033 0.674465
vn 0.321959 -0.705032 0.631880
vn 0.345980 -0.647475 0.679024
vn 0.235498 -0.647475 0.724787
vn 0.321959 -0.705032 0.631880
vn 0.416843 -0.705033 0.573734
vn 0.447943 -0.647475 0.616541
vn 0.345980 -0.647475 0.679024
vn 0.416843 -0.705033 0.573734
vn 0.501463 -0.705033 0.501462
vn 0.538877 -0.647475 0.538876
vn 0.447943 -0.647475 0.616541
vn 0.501463 -0.705033 0.501462
vn 0.573735 -0.705032 0.416843
vn 0.616541 -0.647475 0.447943
vn 0.538877 -0.647475 0.538876
vn 0.573735 -0.705032 0.416843
vn 0.631880 -0.705032 0.321958
vn 0.679024 -0.647475 0.345980
vn 0.616541 -0.647475 0.447943
vn 0.631880 -0.705032 0.321958
vn 0.674466 -0.705032 0.219147
vn 0.724787 -0.647475 0.235498
vn 0.679024 -0.647475 0.345980
vn 0.674466 -0.705032 0.219147
vn 0.700444 -0.705032 0.110939
vn 0.752704 -0.647475 0.119216
vn 0.724787 -0.647475 0.235498
vn 0.700444 -0.705032 0.110939
vn 0.709175 -0.705033 0.000001
vn 0.762086 -0.647475 0.000002
vn 0.752704 -0.647475 0.119216
vn 0.709175 -0.705033 0.000001
vn 0.700444 -0.705033 -0.110938
vn 0.752704 -0.647476 -0.119215
vn 0.762086 -0.647475 0.000002
vn 0.752704 -0.647476 -0.119215
vn 0.724787 -0.647475 -0.235498
vn 0.770690 -0.585944 -0.250412
vn 0.800375 -0.585944 -0.126765
vn 0.724787 -0.647475 -0.235498
vn 0.679024 -0.647476 -0.345980
vn 0.722029 -0.585944 -0.367892
vn 0.770690 -0.585944 -0.250412
vn 0.679024 -0.647476 -0.345980
vn 0.616541 -0.647476 -0.447943
vn 0.655589 -0.585944 -0.476313
vn 0.722029 -0.585944 -0.367892
vn 0.616541 -0.647476 -0.447943
vn 0.538877 -0.647475 -0.538876
vn 0.573005 -0.585944 -0.573005
vn 0.655589 -0.585944 -0.476313
vn 0.538877 -0.647475 -0.538876
vn 0.447943 -0.647475 -0.616541
vn 0.476313 -0.585944 -0.655588
vn 0.573005 -0.585944 -0.573005
vn 0.447943 -0.647475 -0.616541
vn 0.345980 -0.647476 -0.679024
vn 0.367892 -0.585944 -0.722029
vn 0.476313 -0.585944 -0.655588
vn 0.345980 -0.647476 -0.679024
vn 0.235498 -0.647476 -0.724787
vn 0.250413 -0.585944 -0.770690
vn 0.367892 -0.585944 -0.722029
vn 0.235498 -0.647476 -0.724787
vn 0.119217 -0.647475 -0.752704
vn 0.126767 -0.585944 -0.800375
vn 0.250413 -0.585944 -0.770690
vn 0.119217 -0.647475 -0.752704
vn 0.000000 -0.647475 -0.762086
vn 0.000000 -0.585944 -0.810352
vn 0.126767 -0.585944 -0.800375
vn 0.000000 -0.647475 -0.762086
vn -0.119217 -0.647475 -0.752704
vn -0.126767 -0.585944 -0.800375
vn 0.000000 -0.585944 -0.810352
vn -0.119217 -0.647475 -0.752704
vn -0.235497 -0.647476 -0.724787
vn -0.250412 -0.585944 -0.770690
vn -0.126767 -0.585944 -0.800375
vn -0.235497 -0.647476 -0.724787
vn -0.345980 -0.647475 -0.679024
vn -0.367892 -0.585944 -0.722029
vn -0.250412 -0.585944 -0.770690
vn -0.345980 -0.647475 -0.679024
vn -0.447943 -0.647475 -0.616541
vn -0.476313 -0.585944 -0.655589
vn -0.367892 -0.585944 -0.722029
vn -0.447943 -0.647475 -0.616541
vn -0.538876 -0.647475 -0.538876
vn -0.573005 -0.585944 -0.573005
vn -0.476313 -0.585944 -0.655589
vn -0.538876 -0.647475 -0.538876
vn -0.616541 -0.647475 -0.447943
vn -0.655588 -0.585944 -0.476313
vn -0.573005 -0.585944 -0.573005
vn -0.616541 -0.647475 -0.447943
vn -0.679024 -0.647476 -0.345980
vn -0.722029 -0.585944 -0.367892
vn -0.655588 -0.585944 -0.476313
vn -0.679024 -0.647476 -0.345980
vn -0.724787 -0.647476 -0.235498
vn -0.770690 -0.585944 -0.250413
vn -0.722029 -0.585944 -0.367892
vn -0.724787 -0.647476 -0.235498
vn -0.752704 -0.647476 -0.119216
vn -0.800375 -0.585944 -0.126767
vn -0.770690 -0.585944 -0.250413
vn -0.752704 -0.647476 -0.119216
vn -0.762086 -0.647475 0.000000
vn -0.810352 -0.585944 0.000000
vn -0.800375 -0.585944 -0.126767
vn -0.762086 -0.647475 0.000000
vn -0.752704 -0.647475 0.119216
vn -0.800375 -0.585944 0.126767
vn -0.810352 -0.585944 0.000000
vn -0.752704 -0.647475 0.119216
vn -0.724787 -0.647476 0.235498
vn -0.770691 -0.585943 0.250412
vn -0.800375 -0.585944 0.126767
vn -0.724787 -0.647476 0.235498
vn -0.679024 -0.647475 0.345980
vn -0.722029 -0.585943 0.367892
vn -0.770691 -0.585943 0.250412
vn -0.679024 -0.647475 0.345980
vn -0.616541 -0.647475 0.447943
vn -0.655589 -0.585943 0.476313
vn -0.722029 -0.585943 0.367892
vn -0.616541 -0.647475 0.447943
vn -0.538876 -0.647475 0.538877
vn -0.573005 -0.585944 0.573005
vn -0.655589 -0.585943 0.476313
vn -0.538876 -0.647475 0.538877
vn -0.447943 -0.647475 0.616541
vn -0.476313 -0.585943 0.655588
vn -0.573005 -0.585944 0.573005
vn -0.447943 -0.647475 0.616541
vn -0.345980 -0.647475 0.679024
vn -0.367892 -0.585944 0.722029
vn -0.476313 -0.585943 0.655588
vn -0.345980 -0.647475 0.679024
vn -0.235498 -0.647475 0.724787
vn -0.250413 -0.585944 0.770690
vn -0.367892 -0.585944 0.722029
vn -0.235498 -0.647475 0.724787
vn -0.119216 -0.647475 0.752704
vn -0.126767 -0.585944 0.800375
vn -0.250413 -0.585944 0.770690
vn -0.119216 -0.647475 0.752704
vn 0.000000 -0.647475 0.762087
vn 0.000000 -0.585944 0.810352
vn -0.126767 -0.585944 0.800375
vn 0.000000 -0.647475 0.762087
vn 0.119216 -0.647475 0.752704
vn 0.126767 -0.585944 0.800375
vn 0.000000 -0.585944 0.810352
vn 0.119216 -0.647475 0.752704
vn 0.235498 -0.647475 0.724787
vn 0.250413 -0.585944 0.770690
vn 0.126767 -0.585944 0.800375
vn 0.235498 -0.647475 0.724787
vn 0.345980 -0.647475 0.679024
vn 0.367892 -0.585943 0.722029
vn 0.250413 -0.585944 0.770690
vn 0.345980 -0.647475 0.679024
vn 0.447943 -0.647475 0.616541
vn 0.476313 -0.585943 0.655589
vn 0.367892 -0.585943 0.722029
vn 0.447943 -0.647475 0.616541
vn 0.538877 -0.647475 0.538876
vn 0.573006 -0.585943 0.573005
vn 0.476313 -0.585943 0.655589
vn 0.538877 -0.647475 0.538876
vn 0.616541 -0.647475 0.447943
vn 0.655589 -0.585944 0.476313
vn 0.573006 -0.585943 0.573005
vn 0.616541 -0.647475 0.447943
vn 0.679024 -0.647475 0.345980
vn 0.722029 -0.585944 0.367892
vn 0.655589 -0.585944 0.476313
vn 0.679024 -0.647475 0.345980
vn 0.724787 -0.647475 0.235498
vn 0.770691 -0.585944 0.250412
vn 0.722029 -0.585944 0.367892
vn 0.724787 -0.647475 0.235498
vn 0.752704 -0.647475 0.119216
vn 0.800375 -0.585944 0.126767
vn 0.770691 -0.585944 0.250412
vn 0.752704 -0.647475 0.119216
vn 0.762086 -0.647475 0.000002
vn 0.810352 -0.585944 0.000002
vn 0.800375 -0.585944 0.126767
vn 0.762086 -0.647475 0.000002
vn 0.752704 -0.647476 -0.119215
vn 0.800375 -0.585944 -0.126765
vn 0.810352 -0.585944 0.000002
vn 0.800375 -0.585944 -0.126765
vn 0.770690 -0.585944 -0.250412
vn 0.811887 -0.520817 -0.263798
vn 0.843159 -0.520817 -0.133541
vn 0.770690 -0.585944 -0.250412
vn 0.722029 -0.585944 -0.367892
vn 0.760624 -0.520817 -0.387557
vn 0.811887 -0.520817 -0.263798
vn 0.722029 -0.585944 -0.367892
vn 0.655589 -0.585944 -0.476313
vn 0.690632 -0.520817 -0.501774
vn 0.760624 -0.520817 -0.387557
vn 0.655589 -0.585944 -0.476313
vn 0.573005 -0.585944 -0.573005
vn 0.603635 -0.520817 -0.603635
vn 0.690632 -0.520817 -0.501774
vn 0.573005 -0.585944 -0.573005
vn 0.476313 -0.585944 -0.655588
vn 0.501774 -0.520817 -0.690632
vn 0.603635 -0.520817 -0.603635
vn 0.476313 -0.585944 -0.655588
vn 0.367892 -0.585944 -0.722029
vn 0.387558 -0.520817 -0.760624
vn 0.501774 -0.520817 -0.690632
vn 0.367892 -0.585944 -0.722029
vn 0.250413 -0.585944 -0.770690
vn 0.263798 -0.520817 -0.811887
vn 0.387558 -0.520817 -0.760624
vn 0.250413 -0.585944 -0.770690
vn 0.126767 -0.585944 -0.800375
vn 0.133543 -0.520817 -0.843158
vn 0.263798 -0.520817 -0.811887
vn 0.126767 -0.585944 -0.800375
vn 0.000000 -0.585944 -0.810352
vn 0.000000 -0.520817 -0.853668
vn 0.133543 -0.520817 -0.843158
vn 0.000000 -0.585944 -0.810352
vn -0.126767 -0.585944 -0.800375
vn -0.133543 -0.520817 -0.843158
vn 0.000000 -0.520817 -0.853668
vn -0.126767 -0.585944 -0.800375
vn -0.250412 -0.585944 -0.770690
vn -0.263798 -0.520817 -0.811887
vn -0.133543 -0.520817 -0.843158
vn -0.250412 -0.585944 -0.770690
vn -0.367892 -0.585944 -0.722029
vn -0.387557 -0.520817 -0.760624
vn -0.263798 -0.520817 -0.811887
vn -0.367892 -0.585944 -0.722029
vn -0.476313 -0.585944 -0.655589
vn -0.501774 -0.520817 -0.690632
vn -0.387557 -0.520817 -0.760624
vn -0.476313 -0.585944 -0.655589
vn -0.573005 -0.585944 -0.573005
vn -0.603635 -0.520817 -0.603635
vn -0.501774 -0.520817 -0.690632
vn -0.573005 -0.585944 -0.573005
vn -0.655588 -0.585944 -0.476313
vn -0.690632 -0.520817 -0.501774
vn -0.603635 -0.520817 -0.603635
vn -0.655588 -0.585944 -0.476313
vn -0.722029 -0.585944 -0.367892
vn -0.760624 -0.520817 -0.387558
vn -0.690632 -0.520817 -0.501774
vn -0.722029 -0.585944 -0.367892
vn -0.770690 -0.585944 -0.250413
vn -0.811887 -0.520817 -0.263798
vn -0.760624 -0.520817 -0.387558
vn -0.770690 -0.585944 -0.250413
vn -0.800375 -0.585944 -0.126767
vn -0.843158 -0.520817 -0.133543
vn -0.811887 -0.520817 -0.263798
vn -0.800375 -0.585944 -0.126767
vn -0.810352 -0.585944 0.000000
vn -0.853668 -0.520817 0.000000
vn -0.843158 -0.520817 -0.133543
vn -0.810352 -0.585944 0.000000
vn -0.800375 -0.585944 0.126767
vn -0.843158 -0.520817 0.133543
vn -0.853668 -0.520817 0.000000
vn -0.800375 -0.585944 0.126767
vn -0.770691 -0.585943 0.250412
vn -0.811887 -0.520817 0.263798
vn -0.843158 -0.520817 0.133543
vn -0.770691 -0.585943 0.250412
vn -0.722029 -0.585943 0.367892
vn -0.760624 -0.520817 0.387557
vn -0.811887 -0.520817 0.263798
vn -0.722029 -0.585943 0.367892
vn -0.655589 -0.585943 0.476313
vn -0.690632 -0.520817 0.501774
vn -0.760624 -0.520817 0.387557
vn -0.655589 -0.585943 0.476313
vn -0.573005 -0.585944 0.573005
vn -0.603635 -0.520817 0.603635
vn -0.690632 -0.520817 0.501774
vn -0.573005 -0.585944 0.573005
vn -0.476313 -0.585943 0.655588
vn -0.501774 -0.520817 0.690632
vn -0.603635 -0.520817 0.603635
vn -0.476313 -0.585943 0.655588
vn -0.367892 -0.585944 0.722029
vn -0.387558 -0.520817 0.760624
vn -0.501774 -0.520817 0.690632
vn -0.367892 -0.585944 0.722029
vn -0.250413 -0.585944 0.770690
vn -0.263798 -0.520817 0.811887
vn -0.387558 -0.520817 0.760624
vn -0.250413 -0.585944 0.770690
vn -0.126767 -0.585944 0.800375
vn -0.133543 -0.520817 0.843158
vn -0.263798 -0.520817 0.811887
vn -0.126767 -0.585944 0.800375
vn 0.000000 -0.585944 0.810352
vn 0.000000 -0.520817 0.853669
vn -0.133543 -0.520817 0.843158
vn 0.000000 -0.585944 0.810352
vn 0.126767 -0.585944 0.800375
vn 0.133543 -0.520817 0.843158
vn 0.000000 -0.520817 0.853669
vn 0.126767 -0.585944 0.800375
vn 0.250413 -0.585944 0.770690
vn 0.263798 -0.520817 0.811887
vn 0.133543 -0.520817 0.843158
vn 0.250413 -0.585944 0.770690
vn 0.367892 -0.585943 0.722029
vn 0.387557 -0.520817 0.760624
vn 0.263798 -0.520817 0.811887
vn 0.367892 -0.585943 0.722029
vn 0.476313 -0.585943 0.655589
vn 0.501774 -0.520817 0.690632
vn 0.387557 -0.520817 0.760624
vn 0.476313 -0.585943 0.655589
vn 0.573006 -0.585943 0.573005
vn 0.603635 -0.520817 0.603635
vn 0.501774 -0.520817 0.690632
vn 0.573006 -0.585943 0.573005
vn 0.655589 -0.585944 0.476313
vn 0.690632 -0.520817 0.501774
vn 0.603635 -0.520817 0.603635
vn 0.655589 -0.585944 0.476313
vn 0.722029 -0.585944 0.367892
vn 0.760624 -0.520817 0.387557
vn 0.690632 -0.520817 0.501774
vn 0.722029 -0.585944 0.367892
vn 0.770691 -0.585944 0.250412
vn 0.811887 -0.520817 0.263798
vn 0.760624 -0.520817 0.387557
vn 0.770691 -0.585944 0.250412
vn 0.800375 -0.585944 0.126767
vn 0.843158 -0.520817 0.133543
vn 0.811887 -0.520817 0.263798
vn 0.800375 -0.585944 0.126767
vn 0.810352 -0.585944 0.000002
vn 0.853668 -0.520817 0.000002
vn 0.843158 -0.520817 0.133543
vn 0.810352 -0.585944 0.000002
vn 0.800375 -0.585944 -0.126765
vn 0.843159 -0.520817 -0.133541
vn 0.853668 -0.520817 0.000002
vn 0.843159 -0.520817 -0.133541
vn 0.811887 -0.520817 -0.263798
vn 0.848121 -0.452495 -0.275571
vn 0.880788 -0.452495 -0.139501
vn 0.811887 -0.520817 -0.263798
vn 0.760624 -0.520817 -0.387557
vn 0.794570 -0.452495 -0.404853
vn 0.848121 -0.452495 -0.275571
vn 0.760624 -0.520817 -0.387557
vn 0.690632 -0.520817 -0.501774
vn 0.721455 -0.452495 -0.524167
vn 0.794570 -0.452495 -0.404853
vn 0.690632 -0.520817 -0.501774
vn 0.603635 -0.520817 -0.603635
vn 0.630575 -0.452495 -0.630574
vn 0.721455 -0.452495 -0.524167
vn 0.603635 -0.520817 -0.603635
vn 0.501774 -0.520817 -0.690632
vn 0.524168 -0.452495 -0.721455
vn 0.630575 -0.452495 -0.630574
vn 0.501774 -0.520817 -0.690632
vn 0.387558 -0.520817 -0.760624
vn 0.404854 -0.452495 -0.794570
vn 0.524168 -0.452495 -0.721455
vn 0.387558 -0.520817 -0.760624
vn 0.263798 -0.520817 -0.811887
vn 0.275571 -0.452495 -0.848121
vn 0.404854 -0.452495 -0.794570
vn 0.263798 -0.520817 -0.811887
vn 0.133543 -0.520817 -0.843158
vn 0.139503 -0.452495 -0.880788
vn 0.275571 -0.452495 -0.848121
vn 0.133543 -0.520817 -0.843158
vn 0.000000 -0.520817 -0.853668
vn 0.000000 -0.452495 -0.891767
vn 0.139503 -0.452495 -0.880788
vn 0.000000 -0.520817 -0.853668
vn -0.133543 -0.520817 -0.843158
vn -0.139503 -0.452495 -0.880788
vn 0.000000 -0.452495 -0.891767
vn -0.133543 -0.520817 -0.843158
vn -0.263798 -0.520817 -0.811887
vn -0.275571 -0.452495 -0.848121
vn -0.139503 -0.452495 -0.880788
vn -0.263798 -0.520817 -0.811887
vn -0.387557 -0.520817 -0.760624
vn -0.404854 -0.452495 -0.794570
vn -0.275571 -0.452495 -0.848121
vn -0.387557 -0.520817 -0.760624
vn -0.501774 -0.520817 -0.690632
vn -0.524167 -0.452495 -0.721455
vn -0.404854 -0.452495 -0.794570
vn -0.501774 -0.520817 -0.690632
vn -0.603635 -0.520817 -0.603635
vn -0.630574 -0.452495 -0.630574
vn -0.524167 -0.452495 -0.721455
vn -0.603635 -0.520817 -0.603635
vn -0.690632 -0.520817 -0.501774
vn -0.721455 -0.452495 -0.524168
vn -0.630574 -0.452495 -0.630574
vn -0.690632 -0.520817 -0.501774
vn -0.760624 -0.520817 -0.387558
vn -0.794570 -0.452495 -0.404854
vn -0.721455 -0.452495 -0.524168
vn -0.760624 -0.520817 -0.387558
vn -0.811887 -0.520817 -0.263798
vn -0.848121 -0.452495 -0.275571
vn -0.794570 -0.452495 -0.404854
vn -0.811887 -0.520817 -0.263798
vn -0.843158 -0.520817 -0.133543
vn -0.880788 -0.452495 -0.139503
vn -0.848121 -0.452495 -0.275571
vn -0.843158 -0.520817 -0.133543
vn -0.853668 -0.520817 0.000000
vn -0.891767 -0.452495 0.000000
vn -0.880788 -0.452495 -0.139503
vn -0.853668 -0.520817 0.000000
vn -0.843158 -0.520817 0.133543
vn -0.880788 -0.452495 0.139503
vn -0.891767 -0.452495 0.000000
vn -0.843158 -0.520817 0.133543
vn -0.811887 -0.520817 0.263798
vn -0.848121 -0.452495 0.275571
vn -0.880788 -0.452495 0.139503
vn -0.811887 -0.520817 0.263798
vn -0.760624 -0.520817 0.387557
vn -0.794570 -0.452495 0.404854
vn -0.848121 -0.452495 0.275571
vn -0.760624 -0.520817 0.387557
vn -0.690632 -0.520817 0.501774
vn -0.721455 -0.452495 0.524167
vn -0.794570 -0.452495 0.404854
vn -0.690632 -0.520817 0.501774
vn -0.603635 -0.520817 0.603635
vn -0.630575 -0.452495 0.630574
vn -0.721455 -0.452495 0.524167
vn -0.603635 -0.520817 0.603635
vn -0.501774 -0.520817 0.690632
vn -0.524168 -0.452495 0.721455
vn -0.630575 -0.452495 0.630574
vn -0.501774 -0.520817 0.690632
vn -0.387558 -0.520817 0.760624
vn -0.404854 -0.452495 0.794570
vn -0.524168 -0.452495 0.721455
vn -0.387558 -0.520817 0.760624
vn -0.263798 -0.520817 0.811887
vn -0.275571 -0.452495 0.848121
vn -0.404854 -0.452495 0.794570
vn -0.263798 -0.520817 0.811887
vn -0.133543 -0.520817 0.843158
vn -0.139503 -0.452495 0.880788
vn -0.275571 -0.452495 0.848121
vn -0.133543 -0.520817 0.843158
vn 0.000000 -0.520817 0.853669
vn 0.000000 -0.452495 0.891767
vn -0.139503 -0.452495 0.880788
vn 0.000000 -0.520817 0.853669
vn 0.133543 -0.520817 0.843158
vn 0.139503 -0.452495 0.880788
vn 0.000000 -0.452495 0.891767
vn 0.133543 -0.520817 0.843158
vn 0.263798 -0.520817 0.811887
vn 0.275571 -0.452495 0.848121
vn 0.139503 -0.452495 0.880788
vn 0.263798 -0.520817 0.811887
vn 0.387557 -0.520817 0.760624
vn 0.404854 -0.452495 0.794570
vn 0.275571 -0.452495 0.848121
vn 0.387557 -0.520817 0.760624
vn 0.501774 -0.520817 0.690632
vn 0.524168 -0.452495 0.721455
vn 0.404854 -0.452495 0.794570
vn 0.501774 -0.520817 0.690632
vn 0.603635 -0.520817 0.603635
vn 0.630574 -0.452495 0.630574
vn 0.524168 -0.452495 0.721455
vn 0.603635 -0.520817 0.603635
vn 0.690632 -0.520817 0.501774
vn 0.721455 -0.452495 0.524167
vn 0.630574 -0.452495 0.630574
vn 0.690632 -0.520817 0.501774
vn 0.760624 -0.520817 0.387557
vn 0.794570 -0.452495 0.404853
vn 0.721455 -0.452495 0.524167
vn 0.760624 -0.520817 0.387557
vn 0.811887 -0.520817 0.263798
vn 0.848121 -0.452495 0.275571
vn 0.794570 -0.452495 0.404853
vn 0.811887 -0.520817 0.263798
vn 0.843158 -0.520817 0.133543
vn 0.880788 -0.452495 0.139503
vn 0.848121 -0.452495 0.275571
vn 0.843158 -0.520817 0.133543
vn 0.853668 -0.520817 0.000002
vn 0.891767 -0.452495 0.000002
vn 0.880788 -0.452495 0.139503
vn 0.853668 -0.520817 0.000002
vn 0.843159 -0.520817 -0.133541
vn 0.880788 -0.452495 -0.139501
vn 0.891767 -0.452495 0.000002
vn 0.880788 -0.452495 -0.139501
vn 0.848121 -0.452495 -0.275571
vn 0.879167 -0.381397 -0.285659
vn 0.913031 -0.381397 -0.144608
vn 0.848121 -0.452495 -0.275571
vn 0.794570 -0.452495 -0.404853
vn 0.823657 -0.381397 -0.419674
vn 0.879167 -0.381397 -0.285659
vn 0.794570 -0.452495 -0.404853
vn 0.721455 -0.452495 -0.524167
vn 0.747864 -0.381398 -0.543355
vn 0.823657 -0.381397 -0.419674
vn 0.721455 -0.452495 -0.524167
vn 0.630575 -0.452495 -0.630574
vn 0.653658 -0.381398 -0.653657
vn 0.747864 -0.381398 -0.543355
vn 0.630575 -0.452495 -0.630574
vn 0.524168 -0.452495 -0.721455
vn 0.543355 -0.381398 -0.747864
vn 0.653658 -0.381398 -0.653657
vn 0.524168 -0.452495 -0.721455
vn 0.404854 -0.452495 -0.794570
vn 0.419674 -0.381398 -0.823656
vn 0.543355 -0.381398 -0.747864
vn 0.404854 -0.452495 -0.794570
vn 0.275571 -0.452495 -0.848121
vn 0.285659 -0.381398 -0.879167
vn 0.419674 -0.381398 -0.823656
vn 0.275571 -0.452495 -0.848121
vn 0.139503 -0.452495 -0.880788
vn 0.144610 -0.381398 -0.913030
vn 0.285659 -0.381398 -0.879167
vn 0.139503 -0.452495 -0.880788
vn 0.000000 -0.452495 -0.891767
vn 0.000000 -0.381398 -0.924411
vn 0.144610 -0.381398 -0.913030
vn 0.000000 -0.452495 -0.891767
vn -0.139503 -0.452495 -0.880788
vn -0.144610 -0.381398 -0.913030
vn 0.000000 -0.381398 -0.924411
vn -0.139503 -0.452495 -0.880788
vn -0.275571 -0.452495 -0.848121
vn -0.285659 -0.381398 -0.879167
vn -0.144610 -0.381398 -0.913030
vn -0.275571 -0.452495 -0.848121
vn -0.404854 -0.452495 -0.794570
vn -0.419674 -0.381397 -0.823656
vn -0.285659 -0.381398 -0.879167
vn -0.404854 -0.452495 -0.794570
vn -0.524167 -0.452495 -0.721455
vn -0.543355 -0.381397 -0.747864
vn -0.419674 -0.381397 -0.823656
vn -0.524167 -0.452495 -0.721455
vn -0.630574 -0.452495 -0.630574
vn -0.653657 -0.381398 -0.653657
vn -0.543355 -0.381397 -0.747864
vn -0.630574 -0.452495 -0.630574
vn -0.721455 -0.452495 -0.524168
vn -0.747864 -0.381397 -0.543355
vn -0.653657 -0.381398 -0.653657
vn -0.721455 -0.452495 -0.524168
vn -0.794570 -0.452495 -0.404854
vn -0.823656 -0.381397 -0.419674
vn -0.747864 -0.381397 -0.543355
vn -0.794570 -0.452495 -0.404854
vn -0.848121 -0.452495 -0.275571
vn -0.879167 -0.381397 -0.285659
vn -0.823656 -0.381397 -0.419674
vn -0.848121 -0.452495 -0.275571
vn -0.880788 -0.452495 -0.139503
vn -0.913030 -0.381398 -0.144610
vn -0.879167 -0.381397 -0.285659
vn -0.880788 -0.452495 -0.139503
vn -0.891767 -0.452495 0.000000
vn -0.924411 -0.381398 0.000000
vn -0.913030 -0.381398 -0.144610
vn -0.891767 -0.452495 0.000000
vn -0.880788 -0.452495 0.139503
vn -0.913030 -0.381398 0.144610
vn -0.924411 -0.381398 0.000000
vn -0.880788 -0.452495 0.139503
vn -0.848121 -0.452495 0.275571
vn -0.879167 -0.381398 0.285659
vn -0.913030 -0.381398 0.144610
vn -0.848121 -0.452495 0.275571
vn -0.794570 -0.452495 0.404854
vn -0.823656 -0.381398 0.419674
vn -0.879167 -0.381398 0.285659
vn -0.794570 -0.452495 0.404854
vn -0.721455 -0.452495 0.524167
vn -0.747864 -0.381398 0.543355
vn -0.823656 -0.381398 0.419674
vn -0.721455 -0.452495 0.524167
vn -0.630575 -0.452495 0.630574
vn -0.653657 -0.381398 0.653657
vn -0.747864 -0.381398 0.543355
vn -0.630575 -0.452495 0.630574
vn -0.524168 -0.452495 0.721455
vn -0.543355 -0.381398 0.747864
vn -0.653657 -0.381398 0.653657
vn -0.524168 -0.452495 0.721455
vn -0.404854 -0.452495 0.794570
vn -0.419674 -0.381398 0.823656
vn -0.543355 -0.381398 0.747864
vn -0.404854 -0.452495 0.794570
vn -0.275571 -0.452495 0.848121
vn -0.285659 -0.381398 0.879167
vn -0.419674 -0.381398 0.823656
vn -0.275571 -0.452495 0.848121
vn -0.139503 -0.452495 0.880788
vn -0.144610 -0.381397 0.913030
vn -0.285659 -0.381398 0.879167
vn -0.139503 -0.452495 0.880788
vn 0.000000 -0.452495 0.891767
vn 0.000000 -0.381397 0.924411
vn -0.144610 -0.381397 0.913030
vn 0.000000 -0.452495 0.891767
vn 0.139503 -0.452495 0.880788
vn 0.144610 -0.381397 0.913030
vn 0.000000 -0.381397 0.924411
vn 0.139503 -0.452495 0.880788
vn 0.275571 -0.452495 0.848121
vn 0.285659 -0.381397 0.879167
vn 0.144610 -0.381397 0.913030
vn 0.275571 -0.452495 0.848121
vn 0.404854 -0.452495 0.794570
vn 0.419674 -0.381397 0.823656
vn 0.285659 -0.381397 0.879167
vn 0.404854 -0.452495 0.794570
vn 0.524168 -0.452495 0.721455
vn 0.543355 -0.381397 0.747864
vn 0.419674 -0.381397 0.823656
vn 0.524168 -0.452495 0.721455
vn 0.630574 -0.452495 0.630574
vn 0.653658 -0.381397 0.653657
vn 0.543355 -0.381397 0.747864
vn 0.630574 -0.452495 0.630574
vn 0.721455 -0.452495 0.524167
vn 0.747864 -0.381397 0.543355
vn 0.653658 -0.381397 0.653657
vn 0.721455 -0.452495 0.524167
vn 0.794570 -0.452495 0.404853
vn 0.823657 -0.381397 0.419674
vn 0.747864 -0.381397 0.543355
vn 0.794570 -0.452495 0.404853
vn 0.848121 -0.452495 0.275571
vn 0.879167 -0.381398 0.285658
vn 0.823657 -0.381397 0.419674
vn 0.848121 -0.452495 0.275571
vn 0.880788 -0.452495 0.139503
vn 0.913030 -0.381398 0.144610
vn 0.879167 -0.381398 0.285658
vn 0.880788 -0.452495 0.139503
vn 0.891767 -0.452495 0.000002
vn 0.924411 -0.381397 0.000002
vn 0.913030 -0.381398 0.144610
vn 0.891767 -0.452495 0.000002
vn 0.880788 -0.452495 -0.139501
vn 0.913031 -0.381397 -0.144608
vn 0.924411 -0.381397 0.000002
vn 0.913031 -0.381397 -0.144608
vn 0.879167 -0.381397 -0.285659
vn 0.904834 -0.307962 -0.293998
vn 0.939686 -0.307962 -0.148830
vn 0.879167 -0.381397 -0.285659
vn 0.823657 -0.381397 -0.419674
vn 0.847703 -0.307962 -0.431926
vn 0.904834 -0.307962 -0.293998
vn 0.823657 -0.381397 -0.419674
vn 0.747864 -0.381398 -0.543355
vn 0.769698 -0.307962 -0.559218
vn 0.847703 -0.307962 -0.431926
vn 0.747864 -0.381398 -0.543355
vn 0.653658 -0.381398 -0.653657
vn 0.672741 -0.307962 -0.672740
vn 0.769698 -0.307962 -0.559218
vn 0.653658 -0.381398 -0.653657
vn 0.543355 -0.381398 -0.747864
vn 0.559218 -0.307962 -0.769698
vn 0.672741 -0.307962 -0.672740
vn 0.543355 -0.381398 -0.747864
vn 0.419674 -0.381398 -0.823656
vn 0.431926 -0.307962 -0.847702
vn 0.559218 -0.307962 -0.769698
vn 0.419674 -0.381398 -0.823656
vn 0.285659 -0.381398 -0.879167
vn 0.293999 -0.307962 -0.904834
vn 0.431926 -0.307962 -0.847702
vn 0.285659 -0.381398 -0.879167
vn 0.144610 -0.381398 -0.913030
vn 0.148832 -0.307962 -0.939685
vn 0.293999 -0.307962 -0.904834
vn 0.144610 -0.381398 -0.913030
vn 0.000000 -0.381398 -0.924411
vn 0.000000 -0.307962 -0.951399
vn 0.148832 -0.307962 -0.939685
vn 0.000000 -0.381398 -0.924411
vn -0.144610 -0.381398 -0.913030
vn -0.148831 -0.307962 -0.939685
vn 0.000000 -0.307962 -0.951399
vn -0.144610 -0.381398 -0.913030
vn -0.285659 -0.381398 -0.879167
vn -0.293998 -0.307962 -0.904834
vn -0.148831 -0.307962 -0.939685
vn -0.285659 -0.381398 -0.879167
vn -0.419674 -0.381397 -0.823656
vn -0.431926 -0.307962 -0.847703
vn -0.293998 -0.307962 -0.904834
vn -0.419674 -0.381397 -0.823656
vn -0.543355 -0.381397 -0.747864
vn -0.559218 -0.307962 -0.769698
vn -0.431926 -0.307962 -0.847703
vn -0.543355 -0.381397 -0.747864
vn -0.653657 -0.381398 -0.653657
vn -0.672740 -0.307962 -0.672741
vn -0.559218 -0.307962 -0.769698
vn -0.653657 -0.381398 -0.653657
vn -0.747864 -0.381397 -0.543355
vn -0.769698 -0.307962 -0.559218
vn -0.672740 -0.307962 -0.672741
vn -0.747864 -0.381397 -0.543355
vn -0.823656 -0.381397 -0.419674
vn -0.847702 -0.307962 -0.431926
vn -0.769698 -0.307962 -0.559218
vn -0.823656 -0.381397 -0.419674
vn -0.879167 -0.381397 -0.285659
vn -0.904834 -0.307962 -0.293999
vn -0.847702 -0.307962 -0.431926
vn -0.879167 -0.381397 -0.285659
vn -0.913030 -0.381398 -0.144610
vn -0.939685 -0.307962 -0.148832
vn -0.904834 -0.307962 -0.293999
vn -0.913030 -0.381398 -0.144610
vn -0.924411 -0.381398 0.000000
vn -0.951399 -0.307962 0.000000
vn -0.939685 -0.307962 -0.148832
vn -0.924411 -0.381398 0.000000
vn -0.913030 -0.381398 0.144610
vn -0.939685 -0.307962 0.148832
vn -0.951399 -0.307962 0.000000
vn -0.913030 -0.381398 0.144610
vn -0.879167 -0.381398 0.285659
vn -0.904834 -0.307962 0.293998
vn -0.939685 -0.307962 0.148832
vn -0.879167 -0.381398 0.285659
vn -0.823656 -0.381398 0.419674
vn -0.847702 -0.307962 0.431926
vn -0.904834 -0.307962 0.293998
vn -0.823656 -0.381398 0.419674
vn -0.747864 -0.381398 0.543355
vn -0.769698 -0.307962 0.559218
vn -0.847702 -0.307962 0.431926
vn -0.747864 -0.381398 0.543355
vn -0.653657 -0.381398 0.653657
vn -0.672740 -0.307962 0.672741
vn -0.769698 -0.307962 0.559218
vn -0.653657 -0.381398 0.653657
vn -0.543355 -0.381398 0.747864
vn -0.559218 -0.307962 0.769698
vn -0.672740 -0.307962 0.672741
vn -0.543355 -0.381398 0.747864
vn -0.419674 -0.381398 0.823656
vn -0.431926 -0.307962 0.847702
vn -0.559218 -0.307962 0.769698
vn -0.419674 -0.381398 0.823656
vn -0.285659 -0.381398 0.879167
vn -0.293999 -0.307962 0.904834
vn -0.431926 -0.307962 0.847702
vn -0.285659 -0.381398 0.879167
vn -0.144610 -0.381397 0.913030
vn -0.148831 -0.307962 0.939685
vn -0.293999 -0.307962 0.904834
vn -0.144610 -0.381397 0.913030
vn 0.000000 -0.381397 0.924411
vn 0.000000 -0.307962 0.951399
vn -0.148831 -0.307962 0.939685
vn 0.000000 -0.381397 0.924411
vn 0.144610 -0.381397 0.913030
vn 0.148831 -0.307962 0.939685
vn 0.000000 -0.307962 0.951399
vn 0.144610 -0.381397 0.913030
vn 0.285659 -0.381397 0.879167
vn 0.293999 -0.307962 0.904834
vn 0.148831 -0.307962 0.939685
vn 0.285659 -0.381397 0.879167
vn 0.419674 -0.381397 0.823656
vn 0.431926 -0.307962 0.847702
vn 0.293999 -0.307962 0.904834
vn 0.419674 -0.381397 0.823656
vn 0.543355 -0.381397 0.747864
vn 0.559218 -0.307962 0.769698
vn 0.431926 -0.307962 0.847702
vn 0.543355 -0.381397 0.747864
vn 0.653658 -0.381397 0.653657
vn 0.672741 -0.307962 0.672740
vn 0.559218 -0.307962 0.769698
vn 0.653658 -0.381397 0.653657
vn 0.747864 -0.381397 0.543355
vn 0.769698 -0.307962 0.559218
vn 0.672741 -0.307962 0.672740
vn 0.747864 -0.381397 0.543355
vn 0.823657 -0.381397 0.419674
vn 0.847703 -0.307962 0.431926
vn 0.769698 -0.307962 0.559218
vn 0.823657 -0.381397 0.419674
vn 0.879167 -0.381398 0.285658
vn 0.904834 -0.307962 0.293998
vn 0.847703 -0.307962 0.431926
vn 0.879167 -0.381398 0.285658
vn 0.913030 -0.381398 0.144610
vn 0.939685 -0.307962 0.148831
vn 0.904834 -0.307962 0.293998
vn 0.913030 -0.381398 0.144610
vn 0.924411 -0.381397 0.000002
vn 0.951399 -0.307962 0.000002
vn 0.939685 -0.307962 0.148831
vn 0.924411 -0.381397 0.000002
vn 0.913031 -0.381397 -0.144608
vn 0.939686 -0.307962 -0.148830
vn 0.951399 -0.307962 0.000002
vn 0.939686 -0.307962 -0.148830
vn 0.904834 -0.307962 -0.293998
vn 0.924962 -0.232640 -0.300538
vn 0.960589 -0.232640 -0.152140
vn 0.904834 -0.307962 -0.293998
vn 0.847703 -0.307962 -0.431926
vn 0.866560 -0.232640 -0.441534
vn 0.924962 -0.232640 -0.300538
vn 0.847703 -0.307962 -0.431926
vn 0.769698 -0.307962 -0.559218
vn 0.786820 -0.232639 -0.571658
vn 0.866560 -0.232640 -0.441534
vn 0.769698 -0.307962 -0.559218
vn 0.672741 -0.307962 -0.672740
vn 0.687706 -0.232639 -0.687706
vn 0.786820 -0.232639 -0.571658
vn 0.672741 -0.307962 -0.672740
vn 0.559218 -0.307962 -0.769698
vn 0.571658 -0.232639 -0.786820
vn 0.687706 -0.232639 -0.687706
vn 0.559218 -0.307962 -0.769698
vn 0.431926 -0.307962 -0.847702
vn 0.441535 -0.232639 -0.866560
vn 0.571658 -0.232639 -0.786820
vn 0.431926 -0.307962 -0.847702
vn 0.293999 -0.307962 -0.904834
vn 0.300539 -0.232639 -0.924962
vn 0.441535 -0.232639 -0.866560
vn 0.293999 -0.307962 -0.904834
vn 0.148832 -0.307962 -0.939685
vn 0.152142 -0.232639 -0.960589
vn 0.300539 -0.232639 -0.924962
vn 0.148832 -0.307962 -0.939685
vn 0.000000 -0.307962 -0.951399
vn 0.000000 -0.232639 -0.972563
vn 0.152142 -0.232639 -0.960589
vn 0.000000 -0.307962 -0.951399
vn -0.148831 -0.307962 -0.939685
vn -0.152142 -0.232639 -0.960589
vn 0.000000 -0.232639 -0.972563
vn -0.148831 -0.307962 -0.939685
vn -0.293998 -0.307962 -0.904834
vn -0.300538 -0.232640 -0.924962
vn -0.152142 -0.232639 -0.960589
vn -0.293998 -0.307962 -0.904834
vn -0.431926 -0.307962 -0.847703
vn -0.441534 -0.232640 -0.866560
vn -0.300538 -0.232640 -0.924962
vn -0.431926 -0.307962 -0.847703
vn -0.559218 -0.307962 -0.769698
vn -0.571658 -0.232639 -0.786820
vn -0.441534 -0.232640 -0.866560
vn -0.559218 -0.307962 -0.769698
vn -0.672740 -0.307962 -0.672741
vn -0.687706 -0.232639 -0.687706
vn -0.571658 -0.232639 -0.786820
vn -0.672740 -0.307962 -0.672741
vn -0.769698 -0.307962 -0.559218
vn -0.786820 -0.232639 -0.571658
vn -0.687706 -0.232639 -0.687706
vn -0.769698 -0.307962 -0.559218
vn -0.847702 -0.307962 -0.431926
vn -0.866560 -0.232640 -0.441534
vn -0.786820 -0.232639 -0.571658
vn -0.847702 -0.307962 -0.431926
vn -0.904834 -0.307962 -0.293999
vn -0.924962 -0.232639 -0.300539
vn -0.866560 -0.232640 -0.441534
vn -0.904834 -0.307962 -0.293999
vn -0.939685 -0.307962 -0.148832
vn -0.960589 -0.232639 -0.152143
vn -0.924962 -0.232639 -0.300539
vn -0.939685 -0.307962 -0.148832
vn -0.951399 -0.307962 0.000000
vn -0.972563 -0.232639 0.000000
vn -0.960589 -0.232639 -0.152143
vn -0.951399 -0.307962 0.000000
vn -0.939685 -0.307962 0.148832
vn -0.960589 -0.232639 0.152142
vn -0.972563 -0.232639 0.000000
vn -0.939685 -0.307962 0.148832
vn -0.904834 -0.307962 0.293998
vn -0.924962 -0.232639 0.300539
vn -0.960589 -0.232639 0.152142
vn -0.904834 -0.307962 0.293998
vn -0.847702 -0.307962 0.431926
vn -0.866560 -0.232639 0.441534
vn -0.924962 -0.232639 0.300539
vn -0.847702 -0.307962 0.431926
vn -0.769698 -0.307962 0.559218
vn -0.786820 -0.232639 0.571658
vn -0.866560 -0.232639 0.441534
vn -0.769698 -0.307962 0.559218
vn -0.672740 -0.307962 0.672741
vn -0.687706 -0.232639 0.687706
vn -0.786820 -0.232639 0.571658
vn -0.672740 -0.307962 0.672741
vn -0.559218 -0.307962 0.769698
vn -0.571658 -0.232639 0.786820
vn -0.687706 -0.232639 0.687706
vn -0.559218 -0.307962 0.769698
vn -0.431926 -0.307962 0.847702
vn -0.441535 -0.232639 0.866560
vn -0.571658 -0.232639 0.786820
vn -0.431926 -0.307962 0.847702
vn -0.293999 -0.307962 0.904834
vn -0.300539 -0.232639 0.924962
vn -0.441535 -0.232639 0.866560
vn -0.293999 -0.307962 0.904834
vn -0.148831 -0.307962 0.939685
vn -0.152142 -0.232639 0.960589
vn -0.300539 -0.232639 0.924962
vn -0.148831 -0.307962 0.939685
vn 0.000000 -0.307962 0.951399
vn 0.000000 -0.232639 0.972563
vn -0.152142 -0.232639 0.960589
vn 0.000000 -0.307962 0.951399
vn 0.148831 -0.307962 0.939685
vn 0.152142 -0.232639 0.960589
vn 0.000000 -0.232639 0.972563
vn 0.148831 -0.307962 0.939685
vn 0.293999 -0.307962 0.904834
vn 0.300539 -0.232639 0.924962
vn 0.152142 -0.232639 0.960589
vn 0.293999 -0.307962 0.904834
vn 0.431926 -0.307962 0.847702
vn 0.441534 -0.232640 0.866560
vn 0.300539 -0.232639 0.924962
vn 0.431926 -0.307962 0.847702
vn 0.559218 -0.307962 0.769698
vn 0.571658 -0.232639 0.786820
vn 0.441534 -0.232640 0.866560
vn 0.559218 -0.307962 0.769698
vn 0.672741 -0.307962 0.672740
vn 0.687706 -0.232639 0.687706
vn 0.571658 -0.232639 0.786820
vn 0.672741 -0.307962 0.672740
vn 0.769698 -0.307962 0.559218
vn 0.786820 -0.232639 0.571658
vn 0.687706 -0.232639 0.687706
vn 0.769698 -0.307962 0.559218
vn 0.847703 -0.307962 0.431926
vn 0.866560 -0.232639 0.441534
vn 0.786820 -0.232639 0.571658
vn 0.847703 -0.307962 0.431926
vn 0.904834 -0.307962 0.293998
vn 0.924963 -0.232639 0.300538
vn 0.866560 -0.232639 0.441534
vn 0.904834 -0.307962 0.293998
vn 0.939685 -0.307962 0.148831
vn 0.960589 -0.232639 0.152142
vn 0.924963 -0.232639 0.300538
vn 0.939685 -0.307962 0.148831
vn 0.951399 -0.307962 0.000002
vn 0.972563 -0.232639 0.000002
vn 0.960589 -0.232639 0.152142
vn 0.951399 -0.307962 0.000002
vn 0.939686 -0.307962 -0.148830
vn 0.960589 -0.232640 -0.152140
vn 0.972563 -0.232639 0.000002
vn 0.960589 -0.232640 -0.152140
vn 0.924962 -0.232640 -0.300538
vn 0.939429 -0.155890 -0.305239
vn 0.975614 -0.155890 -0.154520
vn 0.924962 -0.232640 -0.300538
vn 0.866560 -0.232640 -0.441534
vn 0.880114 -0.155889 -0.448440
vn 0.939429 -0.155890 -0.305239
vn 0.866560 -0.232640 -0.441534
vn 0.786820 -0.232639 -0.571658
vn 0.799127 -0.155889 -0.580599
vn 0.880114 -0.155889 -0.448440
vn 0.786820 -0.232639 -0.571658
vn 0.687706 -0.232639 -0.687706
vn 0.698462 -0.155889 -0.698462
vn 0.799127 -0.155889 -0.580599
vn 0.687706 -0.232639 -0.687706
vn 0.571658 -0.232639 -0.786820
vn 0.580599 -0.155889 -0.799127
vn 0.698462 -0.155889 -0.698462
vn 0.571658 -0.232639 -0.786820
vn 0.441535 -0.232639 -0.866560
vn 0.448441 -0.155889 -0.880113
vn 0.580599 -0.155889 -0.799127
vn 0.441535 -0.232639 -0.866560
vn 0.300539 -0.232639 -0.924962
vn 0.305239 -0.155889 -0.939429
vn 0.448441 -0.155889 -0.880113
vn 0.300539 -0.232639 -0.924962
vn 0.152142 -0.232639 -0.960589
vn 0.154522 -0.155889 -0.975613
vn 0.305239 -0.155889 -0.939429
vn 0.152142 -0.232639 -0.960589
vn 0.000000 -0.232639 -0.972563
vn 0.000000 -0.155889 -0.987775
vn 0.154522 -0.155889 -0.975613
vn 0.000000 -0.232639 -0.972563
vn -0.152142 -0.232639 -0.960589
vn -0.154522 -0.155889 -0.975613
vn 0.000000 -0.155889 -0.987775
vn -0.152142 -0.232639 -0.960589
vn -0.300538 -0.232640 -0.924962
vn -0.305239 -0.155889 -0.939430
vn -0.154522 -0.155889 -0.975613
vn -0.300538 -0.232640 -0.924962
vn -0.441534 -0.232640 -0.866560
vn -0.448440 -0.155889 -0.880114
vn -0.305239 -0.155889 -0.939430
vn -0.441534 -0.232640 -0.866560
vn -0.571658 -0.232639 -0.786820
vn -0.580599 -0.155889 -0.799127
vn -0.448440 -0.155889 -0.880114
vn -0.571658 -0.232639 -0.786820
vn -0.687706 -0.232639 -0.687706
vn -0.698462 -0.155889 -0.698462
vn -0.580599 -0.155889 -0.799127
vn -0.687706 -0.232639 -0.687706
vn -0.786820 -0.232639 -0.571658
vn -0.799127 -0.155889 -0.580599
vn -0.698462 -0.155889 -0.698462
vn -0.786820 -0.232639 -0.571658
vn -0.866560 -0.232640 -0.441534
vn -0.880114 -0.155889 -0.448440
vn -0.799127 -0.155889 -0.580599
vn -0.866560 -0.232640 -0.441534
vn -0.924962 -0.232639 -0.300539
vn -0.939430 -0.155889 -0.305239
vn -0.880114 -0.155889 -0.448440
vn -0.924962 -0.232639 -0.300539
vn -0.960589 -0.232639 -0.152143
vn -0.975613 -0.155889 -0.154522
vn -0.939430 -0.155889 -0.305239
vn -0.960589 -0.232639 -0.152143
vn -0.972563 -0.232639 0.000000
vn -0.987775 -0.155889 0.000000
vn -0.975613 -0.155889 -0.154522
vn -0.972563 -0.232639 0.000000
vn -0.960589 -0.232639 0.152142
vn -0.975613 -0.155889 0.154522
vn -0.987775 -0.155889 0.000000
vn -0.960589 -0.232639 0.152142
vn -0.924962 -0.232639 0.300539
vn -0.939430 -0.155889 0.305239
vn -0.975613 -0.155889 0.154522
vn -0.924962 -0.232639 0.300539
vn -0.866560 -0.232639 0.441534
vn -0.880114 -0.155889 0.448440
vn -0.939430 -0.155889 0.305239
vn -0.866560 -0.232639 0.441534
vn -0.786820 -0.232639 0.571658
vn -0.799127 -0.155889 0.580599
vn -0.880114 -0.155889 0.448440
vn -0.786820 -0.232639 0.571658
vn -0.687706 -0.232639 0.687706
vn -0.698462 -0.155889 0.698462
vn -0.799127 -0.155889 0.580599
vn -0.687706 -0.232639 0.687706
vn -0.571658 -0.232639 0.786820
vn -0.580599 -0.155889 0.799127
vn -0.698462 -0.155889 0.698462
vn -0.571658 -0.232639 0.786820
vn -0.441535 -0.232639 0.866560
vn -0.448440 -0.155889 0.880114
vn -0.580599 -0.155889 0.799127
vn -0.441535 -0.232639 0.866560
vn -0.300539 -0.232639 0.924962
vn -0.305239 -0.155889 0.939429
vn -0.448440 -0.155889 0.880114
vn -0.300539 -0.232639 0.924962
vn -0.152142 -0.232639 0.960589
vn -0.154522 -0.155889 0.975613
vn -0.305239 -0.155889 0.939429
vn -0.152142 -0.232639 0.960589
vn 0.000000 -0.232639 0.972563
vn 0.000000 -0.155889 0.987775
vn -0.154522 -0.155889 0.975613
vn 0.000000 -0.232639 0.972563
vn 0.152142 -0.232639 0.960589
vn 0.154522 -0.155889 0.975613
vn 0.000000 -0.155889 0.987775
vn 0.152142 -0.232639 0.960589
vn 0.300539 -0.232639 0.924962
vn 0.305239 -0.155889 0.939429
vn 0.154522 -0.155889 0.975613
vn 0.300539 -0.232639 0.924962
vn 0.441534 -0.232640 0.866560
vn 0.448440 -0.155889 0.880114
vn 0.305239 -0.155889 0.939429
vn 0.441534 -0.232640 0.866560
vn 0.571658 -0.232639 0.786820
vn 0.580600 -0.155889 0.799126
vn 0.448440 -0.155889 0.880114
vn 0.571658 -0.232639 0.786820
vn 0.687706 -0.232639 0.687706
vn 0.698462 -0.155889 0.698462
vn 0.580600 -0.155889 0.799126
vn 0.687706 -0.232639 0.687706
vn 0.786820 -0.232639 0.571658
vn 0.799127 -0.155889 0.580599
vn 0.698462 -0.155889 0.698462
vn 0.786820 -0.232639 0.571658
vn 0.866560 -0.232639 0.441534
vn 0.880114 -0.155889 0.448440
vn 0.799127 -0.155889 0.580599
vn 0.866560 -0.232639 0.441534
vn 0.924963 -0.232639 0.300538
vn 0.939430 -0.155889 0.305239
vn 0.880114 -0.155889 0.448440
vn 0.924963 -0.232639 0.300538
vn 0.960589 -0.232639 0.152142
vn 0.975613 -0.155889 0.154522
vn 0.939430 -0.155889 0.305239
vn 0.960589 -0.232639 0.152142
vn 0.972563 -0.232639 0.000002
vn 0.987775 -0.155889 0.000002
vn 0.975613 -0.155889 0.154522
vn 0.972563 -0.232639 0.000002
vn 0.960589 -0.232640 -0.152140
vn 0.975614 -0.155890 -0.154520
vn 0.987775 -0.155889 0.000002
vn 0.975614 -0.155890 -0.154520
vn 0.939429 -0.155890 -0.305239
vn 0.948145 -0.078184 -0.308071
vn 0.984665 -0.078184 -0.155953
vn 0.939429 -0.155890 -0.305239
vn 0.880114 -0.155889 -0.448440
vn 0.888279 -0.078184 -0.452601
vn 0.948145 -0.078184 -0.308071
vn 0.880114 -0.155889 -0.448440
vn 0.799127 -0.155889 -0.580599
vn 0.806541 -0.078184 -0.585986
vn 0.888279 -0.078184 -0.452601
vn 0.799127 -0.155889 -0.580599
vn 0.698462 -0.155889 -0.698462
vn 0.704942 -0.078184 -0.704942
vn 0.806541 -0.078184 -0.585986
vn 0.698462 -0.155889 -0.698462
vn 0.580599 -0.155889 -0.799127
vn 0.585986 -0.078184 -0.806541
vn 0.704942 -0.078184 -0.704942
vn 0.580599 -0.155889 -0.799127
vn 0.448441 -0.155889 -0.880113
vn 0.452601 -0.078184 -0.888279
vn 0.585986 -0.078184 -0.806541
vn 0.448441 -0.155889 -0.880113
vn 0.305239 -0.155889 -0.939429
vn 0.308071 -0.078184 -0.948145
vn 0.452601 -0.078184 -0.888279
vn 0.305239 -0.155889 -0.939429
vn 0.154522 -0.155889 -0.975613
vn 0.155956 -0.078184 -0.984665
vn 0.308071 -0.078184 -0.948145
vn 0.154522 -0.155889 -0.975613
vn 0.000000 -0.155889 -0.987775
vn 0.000000 -0.078184 -0.996939
vn 0.155956 -0.078184 -0.984665
vn 0.000000 -0.155889 -0.987775
vn -0.154522 -0.155889 -0.975613
vn -0.155956 -0.078184 -0.984665
vn 0.000000 -0.078184 -0.996939
vn -0.154522 -0.155889 -0.975613
vn -0.305239 -0.155889 -0.939430
vn -0.308071 -0.078184 -0.948145
vn -0.155956 -0.078184 -0.984665
vn -0.305239 -0.155889 -0.939430
vn -0.448440 -0.155889 -0.880114
vn -0.452601 -0.078184 -0.888279
vn -0.308071 -0.078184 -0.948145
vn -0.448440 -0.155889 -0.880114
vn -0.580599 -0.155889 -0.799127
vn -0.585986 -0.078184 -0.806541
vn -0.452601 -0.078184 -0.888279
vn -0.580599 -0.155889 -0.799127
vn -0.698462 -0.155889 -0.698462
vn -0.704942 -0.078184 -0.704942
vn -0.585986 -0.078184 -0.806541
vn -0.698462 -0.155889 -0.698462
vn -0.799127 -0.155889 -0.580599
vn -0.806541 -0.078184 -0.585986
vn -0.704942 -0.078184 -0.704942
vn -0.799127 -0.155889 -0.580599
vn -0.880114 -0.155889 -0.448440
vn -0.888279 -0.078184 -0.452601
vn -0.806541 -0.078184 -0.585986
vn -0.880114 -0.155889 -0.448440
vn -0.939430 -0.155889 -0.305239
vn -0.948145 -0.078184 -0.308071
vn -0.888279 -0.078184 -0.452601
vn -0.939430 -0.155889 -0.305239
vn -0.975613 -0.155889 -0.154522
vn -0.984665 -0.078184 -0.155956
vn -0.948145 -0.078184 -0.308071
vn -0.975613 -0.155889 -0.154522
vn -0.987775 -0.155889 0.000000
vn -0.996939 -0.078184 0.000000
vn -0.984665 -0.078184 -0.155956
vn -0.987775 -0.155889 0.000000
vn -0.975613 -0.155889 0.154522
vn -0.984665 -0.078184 0.155956
vn -0.996939 -0.078184 0.000000
vn -0.975613 -0.155889 0.154522
vn -0.939430 -0.155889 0.305239
vn -0.948145 -0.078184 0.308071
vn -0.984665 -0.078184 0.155956
vn -0.939430 -0.155889 0.305239
vn -0.880114 -0.155889 0.448440
vn -0.888279 -0.078184 0.452601
vn -0.948145 -0.078184 0.308071
vn -0.880114 -0.155889 0.448440
vn -0.799127 -0.155889 0.580599
vn -0.806540 -0.078184 0.585986
vn -0.888279 -0.078184 0.452601
vn -0.799127 -0.155889 0.580599
vn -0.698462 -0.155889 0.698462
vn -0.704942 -0.078184 0.704942
vn -0.806540 -0.078184 0.585986
vn -0.698462 -0.155889 0.698462
vn -0.580599 -0.155889 0.799127
vn -0.585986 -0.078184 0.806540
vn -0.704942 -0.078184 0.704942
vn -0.580599 -0.155889 0.799127
vn -0.448440 -0.155889 0.880114
vn -0.452601 -0.078184 0.888279
vn -0.585986 -0.078184 0.806540
vn -0.448440 -0.155889 0.880114
vn -0.305239 -0.155889 0.939429
vn -0.308071 -0.078184 0.948145
vn -0.452601 -0.078184 0.888279
vn -0.305239 -0.155889 0.939429
vn -0.154522 -0.155889 0.975613
vn -0.155955 -0.078184 0.984665
vn -0.308071 -0.078184 0.948145
vn -0.154522 -0.155889 0.975613
vn 0.000000 -0.155889 0.987775
vn 0.000000 -0.078184 0.996939
vn -0.155955 -0.078184 0.984665
vn 0.000000 -0.155889 0.987775
vn 0.154522 -0.155889 0.975613
vn 0.155955 -0.078184 0.984665
vn 0.000000 -0.078184 0.996939
vn 0.154522 -0.155889 0.975613
vn 0.305239 -0.155889 0.939429
vn 0.308071 -0.078184 0.948145
vn 0.155955 -0.078184 0.984665
vn 0.305239 -0.155889 0.939429
vn 0.448440 -0.155889 0.880114
vn 0.452601 -0.078184 0.888279
vn 0.308071 -0.078184 0.948145
vn 0.448440 -0.155889 0.880114
vn 0.580600 -0.155889 0.799126
vn 0.585986 -0.078184 0.806540
vn 0.452601 -0.078184 0.888279
vn 0.580600 -0.155889 0.799126
vn 0.698462 -0.155889 0.698462
vn 0.704943 -0.078184 0.704942
vn 0.585986 -0.078184 0.806540
vn 0.698462 -0.155889 0.698462
vn 0.799127 -0.155889 0.580599
vn 0.806541 -0.078184 0.585986
vn 0.704943 -0.078184 0.704942
vn 0.799127 -0.155889 0.580599
vn 0.880114 -0.155889 0.448440
vn 0.888279 -0.078184 0.452601
vn 0.806541 -0.078184 0.585986
vn 0.880114 -0.155889 0.448440
vn 0.939430 -0.155889 0.305239
vn 0.948145 -0.078184 0.308071
vn 0.888279 -0.078184 0.452601
vn 0.939430 -0.155889 0.305239
vn 0.975613 -0.155889 0.154522
vn 0.984665 -0.078184 0.155955
vn 0.948145 -0.078184 0.308071
vn 0.975613 -0.155889 0.154522
vn 0.987775 -0.155889 0.000002
vn 0.996939 -0.078184 0.000002
vn 0.984665 -0.078184 0.155955
vn 0.987775 -0.155889 0.000002
vn 0.975614 -0.155890 -0.154520
vn 0.984665 -0.078184 -0.155953
vn 0.996939 -0.078184 0.000002
vn 0.984665 -0.078184 -0.155953
vn 0.948145 -0.078184 -0.308071
vn 0.951057 0.000000 -0.309017
vn 0.987689 0.000000 -0.156432
vn 0.948145 -0.078184 -0.308071
vn 0.888279 -0.078184 -0.452601
vn 0.891007 0.000000 -0.453990
vn 0.951057 0.000000 -0.309017
vn 0.888279 -0.078184 -0.452601
vn 0.806541 -0.078184 -0.585986
vn 0.809017 0.000000 -0.587785
vn 0.891007 0.000000 -0.453990
vn 0.806541 -0.078184 -0.585986
vn 0.704942 -0.078184 -0.704942
vn 0.707107 0.000000 -0.707107
vn 0.809017 0.000000 -0.587785
vn 0.704942 -0.078184 -0.704942
vn 0.585986 -0.078184 -0.806541
vn 0.587785 0.000000 -0.809017
vn 0.707107 0.000000 -0.707107
vn 0.585986 -0.078184 -0.806541
vn 0.452601 -0.078184 -0.888279
vn 0.453991 0.000000 -0.891006
vn 0.587785 0.000000 -0.809017
vn 0.452601 -0.078184 -0.888279
vn 0.308071 -0.078184 -0.948145
vn 0.309017 0.000000 -0.951057
vn 0.453991 0.000000 -0.891006
vn 0.308071 -0.078184 -0.948145
vn 0.155956 -0.078184 -0.984665
vn 0.156434 0.000000 -0.987688
vn 0.309017 0.000000 -0.951057
vn 0.155956 -0.078184 -0.984665
vn 0.000000 -0.078184 -0.996939
vn 0.000000 0.000000 -1.000000
vn 0.156434 0.000000 -0.987688
vn 0.000000 -0.078184 -0.996939
vn -0.155956 -0.078184 -0.984665
vn -0.156434 0.000000 -0.987688
vn 0.000000 0.000000 -1.000000
vn -0.155956 -0.078184 -0.984665
vn -0.308071 -0.078184 -0.948145
vn -0.309017 0.000000 -0.951057
vn -0.156434 0.000000 -0.987688
vn -0.308071 -0.078184 -0.948145
vn -0.452601 -0.078184 -0.888279
vn -0.453991 0.000000 -0.891006
vn -0.309017 0.000000 -0.951057
vn -0.452601 -0.078184 -0.888279
vn -0.585986 -0.078184 -0.806541
vn -0.587785 0.000000 -0.809017
vn -0.453991 0.000000 -0.891006
vn -0.585986 -0.078184 -0.806541
vn -0.704942 -0.078184 -0.704942
vn -0.707106 0.000000 -0.707107
vn -0.587785 0.000000 -0.809017
vn -0.704942 -0.078184 -0.704942
vn -0.806541 -0.078184 -0.585986
vn -0.809017 0.000000 -0.587785
vn -0.707106 0.000000 -0.707107
vn -0.806541 -0.078184 -0.585986
vn -0.888279 -0.078184 -0.452601
vn -0.891006 0.000000 -0.453991
vn -0.809017 0.000000 -0.587785
vn -0.888279 -0.078184 -0.452601
vn -0.948145 -0.078184 -0.308071
vn -0.951057 0.000000 -0.309017
vn -0.891006 0.000000 -0.453991
vn -0.948145 -0.078184 -0.308071
vn -0.984665 -0.078184 -0.155956
vn -0.987688 0.000000 -0.156435
vn -0.951057 0.000000 -0.309017
vn -0.984665 -0.078184 -0.155956
vn -0.996939 -0.078184 0.000000
vn -1.000000 0.000000 0.000000
vn -0.987688 0.000000 -0.156435
vn -0.996939 -0.078184 0.000000
vn -0.984665 -0.078184 0.155956
vn -0.987688 0.000000 0.156434
vn -1.000000 0.000000 0.000000
vn -0.984665 -0.078184 0.155956
vn -0.948145 -0.078184 0.308071
vn -0.951057 0.000000 0.309017
vn -0.987688 0.000000 0.156434
vn -0.948145 -0.078184 0.308071
vn -0.888279 -0.078184 0.452601
vn -0.891007 0.000000 0.453990
vn -0.951057 0.000000 0.309017
vn -0.888279 -0.078184 0.452601
vn -0.806540 -0.078184 0.585986
vn -0.809017 0.000000 0.587785
vn -0.891007 0.000000 0.453990
vn -0.806540 -0.078184 0.585986
vn -0.704942 -0.078184 0.704942
vn -0.707107 0.000000 0.707107
vn -0.809017 0.000000 0.587785
vn -0.704942 -0.078184 0.704942
vn -0.585986 -0.078184 0.806540
vn -0.587786 0.000000 0.809017
vn -0.707107 0.000000 0.707107
vn -0.585986 -0.078184 0.806540
vn -0.452601 -0.078184 0.888279
vn -0.453991 0.000000 0.891006
vn -0.587786 0.000000 0.809017
vn -0.452601 -0.078184 0.888279
vn -0.308071 -0.078184 0.948145
vn -0.309017 0.000000 0.951057
vn -0.453991 0.000000 0.891006
vn -0.308071 -0.078184 0.948145
vn -0.155955 -0.078184 0.984665
vn -0.156434 0.000000 0.987688
vn -0.309017 0.000000 0.951057
vn -0.155955 -0.078184 0.984665
vn 0.000000 -0.078184 0.996939
vn 0.000000 0.000000 1.000000
vn -0.156434 0.000000 0.987688
vn 0.000000 -0.078184 0.996939
vn 0.155955 -0.078184 0.984665
vn 0.156434 0.000000 0.987688
vn 0.000000 0.000000 1.000000
vn 0.155955 -0.078184 0.984665
vn 0.308071 -0.078184 0.948145
vn 0.309017 0.000000 0.951057
vn 0.156434 0.000000 0.987688
vn 0.308071 -0.078184 0.948145
vn 0.452601 -0.078184 0.888279
vn 0.453990 0.000000 0.891007
vn 0.309017 0.000000 0.951057
vn 0.452601 -0.078184 0.888279
vn 0.585986 -0.078184 0.806540
vn 0.587785 0.000000 0.809017
vn 0.453990 0.000000 0.891007
vn 0.585986 -0.078184 0.806540
vn 0.704943 -0.078184 0.704942
vn 0.707107 0.000000 0.707107
vn 0.587785 0.000000 0.809017
vn 0.704943 -0.078184 0.704942
vn 0.806541 -0.078184 0.585986
vn 0.809017 0.000000 0.587785
vn 0.707107 0.000000 0.707107
vn 0.806541 -0.078184 0.585986
vn 0.888279 -0.078184 0.452601
vn 0.891007 0.000000 0.453990
vn 0.809017 0.000000 0.587785
vn 0.888279 -0.078184 0.452601
vn 0.948145 -0.078184 0.308071
vn 0.951057 0.000000 0.309017
vn 0.891007 0.000000 0.453990
vn 0.948145 -0.078184 0.308071
vn 0.984665 -0.078184 0.155955
vn 0.987688 0.000000 0.156434
vn 0.951057 0.000000 0.309017
vn 0.984665 -0.078184 0.155955
vn 0.996939 -0.078184 0.000002
vn 1.000000 0.000000 0.000002
vn 0.987688 0.000000 0.156434
vn 0.996939 -0.078184 0.000002
vn 0.984665 -0.078184 -0.155953
vn 0.987689 0.000000 -0.156432
vn 1.000000 0.000000 0.000002
vn 0.987689 0.000000 -0.156432
vn 0.951057 0.000000 -0.309017
vn 0.948145 0.078184 -0.308071
vn 0.984665 0.078184 -0.155953
vn 0.951057 0.000000 -0.309017
vn 0.891007 0.000000 -0.453990
vn 0.888279 0.078184 -0.452601
vn 0.948145 0.078184 -0.308071
vn 0.891007 0.000000 -0.453990
vn 0.809017 0.000000 -0.587785
vn 0.806541 0.078184 -0.585986
vn 0.888279 0.078184 -0.452601
vn 0.809017 0.000000 -0.587785
vn 0.707107 0.000000 -0.707107
vn 0.704942 0.078184 -0.704942
vn 0.806541 0.078184 -0.585986
vn 0.707107 0.000000 -0.707107
vn 0.587785 0.000000 -0.809017
vn 0.585986 0.078184 -0.806541
vn 0.704942 0.078184 -0.704942
vn 0.587785 0.000000 -0.809017
vn 0.453991 0.000000 -0.891006
vn 0.452601 0.078184 -0.888279
vn 0.585986 0.078184 -0.806541
vn 0.453991 0.000000 -0.891006
vn 0.309017 0.000000 -0.951057
vn 0.308071 0.078184 -0.948145
vn 0.452601 0.078184 -0.888279
vn 0.309017 0.000000 -0.951057
vn 0.156434 0.000000 -0.987688
vn 0.155956 0.078184 -0.984665
vn 0.308071 0.078184 -0.948145
vn 0.156434 0.000000 -0.987688
vn 0.000000 0.000000 -1.000000
vn 0.000000 0.078184 -0.996939
vn 0.155956 0.078184 -0.984665
vn 0.000000 0.000000 -1.000000
vn -0.156434 0.000000 -0.987688
vn -0.155956 0.078184 -0.984665
vn 0.000000 0.078184 -0.996939
vn -0.156434 0.000000 -0.987688
vn -0.309017 0.000000 -0.951057
vn -0.308071 0.078184 -0.948145
vn -0.155956 0.078184 -0.984665
vn -0.309017 0.000000 -0.951057
vn -0.453991 0.000000 -0.891006
vn -0.452601 0.078184 -0.888279
vn -0.308071 0.078184 -0.948145
vn -0.453991 0.000000 -0.891006
vn -0.587785 0.000000 -0.809017
vn -0.585986 0.078184 -0.806541
vn -0.452601 0.078184 -0.888279
vn -0.587785 0.000000 -0.809017
vn -0.707106 0.000000 -0.707107
vn -0.704942 0.078184 -0.704942
vn -0.585986 0.078184 -0.806541
vn -0.707106 0.000000 -0.707107
vn -0.809017 0.000000 -0.587785
vn -0.806540 0.078184 -0.585986
vn -0.704942 0.078184 -0.704942
vn -0.809017 0.000000 -0.587785
vn -0.891006 0.000000 -0.453991
vn -0.888279 0.078184 -0.452601
vn -0.806540 0.078184 -0.585986
vn -0.891006 0.000000 -0.453991
vn -0.951057 0.000000 -0.309017
vn -0.948145 0.078184 -0.308071
vn -0.888279 0.078184 -0.452601
vn -0.951057 0.000000 -0.309017
vn -0.987688 0.000000 -0.156435
vn -0.984665 0.078184 -0.155956
vn -0.948145 0.078184 -0.308071
vn -0.987688 0.000000 -0.156435
vn -1.000000 0.000000 0.000000
vn -0.996939 0.078184 0.000000
vn -0.984665 0.078184 -0.155956
vn -1.000000 0.000000 0.000000
vn -0.987688 0.000000 0.156434
vn -0.984665 0.078184 0.155956
vn -0.996939 0.078184 0.000000
vn -0.987688 0.000000 0.156434
vn -0.951057 0.000000 0.309017
vn -0.948145 0.078184 0.308071
vn -0.984665 0.078184 0.155956
vn -0.951057 0.000000 0.309017
vn -0.891007 0.000000 0.453990
vn -0.888279 0.078184 0.452601
vn -0.948145 0.078184 0.308071
vn -0.891007 0.000000 0.453990
vn -0.809017 0.000000 0.587785
vn -0.806541 0.078184 0.585986
vn -0.888279 0.078184 0.452601
vn -0.809017 0.000000 0.587785
vn -0.707107 0.000000 0.707107
vn -0.704942 0.078184 0.704942
vn -0.806541 0.078184 0.585986
vn -0.707107 0.000000 0.707107
vn -0.587786 0.000000 0.809017
vn -0.585986 0.078184 0.806540
vn -0.704942 0.078184 0.704942
vn -0.587786 0.000000 0.809017
vn -0.453991 0.000000 0.891006
vn -0.452601 0.078184 0.888279
vn -0.585986 0.078184 0.806540
vn -0.453991 0.000000 0.891006
vn -0.309017 0.000000 0.951057
vn -0.308071 0.078184 0.948145
vn -0.452601 0.078184 0.888279
vn -0.309017 0.000000 0.951057
vn -0.156434 0.000000 0.987688
vn -0.155955 0.078184 0.984665
vn -0.308071 0.078184 0.948145
vn -0.156434 0.000000 0.987688
vn 0.000000 0.000000 1.000000
vn 0.000000 0.078184 0.996939
vn -0.155955 0.078184 0.984665
vn 0.000000 0.000000 1.000000
vn 0.156434 0.000000 0.987688
vn 0.155955 0.078184 0.984665
vn 0.000000 0.078184 0.996939
vn 0.156434 0.000000 0.987688
vn 0.309017 0.000000 0.951057
vn 0.308071 0.078184 0.948145
vn 0.155955 0.078184 0.984665
vn 0.309017 0.000000 0.951057
vn 0.453990 0.000000 0.891007
vn 0.452601 0.078184 0.888279
vn 0.308071 0.078184 0.948145
vn 0.453990 0.000000 0.891007
vn 0.587785 0.000000 0.809017
vn 0.585986 0.078184 0.806540
vn 0.452601 0.078184 0.888279
vn 0.587785 0.000000 0.809017
vn 0.707107 0.000000 0.707107
vn 0.704943 0.078184 0.704942
vn 0.585986 0.078184 0.806540
vn 0.707107 0.000000 0.707107
vn 0.809017 0.000000 0.587785
vn 0.806541 0.078184 0.585986
vn 0.704943 0.078184 0.704942
vn 0.809017 0.000000 0.587785
vn 0.891007 0.000000 0.453990
vn 0.888279 0.078184 0.452601
vn 0.806541 0.078184 0.585986
vn 0.891007 0.000000 0.453990
vn 0.951057 0.000000 0.309017
vn 0.948145 0.078184 0.308071
vn 0.888279 0.078184 0.452601
vn 0.951057 0.000000 0.309017
vn 0.987688 0.000000 0.156434
vn 0.984665 0.078184 0.155955
vn 0.948145 0.078184 0.308071
vn 0.987688 0.000000 0.156434
vn 1.000000 0.000000 0.000002
vn 0.996939 0.078184 0.000002
vn 0.984665 0.078184 0.155955
vn 1.000000 0.000000 0.000002
vn 0.987689 0.000000 -0.156432
vn 0.984665 0.078184 -0.155953
vn 0.996939 0.078184 0.000002
vn 0.984665 0.078184 -0.155953
vn 0.948145 0.078184 -0.308071
vn 0.939429 0.155890 -0.305239
vn 0.975614 0.155890 -0.154520
vn 0.948145 0.078184 -0.308071
vn 0.888279 0.078184 -0.452601
vn 0.880114 0.155889 -0.448440
vn 0.939429 0.155890 -0.305239
vn 0.888279 0.078184 -0.452601
vn 0.806541 0.078184 -0.585986
vn 0.799127 0.155889 -0.580599
vn 0.880114 0.155889 -0.448440
vn 0.806541 0.078184 -0.585986
vn 0.704942 0.078184 -0.704942
vn 0.698462 0.155889 -0.698462
vn 0.799127 0.155889 -0.580599
vn 0.704942 0.078184 -0.704942
vn 0.585986 0.078184 -0.806541
vn 0.580599 0.155889 -0.799127
vn 0.698462 0.155889 -0.698462
vn 0.585986 0.078184 -0.806541
vn 0.452601 0.078184 -0.888279
vn 0.448441 0.155889 -0.880113
vn 0.580599 0.155889 -0.799127
vn 0.452601 0.078184 -0.888279
vn 0.308071 0.078184 -0.948145
vn 0.305239 0.155889 -0.939429
vn 0.448441 0.155889 -0.880113
vn 0.308071 0.078184 -0.948145
vn 0.155956 0.078184 -0.984665
vn 0.154522 0.155889 -0.975613
vn 0.305239 0.155889 -0.939429
vn 0.155956 0.078184 -0.984665
vn 0.000000 0.078184 -0.996939
vn 0.000000 0.155889 -0.987775
vn 0.154522 0.155889 -0.975613
vn 0.000000 0.078184 -0.996939
vn -0.155956 0.078184 -0.984665
vn -0.154522 0.155889 -0.975613
vn 0.000000 0.155889 -0.987775
vn -0.155956 0.078184 -0.984665
vn -0.308071 0.078184 -0.948145
vn -0.305239 0.155889 -0.939430
vn -0.154522 0.155889 -0.975613
vn -0.308071 0.078184 -0.948145
vn -0.452601 0.078184 -0.888279
vn -0.448440 0.155889 -0.880114
vn -0.305239 0.155889 -0.939430
vn -0.452601 0.078184 -0.888279
vn -0.585986 0.078184 -0.806541
vn -0.580599 0.155889 -0.799127
vn -0.448440 0.155889 -0.880114
vn -0.585986 0.078184 -0.806541
vn -0.704942 0.078184 -0.704942
vn -0.698462 0.155889 -0.698462
vn -0.580599 0.155889 -0.799127
vn -0.704942 0.078184 -0.704942
vn -0.806540 0.078184 -0.585986
vn -0.799127 0.155889 -0.580599
vn -0.698462 0.155889 -0.698462
vn -0.806540 0.078184 -0.585986
vn -0.888279 0.078184 -0.452601
vn -0.880114 0.155889 -0.448440
vn -0.799127 0.155889 -0.580599
vn -0.888279 0.078184 -0.452601
vn -0.948145 0.078184 -0.308071
vn -0.939429 0.155889 -0.305239
vn -0.880114 0.155889 -0.448440
vn -0.948145 0.078184 -0.308071
vn -0.984665 0.078184 -0.155956
vn -0.975613 0.155889 -0.154522
vn -0.939429 0.155889 -0.305239
vn -0.984665 0.078184 -0.155956
vn -0.996939 0.078184 0.000000
vn -0.987775 0.155889 0.000000
vn -0.975613 0.155889 -0.154522
vn -0.996939 0.078184 0.000000
vn -0.984665 0.078184 0.155956
vn -0.975613 0.155889 0.154522
vn -0.987775 0.155889 0.000000
vn -0.984665 0.078184 0.155956
vn -0.948145 0.078184 0.308071
vn -0.939430 0.155889 0.305239
vn -0.975613 0.155889 0.154522
vn -0.948145 0.078184 0.308071
vn -0.888279 0.078184 0.452601
vn -0.880114 0.155889 0.448440
vn -0.939430 0.155889 0.305239
vn -0.888279 0.078184 0.452601
vn -0.806541 0.078184 0.585986
vn -0.799127 0.155889 0.580599
vn -0.880114 0.155889 0.448440
vn -0.806541 0.078184 0.585986
vn -0.704942 0.078184 0.704942
vn -0.698462 0.155889 0.698462
vn -0.799127 0.155889 0.580599
vn -0.704942 0.078184 0.704942
vn -0.585986 0.078184 0.806540
vn -0.580599 0.155889 0.799127
vn -0.698462 0.155889 0.698462
vn -0.585986 0.078184 0.806540
vn -0.452601 0.078184 0.888279
vn -0.448440 0.155889 0.880114
vn -0.580599 0.155889 0.799127
vn -0.452601 0.078184 0.888279
vn -0.308071 0.078184 0.948145
vn -0.305239 0.155889 0.939429
vn -0.448440 0.155889 0.880114
vn -0.308071 0.078184 0.948145
vn -0.155955 0.078184 0.984665
vn -0.154522 0.155889 0.975613
vn -0.305239 0.155889 0.939429
vn -0.155955 0.078184 0.984665
vn 0.000000 0.078184 0.996939
vn 0.000000 0.155889 0.987775
vn -0.154522 0.155889 0.975613
vn 0.000000 0.078184 0.996939
vn 0.155955 0.078184 0.984665
vn 0.154522 0.155889 0.975613
vn 0.000000 0.155889 0.987775
vn 0.155955 0.078184 0.984665
vn 0.308071 0.078184 0.948145
vn 0.305239 0.155889 0.939430
vn 0.154522 0.155889 0.975613
vn 0.308071 0.078184 0.948145
vn 0.452601 0.078184 0.888279
vn 0.448440 0.155889 0.880114
vn 0.305239 0.155889 0.939430
vn 0.452601 0.078184 0.888279
vn 0.585986 0.078184 0.806540
vn 0.580600 0.155889 0.799126
vn 0.448440 0.155889 0.880114
vn 0.585986 0.078184 0.806540
vn 0.704943 0.078184 0.704942
vn 0.698462 0.155889 0.698462
vn 0.580600 0.155889 0.799126
vn 0.704943 0.078184 0.704942
vn 0.806541 0.078184 0.585986
vn 0.799127 0.155889 0.580599
vn 0.698462 0.155889 0.698462
vn 0.806541 0.078184 0.585986
vn 0.888279 0.078184 0.452601
vn 0.880114 0.155889 0.448440
vn 0.799127 0.155889 0.580599
vn 0.888279 0.078184 0.452601
vn 0.948145 0.078184 0.308071
vn 0.939430 0.155889 0.305239
vn 0.880114 0.155889 0.448440
vn 0.948145 0.078184 0.308071
vn 0.984665 0.078184 0.155955
vn 0.975613 0.155889 0.154522
vn 0.939430 0.155889 0.305239
vn 0.984665 0.078184 0.155955
vn 0.996939 0.078184 0.000002
vn 0.987775 0.155889 0.000002
vn 0.975613 0.155889 0.154522
vn 0.996939 0.078184 0.000002
vn 0.984665 0.078184 -0.155953
vn 0.975614 0.155890 -0.154520
vn 0.987775 0.155889 0.000002
vn 0.975614 0.155890 -0.154520
vn 0.939429 0.155890 -0.305239
vn 0.924963 0.232640 -0.300538
vn 0.960589 0.232640 -0.152140
vn 0.939429 0.155890 -0.305239
vn 0.880114 0.155889 -0.448440
vn 0.866560 0.232640 -0.441534
vn 0.924963 0.232640 -0.300538
vn 0.880114 0.155889 -0.448440
vn 0.799127 0.155889 -0.580599
vn 0.786820 0.232639 -0.571658
vn 0.866560 0.232640 -0.441534
vn 0.799127 0.155889 -0.580599
vn 0.698462 0.155889 -0.698462
vn 0.687706 0.232639 -0.687706
vn 0.786820 0.232639 -0.571658
vn 0.698462 0.155889 -0.698462
vn 0.580599 0.155889 -0.799127
vn 0.571658 0.232639 -0.786820
vn 0.687706 0.232639 -0.687706
vn 0.580599 0.155889 -0.799127
vn 0.448441 0.155889 -0.880113
vn 0.441535 0.232640 -0.866560
vn 0.571658 0.232639 -0.786820
vn 0.448441 0.155889 -0.880113
vn 0.305239 0.155889 -0.939429
vn 0.300539 0.232639 -0.924962
vn 0.441535 0.232640 -0.866560
vn 0.305239 0.155889 -0.939429
vn 0.154522 0.155889 -0.975613
vn 0.152142 0.232639 -0.960589
vn 0.300539 0.232639 -0.924962
vn 0.154522 0.155889 -0.975613
vn 0.000000 0.155889 -0.987775
vn 0.000000 0.232639 -0.972563
vn 0.152142 0.232639 -0.960589
vn 0.000000 0.155889 -0.987775
vn -0.154522 0.155889 -0.975613
vn -0.152142 0.232639 -0.960589
vn 0.000000 0.232639 -0.972563
vn -0.154522 0.155889 -0.975613
vn -0.305239 0.155889 -0.939430
vn -0.300538 0.232640 -0.924962
vn -0.152142 0.232639 -0.960589
vn -0.305239 0.155889 -0.939430
vn -0.448440 0.155889 -0.880114
vn -0.441534 0.232640 -0.866560
vn -0.300538 0.232640 -0.924962
vn -0.448440 0.155889 -0.880114
vn -0.580599 0.155889 -0.799127
vn -0.571658 0.232639 -0.786820
vn -0.441534 0.232640 -0.866560
vn -0.580599 0.155889 -0.799127
vn -0.698462 0.155889 -0.698462
vn -0.687706 0.232639 -0.687706
vn -0.571658 0.232639 -0.786820
vn -0.698462 0.155889 -0.698462
vn -0.799127 0.155889 -0.580599
vn -0.786820 0.232639 -0.571658
vn -0.687706 0.232639 -0.687706
vn -0.799127 0.155889 -0.580599
vn -0.880114 0.155889 -0.448440
vn -0.866560 0.232640 -0.441534
vn -0.786820 0.232639 -0.571658
vn -0.880114 0.155889 -0.448440
vn -0.939429 0.155889 -0.305239
vn -0.924962 0.232639 -0.300539
vn -0.866560 0.232640 -0.441534
vn -0.939429 0.155889 -0.305239
vn -0.975613 0.155889 -0.154522
vn -0.960589 0.232639 -0.152142
vn -0.924962 0.232639 -0.300539
vn -0.975613 0.155889 -0.154522
vn -0.987775 0.155889 0.000000
vn -0.972563 0.232639 0.000000
vn -0.960589 0.232639 -0.152142
vn -0.987775 0.155889 0.000000
vn -0.975613 0.155889 0.154522
vn -0.960589 0.232639 0.152142
vn -0.972563 0.232639 0.000000
vn -0.975613 0.155889 0.154522
vn -0.939430 0.155889 0.305239
vn -0.924963 0.232639 0.300538
vn -0.960589 0.232639 0.152142
vn -0.939430 0.155889 0.305239
vn -0.880114 0.155889 0.448440
vn -0.866560 0.232639 0.441534
vn -0.924963 0.232639 0.300538
vn -0.880114 0.155889 0.448440
vn -0.799127 0.155889 0.580599
vn -0.786820 0.232639 0.571658
vn -0.866560 0.232639 0.441534
vn -0.799127 0.155889 0.580599
vn -0.698462 0.155889 0.698462
vn -0.687706 0.232639 0.687706
vn -0.786820 0.232639 0.571658
vn -0.698462 0.155889 0.698462
vn -0.580599 0.155889 0.799127
vn -0.571658 0.232639 0.786820
vn -0.687706 0.232639 0.687706
vn -0.580599 0.155889 0.799127
vn -0.448440 0.155889 0.880114
vn -0.441535 0.232639 0.866560
vn -0.571658 0.232639 0.786820
vn -0.448440 0.155889 0.880114
vn -0.305239 0.155889 0.939429
vn -0.300539 0.232639 0.924962
vn -0.441535 0.232639 0.866560
vn -0.305239 0.155889 0.939429
vn -0.154522 0.155889 0.975613
vn -0.152142 0.232639 0.960589
vn -0.300539 0.232639 0.924962
vn -0.154522 0.155889 0.975613
vn 0.000000 0.155889 0.987775
vn 0.000000 0.232639 0.972563
vn -0.152142 0.232639 0.960589
vn 0.000000 0.155889 0.987775
vn 0.154522 0.155889 0.975613
vn 0.152142 0.232639 0.960589
vn 0.000000 0.232639 0.972563
vn 0.154522 0.155889 0.975613
vn 0.305239 0.155889 0.939430
vn 0.300539 0.232639 0.924962
vn 0.152142 0.232639 0.960589
vn 0.305239 0.155889 0.939430
vn 0.448440 0.155889 0.880114
vn 0.441534 0.232639 0.866560
vn 0.300539 0.232639 0.924962
vn 0.448440 0.155889 0.880114
vn 0.580600 0.155889 0.799126
vn 0.571658 0.232639 0.786820
vn 0.441534 0.232639 0.866560
vn 0.580600 0.155889 0.799126
vn 0.698462 0.155889 0.698462
vn 0.687706 0.232639 0.687706
vn 0.571658 0.232639 0.786820
vn 0.698462 0.155889 0.698462
vn 0.799127 0.155889 0.580599
vn 0.786820 0.232639 0.571658
vn 0.687706 0.232639 0.687706
vn 0.799127 0.155889 0.580599
vn 0.880114 0.155889 0.448440
vn 0.866560 0.232639 0.441534
vn 0.786820 0.232639 0.571658
vn 0.880114 0.155889 0.448440
vn 0.939430 0.155889 0.305239
vn 0.924963 0.232639 0.300538
vn 0.866560 0.232639 0.441534
vn 0.939430 0.155889 0.305239
vn 0.975613 0.155889 0.154522
vn 0.960589 0.232639 0.152142
vn 0.924963 0.232639 0.300538
vn 0.975613 0.155889 0.154522
vn 0.987775 0.155889 0.000002
vn 0.972563 0.232639 0.000002
vn 0.960589 0.232639 0.152142
vn 0.987775 0.155889 0.000002
vn 0.975614 0.155890 -0.154520
vn 0.960589 0.232640 -0.152140
vn 0.972563 0.232639 0.000002
vn 0.960589 0.232640 -0.152140
vn 0.924963 0.232640 -0.300538
vn 0.904834 0.307962 -0.293998
vn 0.939686 0.307962 -0.148830
vn 0.924963 0.232640 -0.300538
vn 0.866560 0.232640 -0.441534
vn 0.847703 0.307962 -0.431926
vn 0.904834 0.307962 -0.293998
vn 0.866560 0.232640 -0.441534
vn 0.786820 0.232639 -0.571658
vn 0.769698 0.307962 -0.559218
vn 0.847703 0.307962 -0.431926
vn 0.786820 0.232639 -0.571658
vn 0.687706 0.232639 -0.687706
vn 0.672741 0.307962 -0.672740
vn 0.769698 0.307962 -0.559218
vn 0.687706 0.232639 -0.687706
vn 0.571658 0.232639 -0.786820
vn 0.559218 0.307962 -0.769698
vn 0.672741 0.307962 -0.672740
vn 0.571658 0.232639 -0.786820
vn 0.441535 0.232640 -0.866560
vn 0.431926 0.307962 -0.847702
vn 0.559218 0.307962 -0.769698
vn 0.441535 0.232640 -0.866560
vn 0.300539 0.232639 -0.924962
vn 0.293999 0.307962 -0.904834
vn 0.431926 0.307962 -0.847702
vn 0.300539 0.232639 -0.924962
vn 0.152142 0.232639 -0.960589
vn 0.148832 0.307962 -0.939685
vn 0.293999 0.307962 -0.904834
vn 0.152142 0.232639 -0.960589
vn 0.000000 0.232639 -0.972563
vn 0.000000 0.307962 -0.951399
vn 0.148832 0.307962 -0.939685
vn 0.000000 0.232639 -0.972563
vn -0.152142 0.232639 -0.960589
vn -0.148831 0.307963 -0.939685
vn 0.000000 0.307962 -0.951399
vn -0.152142 0.232639 -0.960589
vn -0.300538 0.232640 -0.924962
vn -0.293998 0.307962 -0.904834
vn -0.148831 0.307963 -0.939685
vn -0.300538 0.232640 -0.924962
vn -0.441534 0.232640 -0.866560
vn -0.431926 0.307962 -0.847702
vn -0.293998 0.307962 -0.904834
vn -0.441534 0.232640 -0.866560
vn -0.571658 0.232639 -0.786820
vn -0.559218 0.307962 -0.769698
vn -0.431926 0.307962 -0.847702
vn -0.571658 0.232639 -0.786820
vn -0.687706 0.232639 -0.687706
vn -0.672740 0.307962 -0.672741
vn -0.559218 0.307962 -0.769698
vn -0.687706 0.232639 -0.687706
vn -0.786820 0.232639 -0.571658
vn -0.769698 0.307962 -0.559218
vn -0.672740 0.307962 -0.672741
vn -0.786820 0.232639 -0.571658
vn -0.866560 0.232640 -0.441534
vn -0.847702 0.307962 -0.431926
vn -0.769698 0.307962 -0.559218
vn -0.866560 0.232640 -0.441534
vn -0.924962 0.232639 -0.300539
vn -0.904834 0.307962 -0.293998
vn -0.847702 0.307962 -0.431926
vn -0.924962 0.232639 -0.300539
vn -0.960589 0.232639 -0.152142
vn -0.939685 0.307962 -0.148832
vn -0.904834 0.307962 -0.293998
vn -0.960589 0.232639 -0.152142
vn -0.972563 0.232639 0.000000
vn -0.951398 0.307963 0.000000
vn -0.939685 0.307962 -0.148832
vn -0.972563 0.232639 0.000000
vn -0.960589 0.232639 0.152142
vn -0.939685 0.307963 0.148831
vn -0.951398 0.307963 0.000000
vn -0.960589 0.232639 0.152142
vn -0.924963 0.232639 0.300538
vn -0.904834 0.307963 0.293998
vn -0.939685 0.307963 0.148831
vn -0.924963 0.232639 0.300538
vn -0.866560 0.232639 0.441534
vn -0.847702 0.307963 0.431926
vn -0.904834 0.307963 0.293998
vn -0.866560 0.232639 0.441534
vn -0.786820 0.232639 0.571658
vn -0.769698 0.307962 0.559218
vn -0.847702 0.307963 0.431926
vn -0.786820 0.232639 0.571658
vn -0.687706 0.232639 0.687706
vn -0.672740 0.307962 0.672740
vn -0.769698 0.307962 0.559218
vn -0.687706 0.232639 0.687706
vn -0.571658 0.232639 0.786820
vn -0.559218 0.307962 0.769698
vn -0.672740 0.307962 0.672740
vn -0.571658 0.232639 0.786820
vn -0.441535 0.232639 0.866560
vn -0.431926 0.307962 0.847702
vn -0.559218 0.307962 0.769698
vn -0.441535 0.232639 0.866560
vn -0.300539 0.232639 0.924962
vn -0.293999 0.307962 0.904834
vn -0.431926 0.307962 0.847702
vn -0.300539 0.232639 0.924962
vn -0.152142 0.232639 0.960589
vn -0.148831 0.307962 0.939685
vn -0.293999 0.307962 0.904834
vn -0.152142 0.232639 0.960589
vn 0.000000 0.232639 0.972563
vn 0.000000 0.307962 0.951399
vn -0.148831 0.307962 0.939685
vn 0.000000 0.232639 0.972563
vn 0.152142 0.232639 0.960589
vn 0.148832 0.307962 0.939685
vn 0.000000 0.307962 0.951399
vn 0.152142 0.232639 0.960589
vn 0.300539 0.232639 0.924962
vn 0.293999 0.307962 0.904834
vn 0.148832 0.307962 0.939685
vn 0.300539 0.232639 0.924962
vn 0.441534 0.232639 0.866560
vn 0.431926 0.307962 0.847702
vn 0.293999 0.307962 0.904834
vn 0.441534 0.232639 0.866560
vn 0.571658 0.232639 0.786820
vn 0.559218 0.307963 0.769698
vn 0.431926 0.307962 0.847702
vn 0.571658 0.232639 0.786820
vn 0.687706 0.232639 0.687706
vn 0.672741 0.307962 0.672740
vn 0.559218 0.307963 0.769698
vn 0.687706 0.232639 0.687706
vn 0.786820 0.232639 0.571658
vn 0.769698 0.307962 0.559218
vn 0.672741 0.307962 0.672740
vn 0.786820 0.232639 0.571658
vn 0.866560 0.232639 0.441534
vn 0.847702 0.307962 0.431926
vn 0.769698 0.307962 0.559218
vn 0.866560 0.232639 0.441534
vn 0.924963 0.232639 0.300538
vn 0.904834 0.307962 0.293998
vn 0.847702 0.307962 0.431926
vn 0.924963 0.232639 0.300538
vn 0.960589 0.232639 0.152142
vn 0.939685 0.307962 0.148831
vn 0.904834 0.307962 0.293998
vn 0.960589 0.232639 0.152142
vn 0.972563 0.232639 0.000002
vn 0.951399 0.307962 0.000002
vn 0.939685 0.307962 0.148831
vn 0.972563 0.232639 0.000002
vn 0.960589 0.232640 -0.152140
vn 0.939686 0.307962 -0.148830
vn 0.951399 0.307962 0.000002
vn 0.939686 0.307962 -0.148830
vn 0.904834 0.307962 -0.293998
vn 0.879167 0.381397 -0.285659
vn 0.913031 0.381397 -0.144608
vn 0.904834 0.307962 -0.293998
vn 0.847703 0.307962 -0.431926
vn 0.823657 0.381397 -0.419674
vn 0.879167 0.381397 -0.285659
vn 0.847703 0.307962 -0.431926
vn 0.769698 0.307962 -0.559218
vn 0.747865 0.381397 -0.543355
vn 0.823657 0.381397 -0.419674
vn 0.769698 0.307962 -0.559218
vn 0.672741 0.307962 -0.672740
vn 0.653658 0.381398 -0.653657
vn 0.747865 0.381397 -0.543355
vn 0.672741 0.307962 -0.672740
vn 0.559218 0.307962 -0.769698
vn 0.543355 0.381398 -0.747864
vn 0.653658 0.381398 -0.653657
vn 0.559218 0.307962 -0.769698
vn 0.431926 0.307962 -0.847702
vn 0.419674 0.381398 -0.823656
vn 0.543355 0.381398 -0.747864
vn 0.431926 0.307962 -0.847702
vn 0.293999 0.307962 -0.904834
vn 0.285659 0.381398 -0.879167
vn 0.419674 0.381398 -0.823656
vn 0.293999 0.307962 -0.904834
vn 0.148832 0.307962 -0.939685
vn 0.144610 0.381398 -0.913030
vn 0.285659 0.381398 -0.879167
vn 0.148832 0.307962 -0.939685
vn 0.000000 0.307962 -0.951399
vn 0.000000 0.381397 -0.924411
vn 0.144610 0.381398 -0.913030
vn 0.000000 0.307962 -0.951399
vn -0.148831 0.307963 -0.939685
vn -0.144610 0.381398 -0.913030
vn 0.000000 0.381397 -0.924411
vn -0.148831 0.307963 -0.939685
vn -0.293998 0.307962 -0.904834
vn -0.285658 0.381397 -0.879168
vn -0.144610 0.381398 -0.913030
vn -0.293998 0.307962 -0.904834
vn -0.431926 0.307962 -0.847702
vn -0.419674 0.381397 -0.823657
vn -0.285658 0.381397 -0.879168
vn -0.431926 0.307962 -0.847702
vn -0.559218 0.307962 -0.769698
vn -0.543355 0.381397 -0.747864
vn -0.419674 0.381397 -0.823657
vn -0.559218 0.307962 -0.769698
vn -0.672740 0.307962 -0.672741
vn -0.653657 0.381398 -0.653657
vn -0.543355 0.381397 -0.747864
vn -0.672740 0.307962 -0.672741
vn -0.769698 0.307962 -0.559218
vn -0.747864 0.381397 -0.543355
vn -0.653657 0.381398 -0.653657
vn -0.769698 0.307962 -0.559218
vn -0.847702 0.307962 -0.431926
vn -0.823656 0.381397 -0.419674
vn -0.747864 0.381397 -0.543355
vn -0.847702 0.307962 -0.431926
vn -0.904834 0.307962 -0.293998
vn -0.879167 0.381397 -0.285659
vn -0.823656 0.381397 -0.419674
vn -0.904834 0.307962 -0.293998
vn -0.939685 0.307962 -0.148832
vn -0.913030 0.381398 -0.144610
vn -0.879167 0.381397 -0.285659
vn -0.939685 0.307962 -0.148832
vn -0.951398 0.307963 0.000000
vn -0.924411 0.381398 0.000000
vn -0.913030 0.381398 -0.144610
vn -0.951398 0.307963 0.000000
vn -0.939685 0.307963 0.148831
vn -0.913030 0.381398 0.144610
vn -0.924411 0.381398 0.000000
vn -0.939685 0.307963 0.148831
vn -0.904834 0.307963 0.293998
vn -0.879167 0.381397 0.285659
vn -0.913030 0.381398 0.144610
vn -0.904834 0.307963 0.293998
vn -0.847702 0.307963 0.431926
vn -0.823656 0.381398 0.419674
vn -0.879167 0.381397 0.285659
vn -0.847702 0.307963 0.431926
vn -0.769698 0.307962 0.559218
vn -0.747864 0.381398 0.543355
vn -0.823656 0.381398 0.419674
vn -0.769698 0.307962 0.559218
vn -0.672740 0.307962 0.672740
vn -0.653657 0.381398 0.653657
vn -0.747864 0.381398 0.543355
vn -0.672740 0.307962 0.672740
vn -0.559218 0.307962 0.769698
vn -0.543355 0.381398 0.747864
vn -0.653657 0.381398 0.653657
vn -0.559218 0.307962 0.769698
vn -0.431926 0.307962 0.847702
vn -0.419674 0.381398 0.823656
vn -0.543355 0.381398 0.747864
vn -0.431926 0.307962 0.847702
vn -0.293999 0.307962 0.904834
vn -0.285659 0.381397 0.879167
vn -0.419674 0.381398 0.823656
vn -0.293999 0.307962 0.904834
vn -0.148831 0.307962 0.939685
vn -0.144610 0.381397 0.913030
vn -0.285659 0.381397 0.879167
vn -0.148831 0.307962 0.939685
vn 0.000000 0.307962 0.951399
vn 0.000000 0.381397 0.924411
vn -0.144610 0.381397 0.913030
vn 0.000000 0.307962 0.951399
vn 0.148832 0.307962 0.939685
vn 0.144610 0.381397 0.913030
vn 0.000000 0.381397 0.924411
vn 0.148832 0.307962 0.939685
vn 0.293999 0.307962 0.904834
vn 0.285659 0.381397 0.879167
vn 0.144610 0.381397 0.913030
vn 0.293999 0.307962 0.904834
vn 0.431926 0.307962 0.847702
vn 0.419674 0.381397 0.823656
vn 0.285659 0.381397 0.879167
vn 0.431926 0.307962 0.847702
vn 0.559218 0.307963 0.769698
vn 0.543355 0.381397 0.747864
vn 0.419674 0.381397 0.823656
vn 0.559218 0.307963 0.769698
vn 0.672741 0.307962 0.672740
vn 0.653658 0.381397 0.653657
vn 0.543355 0.381397 0.747864
vn 0.672741 0.307962 0.672740
vn 0.769698 0.307962 0.559218
vn 0.747864 0.381397 0.543355
vn 0.653658 0.381397 0.653657
vn 0.769698 0.307962 0.559218
vn 0.847702 0.307962 0.431926
vn 0.823657 0.381397 0.419674
vn 0.747864 0.381397 0.543355
vn 0.847702 0.307962 0.431926
vn 0.904834 0.307962 0.293998
vn 0.879167 0.381398 0.285659
vn 0.823657 0.381397 0.419674
vn 0.904834 0.307962 0.293998
vn 0.939685 0.307962 0.148831
vn 0.913030 0.381398 0.144610
vn 0.879167 0.381398 0.285659
vn 0.939685 0.307962 0.148831
vn 0.951399 0.307962 0.000002
vn 0.924411 0.381397 0.000002
vn 0.913030 0.381398 0.144610
vn 0.951399 0.307962 0.000002
vn 0.939686 0.307962 -0.148830
vn 0.913031 0.381397 -0.144608
vn 0.924411 0.381397 0.000002
vn 0.913031 0.381397 -0.144608
vn 0.879167 0.381397 -0.285659
vn 0.848121 0.452495 -0.275571
vn 0.880788 0.452495 -0.139501
vn 0.879167 0.381397 -0.285659
vn 0.823657 0.381397 -0.419674
vn 0.794570 0.452495 -0.404854
vn 0.848121 0.452495 -0.275571
vn 0.823657 0.381397 -0.419674
vn 0.747865 0.381397 -0.543355
vn 0.721455 0.452495 -0.524167
vn 0.794570 0.452495 -0.404854
vn 0.747865 0.381397 -0.543355
vn 0.653658 0.381398 -0.653657
vn 0.630575 0.452495 -0.630574
vn 0.721455 0.452495 -0.524167
vn 0.653658 0.381398 -0.653657
vn 0.543355 0.381398 -0.747864
vn 0.524168 0.452495 -0.721455
vn 0.630575 0.452495 -0.630574
vn 0.543355 0.381398 -0.747864
vn 0.419674 0.381398 -0.823656
vn 0.404854 0.452495 -0.794570
vn 0.524168 0.452495 -0.721455
vn 0.419674 0.381398 -0.823656
vn 0.285659 0.381398 -0.879167
vn 0.275571 0.452495 -0.848121
vn 0.404854 0.452495 -0.794570
vn 0.285659 0.381398 -0.879167
vn 0.144610 0.381398 -0.913030
vn 0.139504 0.452495 -0.880788
vn 0.275571 0.452495 -0.848121
vn 0.144610 0.381398 -0.913030
vn 0.000000 0.381397 -0.924411
vn 0.000000 0.452495 -0.891767
vn 0.139504 0.452495 -0.880788
vn 0.000000 0.381397 -0.924411
vn -0.144610 0.381398 -0.913030
vn -0.139503 0.452495 -0.880788
vn 0.000000 0.452495 -0.891767
vn -0.144610 0.381398 -0.913030
vn -0.285658 0.381397 -0.879168
vn -0.275571 0.452495 -0.848121
vn -0.139503 0.452495 -0.880788
vn -0.285658 0.381397 -0.879168
vn -0.419674 0.381397 -0.823657
vn -0.404854 0.452495 -0.794570
vn -0.275571 0.452495 -0.848121
vn -0.419674 0.381397 -0.823657
vn -0.543355 0.381397 -0.747864
vn -0.524167 0.452495 -0.721455
vn -0.404854 0.452495 -0.794570
vn -0.543355 0.381397 -0.747864
vn -0.653657 0.381398 -0.653657
vn -0.630574 0.452495 -0.630575
vn -0.524167 0.452495 -0.721455
vn -0.653657 0.381398 -0.653657
vn -0.747864 0.381397 -0.543355
vn -0.721455 0.452495 -0.524168
vn -0.630574 0.452495 -0.630575
vn -0.747864 0.381397 -0.543355
vn -0.823656 0.381397 -0.419674
vn -0.794570 0.452495 -0.404854
vn -0.721455 0.452495 -0.524168
vn -0.823656 0.381397 -0.419674
vn -0.879167 0.381397 -0.285659
vn -0.848121 0.452495 -0.275571
vn -0.794570 0.452495 -0.404854
vn -0.879167 0.381397 -0.285659
vn -0.913030 0.381398 -0.144610
vn -0.880788 0.452495 -0.139503
vn -0.848121 0.452495 -0.275571
vn -0.913030 0.381398 -0.144610
vn -0.924411 0.381398 0.000000
vn -0.891767 0.452495 0.000000
vn -0.880788 0.452495 -0.139503
vn -0.924411 0.381398 0.000000
vn -0.913030 0.381398 0.144610
vn -0.880788 0.452495 0.139503
vn -0.891767 0.452495 0.000000
vn -0.913030 0.381398 0.144610
vn -0.879167 0.381397 0.285659
vn -0.848121 0.452495 0.275571
vn -0.880788 0.452495 0.139503
vn -0.879167 0.381397 0.285659
vn -0.823656 0.381398 0.419674
vn -0.794570 0.452495 0.404854
vn -0.848121 0.452495 0.275571
vn -0.823656 0.381398 0.419674
vn -0.747864 0.381398 0.543355
vn -0.721455 0.452495 0.524168
vn -0.794570 0.452495 0.404854
vn -0.747864 0.381398 0.543355
vn -0.653657 0.381398 0.653657
vn -0.630574 0.452495 0.630575
vn -0.721455 0.452495 0.524168
vn -0.653657 0.381398 0.653657
vn -0.543355 0.381398 0.747864
vn -0.524167 0.452495 0.721455
vn -0.630574 0.452495 0.630575
vn -0.543355 0.381398 0.747864
vn -0.419674 0.381398 0.823656
vn -0.404854 0.452495 0.794570
vn -0.524167 0.452495 0.721455
vn -0.419674 0.381398 0.823656
vn -0.285659 0.381397 0.879167
vn -0.275571 0.452495 0.848121
vn -0.404854 0.452495 0.794570
vn -0.285659 0.381397 0.879167
vn -0.144610 0.381397 0.913030
vn -0.139503 0.452494 0.880788
vn -0.275571 0.452495 0.848121
vn -0.144610 0.381397 0.913030
vn 0.000000 0.381397 0.924411
vn 0.000000 0.452495 0.891767
vn -0.139503 0.452494 0.880788
vn 0.000000 0.381397 0.924411
vn 0.144610 0.381397 0.913030
vn 0.139503 0.452495 0.880788
vn 0.000000 0.452495 0.891767
vn 0.144610 0.381397 0.913030
vn 0.285659 0.381397 0.879167
vn 0.275571 0.452495 0.848121
vn 0.139503 0.452495 0.880788
vn 0.285659 0.381397 0.879167
vn 0.419674 0.381397 0.823656
vn 0.404854 0.452495 0.794570
vn 0.275571 0.452495 0.848121
vn 0.419674 0.381397 0.823656
vn 0.543355 0.381397 0.747864
vn 0.524167 0.452495 0.721455
vn 0.404854 0.452495 0.794570
vn 0.543355 0.381397 0.747864
vn 0.653658 0.381397 0.653657
vn 0.630574 0.452495 0.630575
vn 0.524167 0.452495 0.721455
vn 0.653658 0.381397 0.653657
vn 0.747864 0.381397 0.543355
vn 0.721455 0.452495 0.524168
vn 0.630574 0.452495 0.630575
vn 0.747864 0.381397 0.543355
vn 0.823657 0.381397 0.419674
vn 0.794570 0.452495 0.404854
vn 0.721455 0.452495 0.524168
vn 0.823657 0.381397 0.419674
vn 0.879167 0.381398 0.285659
vn 0.848121 0.452495 0.275571
vn 0.794570 0.452495 0.404854
vn 0.879167 0.381398 0.285659
vn 0.913030 0.381398 0.144610
vn 0.880788 0.452495 0.139503
vn 0.848121 0.452495 0.275571
vn 0.913030 0.381398 0.144610
vn 0.924411 0.381397 0.000002
vn 0.891767 0.452495 0.000002
vn 0.880788 0.452495 0.139503
vn 0.924411 0.381397 0.000002
vn 0.913031 0.381397 -0.144608
vn 0.880788 0.452495 -0.139501
vn 0.891767 0.452495 0.000002
vn 0.880788 0.452495 -0.139501
vn 0.848121 0.452495 -0.275571
vn 0.811887 0.520817 -0.263798
vn 0.843159 0.520817 -0.133541
vn 0.848121 0.452495 -0.275571
vn 0.794570 0.452495 -0.404854
vn 0.760624 0.520817 -0.387557
vn 0.811887 0.520817 -0.263798
vn 0.794570 0.452495 -0.404854
vn 0.721455 0.452495 -0.524167
vn 0.690632 0.520817 -0.501773
vn 0.760624 0.520817 -0.387557
vn 0.721455 0.452495 -0.524167
vn 0.630575 0.452495 -0.630574
vn 0.603635 0.520817 -0.603634
vn 0.690632 0.520817 -0.501773
vn 0.630575 0.452495 -0.630574
vn 0.524168 0.452495 -0.721455
vn 0.501774 0.520817 -0.690632
vn 0.603635 0.520817 -0.603634
vn 0.524168 0.452495 -0.721455
vn 0.404854 0.452495 -0.794570
vn 0.387558 0.520817 -0.760624
vn 0.501774 0.520817 -0.690632
vn 0.404854 0.452495 -0.794570
vn 0.275571 0.452495 -0.848121
vn 0.263798 0.520817 -0.811887
vn 0.387558 0.520817 -0.760624
vn 0.275571 0.452495 -0.848121
vn 0.139504 0.452495 -0.880788
vn 0.133543 0.520817 -0.843158
vn 0.263798 0.520817 -0.811887
vn 0.139504 0.452495 -0.880788
vn 0.000000 0.452495 -0.891767
vn 0.000000 0.520817 -0.853668
vn 0.133543 0.520817 -0.843158
vn 0.000000 0.452495 -0.891767
vn -0.139503 0.452495 -0.880788
vn -0.133543 0.520817 -0.843158
vn 0.000000 0.520817 -0.853668
vn -0.139503 0.452495 -0.880788
vn -0.275571 0.452495 -0.848121
vn -0.263798 0.520817 -0.811887
vn -0.133543 0.520817 -0.843158
vn -0.275571 0.452495 -0.848121
vn -0.404854 0.452495 -0.794570
vn -0.387557 0.520817 -0.760624
vn -0.263798 0.520817 -0.811887
vn -0.404854 0.452495 -0.794570
vn -0.524167 0.452495 -0.721455
vn -0.501773 0.520817 -0.690632
vn -0.387557 0.520817 -0.760624
vn -0.524167 0.452495 -0.721455
vn -0.630574 0.452495 -0.630575
vn -0.603635 0.520817 -0.603635
vn -0.501773 0.520817 -0.690632
vn -0.630574 0.452495 -0.630575
vn -0.721455 0.452495 -0.524168
vn -0.690632 0.520817 -0.501774
vn -0.603635 0.520817 -0.603635
vn -0.721455 0.452495 -0.524168
vn -0.794570 0.452495 -0.404854
vn -0.760624 0.520817 -0.387557
vn -0.690632 0.520817 -0.501774
vn -0.794570 0.452495 -0.404854
vn -0.848121 0.452495 -0.275571
vn -0.811887 0.520817 -0.263798
vn -0.760624 0.520817 -0.387557
vn -0.848121 0.452495 -0.275571
vn -0.880788 0.452495 -0.139503
vn -0.843158 0.520817 -0.133543
vn -0.811887 0.520817 -0.263798
vn -0.880788 0.452495 -0.139503
vn -0.891767 0.452495 0.000000
vn -0.853668 0.520817 0.000000
vn -0.843158 0.520817 -0.133543
vn -0.891767 0.452495 0.000000
vn -0.880788 0.452495 0.139503
vn -0.843158 0.520817 0.133543
vn -0.853668 0.520817 0.000000
vn -0.880788 0.452495 0.139503
vn -0.848121 0.452495 0.275571
vn -0.811887 0.520817 0.263798
vn -0.843158 0.520817 0.133543
vn -0.848121 0.452495 0.275571
vn -0.794570 0.452495 0.404854
vn -0.760624 0.520817 0.387557
vn -0.811887 0.520817 0.263798
vn -0.794570 0.452495 0.404854
vn -0.721455 0.452495 0.524168
vn -0.690632 0.520817 0.501774
vn -0.760624 0.520817 0.387557
vn -0.721455 0.452495 0.524168
vn -0.630574 0.452495 0.630575
vn -0.603635 0.520817 0.603635
vn -0.690632 0.520817 0.501774
vn -0.630574 0.452495 0.630575
vn -0.524167 0.452495 0.721455
vn -0.501774 0.520817 0.690632
vn -0.603635 0.520817 0.603635
vn -0.524167 0.452495 0.721455
vn -0.404854 0.452495 0.794570
vn -0.387557 0.520817 0.760624
vn -0.501774 0.520817 0.690632
vn -0.404854 0.452495 0.794570
vn -0.275571 0.452495 0.848121
vn -0.263798 0.520817 0.811887
vn -0.387557 0.520817 0.760624
vn -0.275571 0.452495 0.848121
vn -0.139503 0.452494 0.880788
vn -0.133543 0.520817 0.843158
vn -0.263798 0.520817 0.811887
vn -0.139503 0.452494 0.880788
vn 0.000000 0.452495 0.891767
vn 0.000000 0.520817 0.853669
vn -0.133543 0.520817 0.843158
vn 0.000000 0.452495 0.891767
vn 0.139503 0.452495 0.880788
vn 0.133543 0.520817 0.843158
vn 0.000000 0.520817 0.853669
vn 0.139503 0.452495 0.880788
vn 0.275571 0.452495 0.848121
vn 0.263798 0.520817 0.811887
vn 0.133543 0.520817 0.843158
vn 0.275571 0.452495 0.848121
vn 0.404854 0.452495 0.794570
vn 0.387557 0.520817 0.760624
vn 0.263798 0.520817 0.811887
vn 0.404854 0.452495 0.794570
vn 0.524167 0.452495 0.721455
vn 0.501774 0.520817 0.690632
vn 0.387557 0.520817 0.760624
vn 0.524167 0.452495 0.721455
vn 0.630574 0.452495 0.630575
vn 0.603635 0.520817 0.603635
vn 0.501774 0.520817 0.690632
vn 0.630574 0.452495 0.630575
vn 0.721455 0.452495 0.524168
vn 0.690632 0.520817 0.501774
vn 0.603635 0.520817 0.603635
vn 0.721455 0.452495 0.524168
vn 0.794570 0.452495 0.404854
vn 0.760624 0.520817 0.387557
vn 0.690632 0.520817 0.501774
vn 0.794570 0.452495 0.404854
vn 0.848121 0.452495 0.275571
vn 0.811887 0.520817 0.263798
vn 0.760624 0.520817 0.387557
vn 0.848121 0.452495 0.275571
vn 0.880788 0.452495 0.139503
vn 0.843158 0.520817 0.133543
vn 0.811887 0.520817 0.263798
vn 0.880788 0.452495 0.139503
vn 0.891767 0.452495 0.000002
vn 0.853668 0.520817 0.000002
vn 0.843158 0.520817 0.133543
vn 0.891767 0.452495 0.000002
vn 0.880788 0.452495 -0.139501
vn 0.843159 0.520817 -0.133541
vn 0.853668 0.520817 0.000002
vn 0.843159 0.520817 -0.133541
vn 0.811887 0.520817 -0.263798
vn 0.770690 0.585944 -0.250413
vn 0.800375 0.585944 -0.126765
vn 0.811887 0.520817 -0.263798
vn 0.760624 0.520817 -0.387557
vn 0.722029 0.585943 -0.367892
vn 0.770690 0.585944 -0.250413
vn 0.760624 0.520817 -0.387557
vn 0.690632 0.520817 -0.501773
vn 0.655589 0.585944 -0.476313
vn 0.722029 0.585943 -0.367892
vn 0.690632 0.520817 -0.501773
vn 0.603635 0.520817 -0.603634
vn 0.573005 0.585944 -0.573005
vn 0.655589 0.585944 -0.476313
vn 0.603635 0.520817 -0.603634
vn 0.501774 0.520817 -0.690632
vn 0.476313 0.585943 -0.655589
vn 0.573005 0.585944 -0.573005
vn 0.501774 0.520817 -0.690632
vn 0.387558 0.520817 -0.760624
vn 0.367892 0.585943 -0.722029
vn 0.476313 0.585943 -0.655589
vn 0.387558 0.520817 -0.760624
vn 0.263798 0.520817 -0.811887
vn 0.250413 0.585943 -0.770691
vn 0.367892 0.585943 -0.722029
vn 0.263798 0.520817 -0.811887
vn 0.133543 0.520817 -0.843158
vn 0.126767 0.585943 -0.800375
vn 0.250413 0.585943 -0.770691
vn 0.133543 0.520817 -0.843158
vn 0.000000 0.520817 -0.853668
vn 0.000000 0.585943 -0.810352
vn 0.126767 0.585943 -0.800375
vn 0.000000 0.520817 -0.853668
vn -0.133543 0.520817 -0.843158
vn -0.126767 0.585944 -0.800375
vn 0.000000 0.585943 -0.810352
vn -0.133543 0.520817 -0.843158
vn -0.263798 0.520817 -0.811887
vn -0.250412 0.585944 -0.770690
vn -0.126767 0.585944 -0.800375
vn -0.263798 0.520817 -0.811887
vn -0.387557 0.520817 -0.760624
vn -0.367892 0.585944 -0.722029
vn -0.250412 0.585944 -0.770690
vn -0.387557 0.520817 -0.760624
vn -0.501773 0.520817 -0.690632
vn -0.476313 0.585944 -0.655588
vn -0.367892 0.585944 -0.722029
vn -0.501773 0.520817 -0.690632
vn -0.603635 0.520817 -0.603635
vn -0.573005 0.585944 -0.573005
vn -0.476313 0.585944 -0.655588
vn -0.603635 0.520817 -0.603635
vn -0.690632 0.520817 -0.501774
vn -0.655588 0.585944 -0.476313
vn -0.573005 0.585944 -0.573005
vn -0.690632 0.520817 -0.501774
vn -0.760624 0.520817 -0.387557
vn -0.722029 0.585944 -0.367892
vn -0.655588 0.585944 -0.476313
vn -0.760624 0.520817 -0.387557
vn -0.811887 0.520817 -0.263798
vn -0.770690 0.585944 -0.250413
vn -0.722029 0.585944 -0.367892
vn -0.811887 0.520817 -0.263798
vn -0.843158 0.520817 -0.133543
vn -0.800375 0.585943 -0.126767
vn -0.770690 0.585944 -0.250413
vn -0.843158 0.520817 -0.133543
vn -0.853668 0.520817 0.000000
vn -0.810352 0.585944 0.000000
vn -0.800375 0.585943 -0.126767
vn -0.853668 0.520817 0.000000
vn -0.843158 0.520817 0.133543
vn -0.800375 0.585943 0.126767
vn -0.810352 0.585944 0.000000
vn -0.843158 0.520817 0.133543
vn -0.811887 0.520817 0.263798
vn -0.770691 0.585943 0.250413
vn -0.800375 0.585943 0.126767
vn -0.811887 0.520817 0.263798
vn -0.760624 0.520817 0.387557
vn -0.722029 0.585943 0.367892
vn -0.770691 0.585943 0.250413
vn -0.760624 0.520817 0.387557
vn -0.690632 0.520817 0.501774
vn -0.655589 0.585944 0.476312
vn -0.722029 0.585943 0.367892
vn -0.690632 0.520817 0.501774
vn -0.603635 0.520817 0.603635
vn -0.573006 0.585944 0.573005
vn -0.655589 0.585944 0.476312
vn -0.603635 0.520817 0.603635
vn -0.501774 0.520817 0.690632
vn -0.476313 0.585943 0.655589
vn -0.573006 0.585944 0.573005
vn -0.501774 0.520817 0.690632
vn -0.387557 0.520817 0.760624
vn -0.367892 0.585943 0.722029
vn -0.476313 0.585943 0.655589
vn -0.387557 0.520817 0.760624
vn -0.263798 0.520817 0.811887
vn -0.250413 0.585944 0.770690
vn -0.367892 0.585943 0.722029
vn -0.263798 0.520817 0.811887
vn -0.133543 0.520817 0.843158
vn -0.126767 0.585943 0.800375
vn -0.250413 0.585944 0.770690
vn -0.133543 0.520817 0.843158
vn 0.000000 0.520817 0.853669
vn 0.000000 0.585943 0.810353
vn -0.126767 0.585943 0.800375
vn 0.000000 0.520817 0.853669
vn 0.133543 0.520817 0.843158
vn 0.126767 0.585943 0.800376
vn 0.000000 0.585943 0.810353
vn 0.133543 0.520817 0.843158
vn 0.263798 0.520817 0.811887
vn 0.250413 0.585943 0.770691
vn 0.126767 0.585943 0.800376
vn 0.263798 0.520817 0.811887
vn 0.387557 0.520817 0.760624
vn 0.367892 0.585943 0.722029
vn 0.250413 0.585943 0.770691
vn 0.387557 0.520817 0.760624
vn 0.501774 0.520817 0.690632
vn 0.476313 0.585943 0.655589
vn 0.367892 0.585943 0.722029
vn 0.501774 0.520817 0.690632
vn 0.603635 0.520817 0.603635
vn 0.573006 0.585943 0.573005
vn 0.476313 0.585943 0.655589
vn 0.603635 0.520817 0.603635
vn 0.690632 0.520817 0.501774
vn 0.655589 0.585943 0.476313
vn 0.573006 0.585943 0.573005
vn 0.690632 0.520817 0.501774
vn 0.760624 0.520817 0.387557
vn 0.722029 0.585943 0.367892
vn 0.655589 0.585943 0.476313
vn 0.760624 0.520817 0.387557
vn 0.811887 0.520817 0.263798
vn 0.770691 0.585943 0.250412
vn 0.722029 0.585943 0.367892
vn 0.811887 0.520817 0.263798
vn 0.843158 0.520817 0.133543
vn 0.800375 0.585944 0.126767
vn 0.770691 0.585943 0.250412
vn 0.843158 0.520817 0.133543
vn 0.853668 0.520817 0.000002
vn 0.810352 0.585944 0.000002
vn 0.800375 0.585944 0.126767
vn 0.853668 0.520817 0.000002
vn 0.843159 0.520817 -0.133541
vn 0.800375 0.585944 -0.126765
vn 0.810352 0.585944 0.000002
vn 0.800375 0.585944 -0.126765
vn 0.770690 0.585944 -0.250413
vn 0.724787 0.647475 -0.235497
vn 0.752704 0.647475 -0.119215
vn 0.770690 0.585944 -0.250413
vn 0.722029 0.585943 -0.367892
vn 0.679024 0.647475 -0.345980
vn 0.724787 0.647475 -0.235497
vn 0.722029 0.585943 -0.367892
vn 0.655589 0.585944 -0.476313
vn 0.616541 0.647475 -0.447943
vn 0.679024 0.647475 -0.345980
vn 0.655589 0.585944 -0.476313
vn 0.573005 0.585944 -0.573005
vn 0.538877 0.647475 -0.538876
vn 0.616541 0.647475 -0.447943
vn 0.573005 0.585944 -0.573005
vn 0.476313 0.585943 -0.655589
vn 0.447943 0.647475 -0.616541
vn 0.538877 0.647475 -0.538876
vn 0.476313 0.585943 -0.655589
vn 0.367892 0.585943 -0.722029
vn 0.345980 0.647475 -0.679024
vn 0.447943 0.647475 -0.616541
vn 0.367892 0.585943 -0.722029
vn 0.250413 0.585943 -0.770691
vn 0.235498 0.647475 -0.724787
vn 0.345980 0.647475 -0.679024
vn 0.250413 0.585943 -0.770691
vn 0.126767 0.585943 -0.800375
vn 0.119217 0.647475 -0.752704
vn 0.235498 0.647475 -0.724787
vn 0.126767 0.585943 -0.800375
vn 0.000000 0.585943 -0.810352
vn 0.000000 0.647475 -0.762086
vn 0.119217 0.647475 -0.752704
vn 0.000000 0.585943 -0.810352
vn -0.126767 0.585944 -0.800375
vn -0.119217 0.647475 -0.752704
vn 0.000000 0.647475 -0.762086
vn -0.126767 0.585944 -0.800375
vn -0.250412 0.585944 -0.770690
vn -0.235497 0.647475 -0.724787
vn -0.119217 0.647475 -0.752704
vn -0.250412 0.585944 -0.770690
vn -0.367892 0.585944 -0.722029
vn -0.345980 0.647475 -0.679024
vn -0.235497 0.647475 -0.724787
vn -0.367892 0.585944 -0.722029
vn -0.476313 0.585944 -0.655588
vn -0.447943 0.647475 -0.616541
vn -0.345980 0.647475 -0.679024
vn -0.476313 0.585944 -0.655588
vn -0.573005 0.585944 -0.573005
vn -0.538877 0.647475 -0.538877
vn -0.447943 0.647475 -0.616541
vn -0.573005 0.585944 -0.573005
vn -0.655588 0.585944 -0.476313
vn -0.616541 0.647475 -0.447943
vn -0.538877 0.647475 -0.538877
vn -0.655588 0.585944 -0.476313
vn -0.722029 0.585944 -0.367892
vn -0.679024 0.647475 -0.345980
vn -0.616541 0.647475 -0.447943
vn -0.722029 0.585944 -0.367892
vn -0.770690 0.585944 -0.250413
vn -0.724787 0.647475 -0.235498
vn -0.679024 0.647475 -0.345980
vn -0.770690 0.585944 -0.250413
vn -0.800375 0.585943 -0.126767
vn -0.752704 0.647475 -0.119216
vn -0.724787 0.647475 -0.235498
vn -0.800375 0.585943 -0.126767
vn -0.810352 0.585944 0.000000
vn -0.762087 0.647475 0.000000
vn -0.752704 0.647475 -0.119216
vn -0.810352 0.585944 0.000000
vn -0.800375 0.585943 0.126767
vn -0.752704 0.647475 0.119216
vn -0.762087 0.647475 0.000000
vn -0.800375 0.585943 0.126767
vn -0.770691 0.585943 0.250413
vn -0.724787 0.647475 0.235498
vn -0.752704 0.647475 0.119216
vn -0.770691 0.585943 0.250413
vn -0.722029 0.585943 0.367892
vn -0.679024 0.647475 0.345980
vn -0.724787 0.647475 0.235498
vn -0.722029 0.585943 0.367892
vn -0.655589 0.585944 0.476312
vn -0.616541 0.647475 0.447943
vn -0.679024 0.647475 0.345980
vn -0.655589 0.585944 0.476312
vn -0.573006 0.585944 0.573005
vn -0.538877 0.647475 0.538877
vn -0.616541 0.647475 0.447943
vn -0.573006 0.585944 0.573005
vn -0.476313 0.585943 0.655589
vn -0.447943 0.647475 0.616541
vn -0.538877 0.647475 0.538877
vn -0.476313 0.585943 0.655589
vn -0.367892 0.585943 0.722029
vn -0.345980 0.647475 0.679024
vn -0.447943 0.647475 0.616541
vn -0.367892 0.585943 0.722029
vn -0.250413 0.585944 0.770690
vn -0.235498 0.647475 0.724787
vn -0.345980 0.647475 0.679024
vn -0.250413 0.585944 0.770690
vn -0.126767 0.585943 0.800375
vn -0.119217 0.647475 0.752704
vn -0.235498 0.647475 0.724787
vn -0.126767 0.585943 0.800375
vn 0.000000 0.585943 0.810353
vn 0.000000 0.647475 0.762087
vn -0.119217 0.647475 0.752704
vn 0.000000 0.585943 0.810353
vn 0.126767 0.585943 0.800376
vn 0.119217 0.647476 0.752704
vn 0.000000 0.647475 0.762087
vn 0.126767 0.585943 0.800376
vn 0.250413 0.585943 0.770691
vn 0.235498 0.647475 0.724787
vn 0.119217 0.647476 0.752704
vn 0.250413 0.585943 0.770691
vn 0.367892 0.585943 0.722029
vn 0.345980 0.647475 0.679024
vn 0.235498 0.647475 0.724787
vn 0.367892 0.585943 0.722029
vn 0.476313 0.585943 0.655589
vn 0.447943 0.647475 0.616541
vn 0.345980 0.647475 0.679024
vn 0.476313 0.585943 0.655589
vn 0.573006 0.585943 0.573005
vn 0.538877 0.647475 0.538876
vn 0.447943 0.647475 0.616541
vn 0.573006 0.585943 0.573005
vn 0.655589 0.585943 0.476313
vn 0.616541 0.647475 0.447943
vn 0.538877 0.647475 0.538876
vn 0.655589 0.585943 0.476313
vn 0.722029 0.585943 0.367892
vn 0.679024 0.647475 0.345980
vn 0.616541 0.647475 0.447943
vn 0.722029 0.585943 0.367892
vn 0.770691 0.585943 0.250412
vn 0.724788 0.647475 0.235498
vn 0.679024 0.647475 0.345980
vn 0.770691 0.585943 0.250412
vn 0.800375 0.585944 0.126767
vn 0.752704 0.647475 0.119217
vn 0.724788 0.647475 0.235498
vn 0.800375 0.585944 0.126767
vn 0.810352 0.585944 0.000002
vn 0.762087 0.647475 0.000002
vn 0.752704 0.647475 0.119217
vn 0.810352 0.585944 0.000002
vn 0.800375 0.585944 -0.126765
vn 0.752704 0.647475 -0.119215
vn 0.762087 0.647475 0.000002
vn 0.752704 0.647475 -0.119215
vn 0.724787 0.647475 -0.235497
vn 0.674465 0.705033 -0.219147
vn 0.700444 0.705033 -0.110938
vn 0.724787 0.647475 -0.235497
vn 0.679024 0.647475 -0.345980
vn 0.631879 0.705033 -0.321958
vn 0.674465 0.705033 -0.219147
vn 0.679024 0.647475 -0.345980
vn 0.616541 0.647475 -0.447943
vn 0.573734 0.705033 -0.416842
vn 0.631879 0.705033 -0.321958
vn 0.616541 0.647475 -0.447943
vn 0.538877 0.647475 -0.538876
vn 0.501462 0.705033 -0.501462
vn 0.573734 0.705033 -0.416842
vn 0.538877 0.647475 -0.538876
vn 0.447943 0.647475 -0.616541
vn 0.416843 0.705033 -0.573734
vn 0.501462 0.705033 -0.501462
vn 0.447943 0.647475 -0.616541
vn 0.345980 0.647475 -0.679024
vn 0.321959 0.705033 -0.631879
vn 0.416843 0.705033 -0.573734
vn 0.345980 0.647475 -0.679024
vn 0.235498 0.647475 -0.724787
vn 0.219147 0.705033 -0.674465
vn 0.321959 0.705033 -0.631879
vn 0.235498 0.647475 -0.724787
vn 0.119217 0.647475 -0.752704
vn 0.110939 0.705033 -0.700444
vn 0.219147 0.705033 -0.674465
vn 0.119217 0.647475 -0.752704
vn 0.000000 0.647475 -0.762086
vn 0.000000 0.705033 -0.709174
vn 0.110939 0.705033 -0.700444
vn 0.000000 0.647475 -0.762086
vn -0.119217 0.647475 -0.752704
vn -0.110940 0.705033 -0.700443
vn 0.000000 0.705033 -0.709174
vn -0.119217 0.647475 -0.752704
vn -0.235497 0.647475 -0.724787
vn -0.219147 0.705033 -0.674465
vn -0.110940 0.705033 -0.700443
vn -0.235497 0.647475 -0.724787
vn -0.345980 0.647475 -0.679024
vn -0.321958 0.705033 -0.631879
vn -0.219147 0.705033 -0.674465
vn -0.345980 0.647475 -0.679024
vn -0.447943 0.647475 -0.616541
vn -0.416842 0.705033 -0.573734
vn -0.321958 0.705033 -0.631879
vn -0.447943 0.647475 -0.616541
vn -0.538877 0.647475 -0.538877
vn -0.501462 0.705033 -0.501462
vn -0.416842 0.705033 -0.573734
vn -0.538877 0.647475 -0.538877
vn -0.616541 0.647475 -0.447943
vn -0.573734 0.705033 -0.416842
vn -0.501462 0.705033 -0.501462
vn -0.616541 0.647475 -0.447943
vn -0.679024 0.647475 -0.345980
vn -0.631879 0.705033 -0.321958
vn -0.573734 0.705033 -0.416842
vn -0.679024 0.647475 -0.345980
vn -0.724787 0.647475 -0.235498
vn -0.674465 0.705033 -0.219147
vn -0.631879 0.705033 -0.321958
vn -0.724787 0.647475 -0.235498
vn -0.752704 0.647475 -0.119216
vn -0.700443 0.705033 -0.110939
vn -0.674465 0.705033 -0.219147
vn -0.752704 0.647475 -0.119216
vn -0.762087 0.647475 0.000000
vn -0.709174 0.705033 0.000000
vn -0.700443 0.705033 -0.110939
vn -0.762087 0.647475 0.000000
vn -0.752704 0.647475 0.119216
vn -0.700444 0.705033 0.110939
vn -0.709174 0.705033 0.000000
vn -0.752704 0.647475 0.119216
vn -0.724787 0.647475 0.235498
vn -0.674465 0.705033 0.219147
vn -0.700444 0.705033 0.110939
vn -0.724787 0.647475 0.235498
vn -0.679024 0.647475 0.345980
vn -0.631879 0.705033 0.321959
vn -0.674465 0.705033 0.219147
vn -0.679024 0.647475 0.345980
vn -0.616541 0.647475 0.447943
vn -0.573734 0.705033 0.416842
vn -0.631879 0.705033 0.321959
vn -0.616541 0.647475 0.447943
vn -0.538877 0.647475 0.538877
vn -0.501462 0.705033 0.501462
vn -0.573734 0.705033 0.416842
vn -0.538877 0.647475 0.538877
vn -0.447943 0.647475 0.616541
vn -0.416843 0.705033 0.573734
vn -0.501462 0.705033 0.501462
vn -0.447943 0.647475 0.616541
vn -0.345980 0.647475 0.679024
vn -0.321959 0.705033 0.631879
vn -0.416843 0.705033 0.573734
vn -0.345980 0.647475 0.679024
vn -0.235498 0.647475 0.724787
vn -0.219147 0.705032 0.674466
vn -0.321959 0.705033 0.631879
vn -0.235498 0.647475 0.724787
vn -0.119217 0.647475 0.752704
vn -0.110939 0.705033 0.700444
vn -0.219147 0.705032 0.674466
vn -0.119217 0.647475 0.752704
vn 0.000000 0.647475 0.762087
vn 0.000000 0.705033 0.709174
vn -0.110939 0.705033 0.700444
vn 0.000000 0.647475 0.762087
vn 0.119217 0.647476 0.752704
vn 0.110940 0.705033 0.700443
vn 0.000000 0.705033 0.709174
vn 0.119217 0.647476 0.752704
vn 0.235498 0.647475 0.724787
vn 0.219147 0.705033 0.674465
vn 0.110940 0.705033 0.700443
vn 0.235498 0.647475 0.724787
vn 0.345980 0.647475 0.679024
vn 0.321958 0.705033 0.631879
vn 0.219147 0.705033 0.674465
vn 0.345980 0.647475 0.679024
vn 0.447943 0.647475 0.616541
vn 0.416843 0.705033 0.573734
vn 0.321958 0.705033 0.631879
vn 0.447943 0.647475 0.616541
vn 0.538877 0.647475 0.538876
vn 0.501463 0.705033 0.501462
vn 0.416843 0.705033 0.573734
vn 0.538877 0.647475 0.538876
vn 0.616541 0.647475 0.447943
vn 0.573735 0.705033 0.416842
vn 0.501463 0.705033 0.501462
vn 0.616541 0.647475 0.447943
vn 0.679024 0.647475 0.345980
vn 0.631880 0.705032 0.321959
vn 0.573735 0.705033 0.416842
vn 0.679024 0.647475 0.345980
vn 0.724788 0.647475 0.235498
vn 0.674465 0.705033 0.219147
vn 0.631880 0.705032 0.321959
vn 0.724788 0.647475 0.235498
vn 0.752704 0.647475 0.119217
vn 0.700444 0.705032 0.110940
vn 0.674465 0.705033 0.219147
vn 0.752704 0.647475 0.119217
vn 0.762087 0.647475 0.000002
vn 0.709175 0.705033 0.000002
vn 0.700444 0.705032 0.110940
vn 0.762087 0.647475 0.000002
vn 0.752704 0.647475 -0.119215
vn 0.700444 0.705033 -0.110938
vn 0.709175 0.705033 0.000002
vn 0.700444 0.705033 -0.110938
vn 0.674465 0.705033 -0.219147
vn 0.620041 0.758262 -0.201464
vn 0.643924 0.758262 -0.101986
vn 0.674465 0.705033 -0.219147
vn 0.631879 0.705033 -0.321958
vn 0.580892 0.758262 -0.295979
vn 0.620041 0.758262 -0.201464
vn 0.631879 0.705033 -0.321958
vn 0.573734 0.705033 -0.416842
vn 0.527439 0.758262 -0.383207
vn 0.580892 0.758262 -0.295979
vn 0.573734 0.705033 -0.416842
vn 0.501462 0.705033 -0.501462
vn 0.460998 0.758262 -0.460999
vn 0.527439 0.758262 -0.383207
vn 0.501462 0.705033 -0.501462
vn 0.416843 0.705033 -0.573734
vn 0.383207 0.758262 -0.527439
vn 0.460998 0.758262 -0.460999
vn 0.416843 0.705033 -0.573734
vn 0.321959 0.705033 -0.631879
vn 0.295979 0.758262 -0.580892
vn 0.383207 0.758262 -0.527439
vn 0.321959 0.705033 -0.631879
vn 0.219147 0.705033 -0.674465
vn 0.201464 0.758262 -0.620041
vn 0.295979 0.758262 -0.580892
vn 0.219147 0.705033 -0.674465
vn 0.110939 0.705033 -0.700444
vn 0.101988 0.758262 -0.643923
vn 0.201464 0.758262 -0.620041
vn 0.110939 0.705033 -0.700444
vn 0.000000 0.705033 -0.709174
vn 0.000000 0.758262 -0.651950
vn 0.101988 0.758262 -0.643923
vn 0.000000 0.705033 -0.709174
vn -0.110940 0.705033 -0.700443
vn -0.101988 0.758262 -0.643923
vn 0.000000 0.758262 -0.651950
vn -0.110940 0.705033 -0.700443
vn -0.219147 0.705033 -0.674465
vn -0.201464 0.758262 -0.620041
vn -0.101988 0.758262 -0.643923
vn -0.219147 0.705033 -0.674465
vn -0.321958 0.705033 -0.631879
vn -0.295979 0.758262 -0.580892
vn -0.201464 0.758262 -0.620041
vn -0.321958 0.705033 -0.631879
vn -0.416842 0.705033 -0.573734
vn -0.383207 0.758262 -0.527439
vn -0.295979 0.758262 -0.580892
vn -0.416842 0.705033 -0.573734
vn -0.501462 0.705033 -0.501462
vn -0.460998 0.758262 -0.460998
vn -0.383207 0.758262 -0.527439
vn -0.501462 0.705033 -0.501462
vn -0.573734 0.705033 -0.416842
vn -0.527439 0.758262 -0.383207
vn -0.460998 0.758262 -0.460998
vn -0.573734 0.705033 -0.416842
vn -0.631879 0.705033 -0.321958
vn -0.580892 0.758262 -0.295980
vn -0.527439 0.758262 -0.383207
vn -0.631879 0.705033 -0.321958
vn -0.674465 0.705033 -0.219147
vn -0.620041 0.758262 -0.201464
vn -0.580892 0.758262 -0.295980
vn -0.674465 0.705033 -0.219147
vn -0.700443 0.705033 -0.110939
vn -0.643924 0.758262 -0.101987
vn -0.620041 0.758262 -0.201464
vn -0.700443 0.705033 -0.110939
vn -0.709174 0.705033 0.000000
vn -0.651950 0.758262 0.000000
vn -0.643924 0.758262 -0.101987
vn -0.709174 0.705033 0.000000
vn -0.700444 0.705033 0.110939
vn -0.643923 0.758262 0.101987
vn -0.651950 0.758262 0.000000
vn -0.700444 0.705033 0.110939
vn -0.674465 0.705033 0.219147
vn -0.620041 0.758262 0.201464
vn -0.643923 0.758262 0.101987
vn -0.674465 0.705033 0.219147
vn -0.631879 0.705033 0.321959
vn -0.580892 0.758262 0.295979
vn -0.620041 0.758262 0.201464
vn -0.631879 0.705033 0.321959
vn -0.573734 0.705033 0.416842
vn -0.527439 0.758262 0.383207
vn -0.580892 0.758262 0.295979
vn -0.573734 0.705033 0.416842
vn -0.501462 0.705033 0.501462
vn -0.460998 0.758262 0.460998
vn -0.527439 0.758262 0.383207
vn -0.501462 0.705033 0.501462
vn -0.416843 0.705033 0.573734
vn -0.383207 0.758262 0.527439
vn -0.460998 0.758262 0.460998
vn -0.416843 0.705033 0.573734
vn -0.321959 0.705033 0.631879
vn -0.295979 0.758262 0.580892
vn -0.383207 0.758262 0.527439
vn -0.321959 0.705033 0.631879
vn -0.219147 0.705032 0.674466
vn -0.201464 0.758262 0.620042
vn -0.295979 0.758262 0.580892
vn -0.219147 0.705032 0.674466
vn -0.110939 0.705033 0.700444
vn -0.101987 0.758262 0.643924
vn -0.201464 0.758262 0.620042
vn -0.110939 0.705033 0.700444
vn 0.000000 0.705033 0.709174
vn 0.000000 0.758262 0.651950
vn -0.101987 0.758262 0.643924
vn 0.000000 0.705033 0.709174
vn 0.110940 0.705033 0.700443
vn 0.101987 0.758261 0.643924
vn 0.000000 0.758262 0.651950
vn 0.110940 0.705033 0.700443
vn 0.219147 0.705033 0.674465
vn 0.201464 0.758262 0.620042
vn 0.101987 0.758261 0.643924
vn 0.219147 0.705033 0.674465
vn 0.321958 0.705033 0.631879
vn 0.295979 0.758262 0.580892
vn 0.201464 0.758262 0.620042
vn 0.321958 0.705033 0.631879
vn 0.416843 0.705033 0.573734
vn 0.383207 0.758262 0.527439
vn 0.295979 0.758262 0.580892
vn 0.416843 0.705033 0.573734
vn 0.501463 0.705033 0.501462
vn 0.460999 0.758261 0.460999
vn 0.383207 0.758262 0.527439
vn 0.501463 0.705033 0.501462
vn 0.573735 0.705033 0.416842
vn 0.527439 0.758262 0.383207
vn 0.460999 0.758261 0.460999
vn 0.573735 0.705033 0.416842
vn 0.631880 0.705032 0.321959
vn 0.580892 0.758262 0.295979
vn 0.527439 0.758262 0.383207
vn 0.631880 0.705032 0.321959
vn 0.674465 0.705033 0.219147
vn 0.620042 0.758262 0.201464
vn 0.580892 0.758262 0.295979
vn 0.674465 0.705033 0.219147
vn 0.700444 0.705032 0.110940
vn 0.643924 0.758262 0.101988
vn 0.620042 0.758262 0.201464
vn 0.700444 0.705032 0.110940
vn 0.709175 0.705033 0.000002
vn 0.651950 0.758262 0.000002
vn 0.643924 0.758262 0.101988
vn 0.709175 0.705033 0.000002
vn 0.700444 0.705033 -0.110938
vn 0.643924 0.758262 -0.101986
vn 0.651950 0.758262 0.000002
vn 0.643924 0.758262 -0.101986
vn 0.620041 0.758262 -0.201464
vn 0.561864 0.806833 -0.182561
vn 0.583506 0.806833 -0.092417
vn 0.620041 0.758262 -0.201464
vn 0.580892 0.758262 -0.295979
vn 0.526388 0.806833 -0.268209
vn 0.561864 0.806833 -0.182561
vn 0.580892 0.758262 -0.295979
vn 0.527439 0.758262 -0.383207
vn 0.477950 0.806833 -0.347252
vn 0.526388 0.806833 -0.268209
vn 0.527439 0.758262 -0.383207
vn 0.460998 0.758262 -0.460999
vn 0.417744 0.806833 -0.417744
vn 0.477950 0.806833 -0.347252
vn 0.460998 0.758262 -0.460999
vn 0.383207 0.758262 -0.527439
vn 0.347251 0.806834 -0.477950
vn 0.417744 0.806833 -0.417744
vn 0.383207 0.758262 -0.527439
vn 0.295979 0.758262 -0.580892
vn 0.268208 0.806833 -0.526388
vn 0.347251 0.806834 -0.477950
vn 0.295979 0.758262 -0.580892
vn 0.201464 0.758262 -0.620041
vn 0.182561 0.806833 -0.561864
vn 0.268208 0.806833 -0.526388
vn 0.201464 0.758262 -0.620041
vn 0.101988 0.758262 -0.643923
vn 0.092418 0.806833 -0.583506
vn 0.182561 0.806833 -0.561864
vn 0.101988 0.758262 -0.643923
vn 0.000000 0.758262 -0.651950
vn 0.000000 0.806833 -0.590780
vn 0.092418 0.806833 -0.583506
vn 0.000000 0.758262 -0.651950
vn -0.101988 0.758262 -0.643923
vn -0.092418 0.806833 -0.583506
vn 0.000000 0.806833 -0.590780
vn -0.101988 0.758262 -0.643923
vn -0.201464 0.758262 -0.620041
vn -0.182561 0.806834 -0.561864
vn -0.092418 0.806833 -0.583506
vn -0.201464 0.758262 -0.620041
vn -0.295979 0.758262 -0.580892
vn -0.268208 0.806834 -0.526387
vn -0.182561 0.806834 -0.561864
vn -0.295979 0.758262 -0.580892
vn -0.383207 0.758262 -0.527439
vn -0.347251 0.806834 -0.477950
vn -0.268208 0.806834 -0.526387
vn -0.383207 0.758262 -0.527439
vn -0.460998 0.758262 -0.460998
vn -0.417744 0.806833 -0.417744
vn -0.347251 0.806834 -0.477950
vn -0.460998 0.758262 -0.460998
vn -0.527439 0.758262 -0.383207
vn -0.477950 0.806834 -0.347251
vn -0.417744 0.806833 -0.417744
vn -0.527439 0.758262 -0.383207
vn -0.580892 0.758262 -0.295980
vn -0.526388 0.806833 -0.268208
vn -0.477950 0.806834 -0.347251
vn -0.580892 0.758262 -0.295980
vn -0.620041 0.758262 -0.201464
vn -0.561864 0.806833 -0.182561
vn -0.526388 0.806833 -0.268208
vn -0.620041 0.758262 -0.201464
vn -0.643924 0.758262 -0.101987
vn -0.583506 0.806833 -0.092418
vn -0.561864 0.806833 -0.182561
vn -0.643924 0.758262 -0.101987
vn -0.651950 0.758262 0.000000
vn -0.590779 0.806833 0.000000
vn -0.583506 0.806833 -0.092418
vn -0.651950 0.758262 0.000000
vn -0.643923 0.758262 0.101987
vn -0.583506 0.806833 0.092419
vn -0.590779 0.806833 0.000000
vn -0.643923 0.758262 0.101987
vn -0.620041 0.758262 0.201464
vn -0.561864 0.806833 0.182561
vn -0.583506 0.806833 0.092419
vn -0.620041 0.758262 0.201464
vn -0.580892 0.758262 0.295979
vn -0.526388 0.806833 0.268208
vn -0.561864 0.806833 0.182561
vn -0.580892 0.758262 0.295979
vn -0.527439 0.758262 0.383207
vn -0.477951 0.806833 0.347251
vn -0.526388 0.806833 0.268208
vn -0.527439 0.758262 0.383207
vn -0.460998 0.758262 0.460998
vn -0.417744 0.806833 0.417744
vn -0.477951 0.806833 0.347251
vn -0.460998 0.758262 0.460998
vn -0.383207 0.758262 0.527439
vn -0.347251 0.806834 0.477950
vn -0.417744 0.806833 0.417744
vn -0.383207 0.758262 0.527439
vn -0.295979 0.758262 0.580892
vn -0.268208 0.806834 0.526387
vn -0.347251 0.806834 0.477950
vn -0.295979 0.758262 0.580892
vn -0.201464 0.758262 0.620042
vn -0.182561 0.806834 0.561864
vn -0.268208 0.806834 0.526387
vn -0.201464 0.758262 0.620042
vn -0.101987 0.758262 0.643924
vn -0.092418 0.806834 0.583505
vn -0.182561 0.806834 0.561864
vn -0.101987 0.758262 0.643924
vn 0.000000 0.758262 0.651950
vn 0.000000 0.806833 0.590779
vn -0.092418 0.806834 0.583505
vn 0.000000 0.758262 0.651950
vn 0.101987 0.758261 0.643924
vn 0.092418 0.806834 0.583505
vn 0.000000 0.806833 0.590779
vn 0.101987 0.758261 0.643924
vn 0.201464 0.758262 0.620042
vn 0.182561 0.806834 0.561864
vn 0.092418 0.806834 0.583505
vn 0.201464 0.758262 0.620042
vn 0.295979 0.758262 0.580892
vn 0.268208 0.806833 0.526388
vn 0.182561 0.806834 0.561864
vn 0.295979 0.758262 0.580892
vn 0.383207 0.758262 0.527439
vn 0.347251 0.806833 0.477951
vn 0.268208 0.806833 0.526388
vn 0.383207 0.758262 0.527439
vn 0.460999 0.758261 0.460999
vn 0.417744 0.806833 0.417744
vn 0.347251 0.806833 0.477951
vn 0.460999 0.758261 0.460999
vn 0.527439 0.758262 0.383207
vn 0.477951 0.806833 0.347251
vn 0.417744 0.806833 0.417744
vn 0.527439 0.758262 0.383207
vn 0.580892 0.758262 0.295979
vn 0.526388 0.806833 0.268208
vn 0.477951 0.806833 0.347251
vn 0.580892 0.758262 0.295979
vn 0.620042 0.758262 0.201464
vn 0.561864 0.806833 0.182561
vn 0.526388 0.806833 0.268208
vn 0.620042 0.758262 0.201464
vn 0.643924 0.758262 0.101988
vn 0.583506 0.806833 0.092418
vn 0.561864 0.806833 0.182561
vn 0.643924 0.758262 0.101988
vn 0.651950 0.758262 0.000002
vn 0.590780 0.806833 0.000001
vn 0.583506 0.806833 0.092418
vn 0.651950 0.758262 0.000002
vn 0.643924 0.758262 -0.101986
vn 0.583506 0.806833 -0.092417
vn 0.590780 0.806833 0.000001
vn 0.583506 0.806833 -0.092417
vn 0.561864 0.806833 -0.182561
vn 0.500313 0.850447 -0.162562
vn 0.519583 0.850448 -0.082293
vn 0.561864 0.806833 -0.182561
vn 0.526388 0.806833 -0.268209
vn 0.468723 0.850448 -0.238826
vn 0.500313 0.850447 -0.162562
vn 0.526388 0.806833 -0.268209
vn 0.477950 0.806833 -0.347252
vn 0.425592 0.850447 -0.309210
vn 0.468723 0.850448 -0.238826
vn 0.477950 0.806833 -0.347252
vn 0.417744 0.806833 -0.417744
vn 0.371981 0.850448 -0.371980
vn 0.425592 0.850447 -0.309210
vn 0.417744 0.806833 -0.417744
vn 0.347251 0.806834 -0.477950
vn 0.309210 0.850448 -0.425591
vn 0.371981 0.850448 -0.371980
vn 0.347251 0.806834 -0.477950
vn 0.268208 0.806833 -0.526388
vn 0.238826 0.850448 -0.468723
vn 0.309210 0.850448 -0.425591
vn 0.268208 0.806833 -0.526388
vn 0.182561 0.806833 -0.561864
vn 0.162562 0.850447 -0.500313
vn 0.238826 0.850448 -0.468723
vn 0.182561 0.806833 -0.561864
vn 0.092418 0.806833 -0.583506
vn 0.082294 0.850447 -0.519584
vn 0.162562 0.850447 -0.500313
vn 0.092418 0.806833 -0.583506
vn 0.000000 0.806833 -0.590780
vn 0.000000 0.850448 -0.526060
vn 0.082294 0.850447 -0.519584
vn 0.000000 0.806833 -0.590780
vn -0.092418 0.806833 -0.583506
vn -0.082294 0.850448 -0.519583
vn 0.000000 0.850448 -0.526060
vn -0.092418 0.806833 -0.583506
vn -0.182561 0.806834 -0.561864
vn -0.162561 0.850448 -0.500313
vn -0.082294 0.850448 -0.519583
vn -0.182561 0.806834 -0.561864
vn -0.268208 0.806834 -0.526387
vn -0.238826 0.850448 -0.468723
vn -0.162561 0.850448 -0.500313
vn -0.268208 0.806834 -0.526387
vn -0.347251 0.806834 -0.477950
vn -0.309210 0.850448 -0.425591
vn -0.238826 0.850448 -0.468723
vn -0.347251 0.806834 -0.477950
vn -0.417744 0.806833 -0.417744
vn -0.371980 0.850447 -0.371981
vn -0.309210 0.850448 -0.425591
vn -0.417744 0.806833 -0.417744
vn -0.477950 0.806834 -0.347251
vn -0.425591 0.850448 -0.309210
vn -0.371980 0.850447 -0.371981
vn -0.477950 0.806834 -0.347251
vn -0.526388 0.806833 -0.268208
vn -0.468723 0.850448 -0.238825
vn -0.425591 0.850448 -0.309210
vn -0.526388 0.806833 -0.268208
vn -0.561864 0.806833 -0.182561
vn -0.500313 0.850447 -0.162562
vn -0.468723 0.850448 -0.238825
vn -0.561864 0.806833 -0.182561
vn -0.583506 0.806833 -0.092418
vn -0.519583 0.850448 -0.082294
vn -0.500313 0.850447 -0.162562
vn -0.583506 0.806833 -0.092418
vn -0.590779 0.806833 0.000000
vn -0.526060 0.850448 0.000000
vn -0.519583 0.850448 -0.082294
vn -0.590779 0.806833 0.000000
vn -0.583506 0.806833 0.092419
vn -0.519583 0.850448 0.082294
vn -0.526060 0.850448 0.000000
vn -0.583506 0.806833 0.092419
vn -0.561864 0.806833 0.182561
vn -0.500313 0.850447 0.162561
vn -0.519583 0.850448 0.082294
vn -0.561864 0.806833 0.182561
vn -0.526388 0.806833 0.268208
vn -0.468723 0.850448 0.238826
vn -0.500313 0.850447 0.162561
vn -0.526388 0.806833 0.268208
vn -0.477951 0.806833 0.347251
vn -0.425591 0.850448 0.309210
vn -0.468723 0.850448 0.238826
vn -0.477951 0.806833 0.347251
vn -0.417744 0.806833 0.417744
vn -0.371981 0.850448 0.371980
vn -0.425591 0.850448 0.309210
vn -0.417744 0.806833 0.417744
vn -0.347251 0.806834 0.477950
vn -0.309210 0.850448 0.425591
vn -0.371981 0.850448 0.371980
vn -0.347251 0.806834 0.477950
vn -0.268208 0.806834 0.526387
vn -0.238826 0.850448 0.468722
vn -0.309210 0.850448 0.425591
vn -0.268208 0.806834 0.526387
vn -0.182561 0.806834 0.561864
vn -0.162562 0.850448 0.500312
vn -0.238826 0.850448 0.468722
vn -0.182561 0.806834 0.561864
vn -0.092418 0.806834 0.583505
vn -0.082294 0.850448 0.519583
vn -0.162562 0.850448 0.500312
vn -0.092418 0.806834 0.583505
vn 0.000000 0.806833 0.590779
vn 0.000000 0.850448 0.526060
vn -0.082294 0.850448 0.519583
vn 0.000000 0.806833 0.590779
vn 0.092418 0.806834 0.583505
vn 0.082294 0.850448 0.519583
vn 0.000000 0.850448 0.526060
vn 0.092418 0.806834 0.583505
vn 0.182561 0.806834 0.561864
vn 0.162561 0.850448 0.500312
vn 0.082294 0.850448 0.519583
vn 0.182561 0.806834 0.561864
vn 0.268208 0.806833 0.526388
vn 0.238826 0.850448 0.468723
vn 0.162561 0.850448 0.500312
vn 0.268208 0.806833 0.526388
vn 0.347251 0.806833 0.477951
vn 0.309210 0.850448 0.425591
vn 0.238826 0.850448 0.468723
vn 0.347251 0.806833 0.477951
vn 0.417744 0.806833 0.417744
vn 0.371981 0.850447 0.371980
vn 0.309210 0.850448 0.425591
vn 0.417744 0.806833 0.417744
vn 0.477951 0.806833 0.347251
vn 0.425592 0.850447 0.309210
vn 0.371981 0.850447 0.371980
vn 0.477951 0.806833 0.347251
vn 0.526388 0.806833 0.268208
vn 0.468723 0.850448 0.238826
vn 0.425592 0.850447 0.309210
vn 0.526388 0.806833 0.268208
vn 0.561864 0.806833 0.182561
vn 0.500313 0.850447 0.162562
vn 0.468723 0.850448 0.238826
vn 0.561864 0.806833 0.182561
vn 0.583506 0.806833 0.092418
vn 0.519583 0.850448 0.082294
vn 0.500313 0.850447 0.162562
vn 0.583506 0.806833 0.092418
vn 0.590780 0.806833 0.000001
vn 0.526060 0.850447 0.000001
vn 0.519583 0.850448 0.082294
vn 0.590780 0.806833 0.000001
vn 0.583506 0.806833 -0.092417
vn 0.519583 0.850448 -0.082293
vn 0.526060 0.850447 0.000001
vn 0.519583 0.850448 -0.082293
vn 0.500313 0.850447 -0.162562
vn 0.435803 0.888834 -0.141600
vn 0.452589 0.888834 -0.071682
vn 0.500313 0.850447 -0.162562
vn 0.468723 0.850448 -0.238826
vn 0.408286 0.888834 -0.208031
vn 0.435803 0.888834 -0.141600
vn 0.468723 0.850448 -0.238826
vn 0.425592 0.850447 -0.309210
vn 0.370716 0.888834 -0.269341
vn 0.408286 0.888834 -0.208031
vn 0.425592 0.850447 -0.309210
vn 0.371981 0.850448 -0.371980
vn 0.324018 0.888833 -0.324018
vn 0.370716 0.888834 -0.269341
vn 0.371981 0.850448 -0.371980
vn 0.309210 0.850448 -0.425591
vn 0.269341 0.888834 -0.370716
vn 0.324018 0.888833 -0.324018
vn 0.309210 0.850448 -0.425591
vn 0.238826 0.850448 -0.468723
vn 0.208032 0.888834 -0.408285
vn 0.269341 0.888834 -0.370716
vn 0.238826 0.850448 -0.468723
vn 0.162562 0.850447 -0.500313
vn 0.141601 0.888834 -0.435802
vn 0.208032 0.888834 -0.408285
vn 0.162562 0.850447 -0.500313
vn 0.082294 0.850447 -0.519584
vn 0.071683 0.888833 -0.452589
vn 0.141601 0.888834 -0.435802
vn 0.082294 0.850447 -0.519584
vn 0.000000 0.850448 -0.526060
vn 0.000000 0.888834 -0.458230
vn 0.071683 0.888833 -0.452589
vn 0.000000 0.850448 -0.526060
vn -0.082294 0.850448 -0.519583
vn -0.071683 0.888834 -0.452588
vn 0.000000 0.888834 -0.458230
vn -0.082294 0.850448 -0.519583
vn -0.162561 0.850448 -0.500313
vn -0.141601 0.888834 -0.435803
vn -0.071683 0.888834 -0.452588
vn -0.162561 0.850448 -0.500313
vn -0.238826 0.850448 -0.468723
vn -0.208032 0.888834 -0.408286
vn -0.141601 0.888834 -0.435803
vn -0.238826 0.850448 -0.468723
vn -0.309210 0.850448 -0.425591
vn -0.269341 0.888834 -0.370716
vn -0.208032 0.888834 -0.408286
vn -0.309210 0.850448 -0.425591
vn -0.371980 0.850447 -0.371981
vn -0.324018 0.888833 -0.324018
vn -0.269341 0.888834 -0.370716
vn -0.371980 0.850447 -0.371981
vn -0.425591 0.850448 -0.309210
vn -0.370716 0.888834 -0.269341
vn -0.324018 0.888833 -0.324018
vn -0.425591 0.850448 -0.309210
vn -0.468723 0.850448 -0.238825
vn -0.408286 0.888834 -0.208032
vn -0.370716 0.888834 -0.269341
vn -0.468723 0.850448 -0.238825
vn -0.500313 0.850447 -0.162562
vn -0.435803 0.888834 -0.141601
vn -0.408286 0.888834 -0.208032
vn -0.500313 0.850447 -0.162562
vn -0.519583 0.850448 -0.082294
vn -0.452589 0.888833 -0.071683
vn -0.435803 0.888834 -0.141601
vn -0.519583 0.850448 -0.082294
vn -0.526060 0.850448 0.000000
vn -0.458230 0.888834 0.000000
vn -0.452589 0.888833 -0.071683
vn -0.526060 0.850448 0.000000
vn -0.519583 0.850448 0.082294
vn -0.452589 0.888833 0.071683
vn -0.458230 0.888834 0.000000
vn -0.519583 0.850448 0.082294
vn -0.500313 0.850447 0.162561
vn -0.435803 0.888834 0.141600
vn -0.452589 0.888833 0.071683
vn -0.500313 0.850447 0.162561
vn -0.468723 0.850448 0.238826
vn -0.408286 0.888834 0.208032
vn -0.435803 0.888834 0.141600
vn -0.468723 0.850448 0.238826
vn -0.425591 0.850448 0.309210
vn -0.370716 0.888834 0.269341
vn -0.408286 0.888834 0.208032
vn -0.425591 0.850448 0.309210
vn -0.371981 0.850448 0.371980
vn -0.324018 0.888834 0.324017
vn -0.370716 0.888834 0.269341
vn -0.371981 0.850448 0.371980
vn -0.309210 0.850448 0.425591
vn -0.269341 0.888834 0.370715
vn -0.324018 0.888834 0.324017
vn -0.309210 0.850448 0.425591
vn -0.238826 0.850448 0.468722
vn -0.208032 0.888834 0.408285
vn -0.269341 0.888834 0.370715
vn -0.238826 0.850448 0.468722
vn -0.162562 0.850448 0.500312
vn -0.141601 0.888833 0.435803
vn -0.208032 0.888834 0.408285
vn -0.162562 0.850448 0.500312
vn -0.082294 0.850448 0.519583
vn -0.071683 0.888833 0.452589
vn -0.141601 0.888833 0.435803
vn -0.082294 0.850448 0.519583
vn 0.000000 0.850448 0.526060
vn 0.000000 0.888834 0.458230
vn -0.071683 0.888833 0.452589
vn 0.000000 0.850448 0.526060
vn 0.082294 0.850448 0.519583
vn 0.071683 0.888833 0.452589
vn 0.000000 0.888834 0.458230
vn 0.082294 0.850448 0.519583
vn 0.162561 0.850448 0.500312
vn 0.141601 0.888834 0.435803
vn 0.071683 0.888833 0.452589
vn 0.162561 0.850448 0.500312
vn 0.238826 0.850448 0.468723
vn 0.208032 0.888834 0.408286
vn 0.141601 0.888834 0.435803
vn 0.238826 0.850448 0.468723
vn 0.309210 0.850448 0.425591
vn 0.269341 0.888834 0.370716
vn 0.208032 0.888834 0.408286
vn 0.309210 0.850448 0.425591
vn 0.371981 0.850447 0.371980
vn 0.324018 0.888833 0.324018
vn 0.269341 0.888834 0.370716
vn 0.371981 0.850447 0.371980
vn 0.425592 0.850447 0.309210
vn 0.370716 0.888834 0.269341
vn 0.324018 0.888833 0.324018
vn 0.425592 0.850447 0.309210
vn 0.468723 0.850448 0.238826
vn 0.408286 0.888834 0.208032
vn 0.370716 0.888834 0.269341
vn 0.468723 0.850448 0.238826
vn 0.500313 0.850447 0.162562
vn 0.435803 0.888834 0.141601
vn 0.408286 0.888834 0.208032
vn 0.500313 0.850447 0.162562
vn 0.519583 0.850448 0.082294
vn 0.452589 0.888833 0.071683
vn 0.435803 0.888834 0.141601
vn 0.519583 0.850448 0.082294
vn 0.526060 0.850447 0.000001
vn 0.458230 0.888834 0.000002
vn 0.452589 0.888833 0.071683
vn 0.526060 0.850447 0.000001
vn 0.519583 0.850448 -0.082293
vn 0.452589 0.888834 -0.071682
vn 0.458230 0.888834 0.000002
vn 0.452589 0.888834 -0.071682
vn 0.435803 0.888834 -0.141600
vn 0.368797 0.921754 -0.119830
vn 0.383002 0.921754 -0.060661
vn 0.435803 0.888834 -0.141600
vn 0.408286 0.888834 -0.208031
vn 0.345511 0.921754 -0.176047
vn 0.368797 0.921754 -0.119830
vn 0.408286 0.888834 -0.208031
vn 0.370716 0.888834 -0.269341
vn 0.313717 0.921754 -0.227929
vn 0.345511 0.921754 -0.176047
vn 0.370716 0.888834 -0.269341
vn 0.324018 0.888833 -0.324018
vn 0.274199 0.921754 -0.274199
vn 0.313717 0.921754 -0.227929
vn 0.324018 0.888833 -0.324018
vn 0.269341 0.888834 -0.370716
vn 0.227929 0.921754 -0.313716
vn 0.274199 0.921754 -0.274199
vn 0.269341 0.888834 -0.370716
vn 0.208032 0.888834 -0.408285
vn 0.176047 0.921754 -0.345509
vn 0.227929 0.921754 -0.313716
vn 0.208032 0.888834 -0.408285
vn 0.141601 0.888834 -0.435802
vn 0.119829 0.921754 -0.368796
vn 0.176047 0.921754 -0.345509
vn 0.141601 0.888834 -0.435802
vn 0.071683 0.888833 -0.452589
vn 0.060662 0.921754 -0.383001
vn 0.119829 0.921754 -0.368796
vn 0.071683 0.888833 -0.452589
vn 0.000000 0.888834 -0.458230
vn 0.000000 0.921754 -0.387776
vn 0.060662 0.921754 -0.383001
vn 0.000000 0.888834 -0.458230
vn -0.071683 0.888834 -0.452588
vn -0.060661 0.921754 -0.383002
vn 0.000000 0.921754 -0.387776
vn -0.071683 0.888834 -0.452588
vn -0.141601 0.888834 -0.435803
vn -0.119829 0.921754 -0.368797
vn -0.060661 0.921754 -0.383002
vn -0.141601 0.888834 -0.435803
vn -0.208032 0.888834 -0.408286
vn -0.176047 0.921754 -0.345511
vn -0.119829 0.921754 -0.368797
vn -0.208032 0.888834 -0.408286
vn -0.269341 0.888834 -0.370716
vn -0.227929 0.921754 -0.313717
vn -0.176047 0.921754 -0.345511
vn -0.269341 0.888834 -0.370716
vn -0.324018 0.888833 -0.324018
vn -0.274199 0.921754 -0.274199
vn -0.227929 0.921754 -0.313717
vn -0.324018 0.888833 -0.324018
vn -0.370716 0.888834 -0.269341
vn -0.313717 0.921754 -0.227929
vn -0.274199 0.921754 -0.274199
vn -0.370716 0.888834 -0.269341
vn -0.408286 0.888834 -0.208032
vn -0.345511 0.921754 -0.176047
vn -0.313717 0.921754 -0.227929
vn -0.408286 0.888834 -0.208032
vn -0.435803 0.888834 -0.141601
vn -0.368797 0.921754 -0.119830
vn -0.345511 0.921754 -0.176047
vn -0.435803 0.888834 -0.141601
vn -0.452589 0.888833 -0.071683
vn -0.383002 0.921754 -0.060662
vn -0.368797 0.921754 -0.119830
vn -0.452589 0.888833 -0.071683
vn -0.458230 0.888834 0.000000
vn -0.387776 0.921754 -0.000001
vn -0.383002 0.921754 -0.060662
vn -0.458230 0.888834 0.000000
vn -0.452589 0.888833 0.071683
vn -0.383002 0.921754 0.060661
vn -0.387776 0.921754 -0.000001
vn -0.452589 0.888833 0.071683
vn -0.435803 0.888834 0.141600
vn -0.368797 0.921754 0.119829
vn -0.383002 0.921754 0.060661
vn -0.435803 0.888834 0.141600
vn -0.408286 0.888834 0.208032
vn -0.345511 0.921753 0.176048
vn -0.368797 0.921754 0.119829
vn -0.408286 0.888834 0.208032
vn -0.370716 0.888834 0.269341
vn -0.313717 0.921754 0.227929
vn -0.345511 0.921753 0.176048
vn -0.370716 0.888834 0.269341
vn -0.324018 0.888834 0.324017
vn -0.274199 0.921754 0.274199
vn -0.313717 0.921754 0.227929
vn -0.324018 0.888834 0.324017
vn -0.269341 0.888834 0.370715
vn -0.227929 0.921754 0.313718
vn -0.274199 0.921754 0.274199
vn -0.269341 0.888834 0.370715
vn -0.208032 0.888834 0.408285
vn -0.176047 0.921754 0.345511
vn -0.227929 0.921754 0.313718
vn -0.208032 0.888834 0.408285
vn -0.141601 0.888833 0.435803
vn -0.119829 0.921753 0.368798
vn -0.176047 0.921754 0.345511
vn -0.141601 0.888833 0.435803
vn -0.071683 0.888833 0.452589
vn -0.060661 0.921754 0.383002
vn -0.119829 0.921753 0.368798
vn -0.071683 0.888833 0.452589
vn 0.000000 0.888834 0.458230
vn 0.000000 0.921754 0.387775
vn -0.060661 0.921754 0.383002
vn 0.000000 0.888834 0.458230
vn 0.071683 0.888833 0.452589
vn 0.060661 0.921754 0.383001
vn 0.000000 0.921754 0.387775
vn 0.071683 0.888833 0.452589
vn 0.141601 0.888834 0.435803
vn 0.119829 0.921754 0.368797
vn 0.060661 0.921754 0.383001
vn 0.141601 0.888834 0.435803
vn 0.208032 0.888834 0.408286
vn 0.176047 0.921754 0.345511
vn 0.119829 0.921754 0.368797
vn 0.208032 0.888834 0.408286
vn 0.269341 0.888834 0.370716
vn 0.227929 0.921754 0.313718
vn 0.176047 0.921754 0.345511
vn 0.269341 0.888834 0.370716
vn 0.324018 0.888833 0.324018
vn 0.274199 0.921754 0.274199
vn 0.227929 0.921754 0.313718
vn 0.324018 0.888833 0.324018
vn 0.370716 0.888834 0.269341
vn 0.313717 0.921754 0.227929
vn 0.274199 0.921754 0.274199
vn 0.370716 0.888834 0.269341
vn 0.408286 0.888834 0.208032
vn 0.345511 0.921754 0.176047
vn 0.313717 0.921754 0.227929
vn 0.408286 0.888834 0.208032
vn 0.435803 0.888834 0.141601
vn 0.368797 0.921754 0.119829
vn 0.345511 0.921754 0.176047
vn 0.435803 0.888834 0.141601
vn 0.452589 0.888833 0.071683
vn 0.383002 0.921754 0.060661
vn 0.368797 0.921754 0.119829
vn 0.452589 0.888833 0.071683
vn 0.458230 0.888834 0.000002
vn 0.387776 0.921754 0.000002
vn 0.383002 0.921754 0.060661
vn 0.458230 0.888834 0.000002
vn 0.452589 0.888834 -0.071682
vn 0.383002 0.921754 -0.060661
vn 0.387776 0.921754 0.000002
vn 0.383002 0.921754 -0.060661
vn 0.368797 0.921754 -0.119830
vn 0.299838 0.949003 -0.097424
vn 0.311387 0.949003 -0.049318
vn 0.368797 0.921754 -0.119830
vn 0.345511 0.921754 -0.176047
vn 0.280907 0.949002 -0.143130
vn 0.299838 0.949003 -0.097424
vn 0.345511 0.921754 -0.176047
vn 0.313717 0.921754 -0.227929
vn 0.255058 0.949003 -0.185309
vn 0.280907 0.949002 -0.143130
vn 0.313717 0.921754 -0.227929
vn 0.274199 0.921754 -0.274199
vn 0.222929 0.949003 -0.222928
vn 0.255058 0.949003 -0.185309
vn 0.274199 0.921754 -0.274199
vn 0.227929 0.921754 -0.313716
vn 0.185310 0.949003 -0.255057
vn 0.222929 0.949003 -0.222928
vn 0.227929 0.921754 -0.313716
vn 0.176047 0.921754 -0.345509
vn 0.143129 0.949002 -0.280907
vn 0.185310 0.949003 -0.255057
vn 0.176047 0.921754 -0.345509
vn 0.119829 0.921754 -0.368796
vn 0.097423 0.949002 -0.299839
vn 0.143129 0.949002 -0.280907
vn 0.119829 0.921754 -0.368796
vn 0.060662 0.921754 -0.383001
vn 0.049319 0.949002 -0.311388
vn 0.097423 0.949002 -0.299839
vn 0.060662 0.921754 -0.383001
vn 0.000000 0.921754 -0.387776
vn 0.000000 0.949002 -0.315270
vn 0.049319 0.949002 -0.311388
vn 0.000000 0.921754 -0.387776
vn -0.060661 0.921754 -0.383002
vn -0.049319 0.949002 -0.311388
vn 0.000000 0.949002 -0.315270
vn -0.060661 0.921754 -0.383002
vn -0.119829 0.921754 -0.368797
vn -0.097423 0.949002 -0.299839
vn -0.049319 0.949002 -0.311388
vn -0.119829 0.921754 -0.368797
vn -0.176047 0.921754 -0.345511
vn -0.143129 0.949002 -0.280907
vn -0.097423 0.949002 -0.299839
vn -0.176047 0.921754 -0.345511
vn -0.227929 0.921754 -0.313717
vn -0.185310 0.949002 -0.255058
vn -0.143129 0.949002 -0.280907
vn -0.227929 0.921754 -0.313717
vn -0.274199 0.921754 -0.274199
vn -0.222929 0.949003 -0.222928
vn -0.185310 0.949002 -0.255058
vn -0.274199 0.921754 -0.274199
vn -0.313717 0.921754 -0.227929
vn -0.255058 0.949002 -0.185311
vn -0.222929 0.949003 -0.222928
vn -0.313717 0.921754 -0.227929
vn -0.345511 0.921754 -0.176047
vn -0.280906 0.949003 -0.143130
vn -0.255058 0.949002 -0.185311
vn -0.345511 0.921754 -0.176047
vn -0.368797 0.921754 -0.119830
vn -0.299838 0.949003 -0.097424
vn -0.280906 0.949003 -0.143130
vn -0.368797 0.921754 -0.119830
vn -0.383002 0.921754 -0.060662
vn -0.311387 0.949003 -0.049319
vn -0.299838 0.949003 -0.097424
vn -0.383002 0.921754 -0.060662
vn -0.387776 0.921754 -0.000001
vn -0.315269 0.949002 0.000000
vn -0.311387 0.949003 -0.049319
vn -0.387776 0.921754 -0.000001
vn -0.383002 0.921754 0.060661
vn -0.311387 0.949003 0.049319
vn -0.315269 0.949002 0.000000
vn -0.383002 0.921754 0.060661
vn -0.368797 0.921754 0.119829
vn -0.299839 0.949002 0.097423
vn -0.311387 0.949003 0.049319
vn -0.368797 0.921754 0.119829
vn -0.345511 0.921753 0.176048
vn -0.280907 0.949002 0.143129
vn -0.299839 0.949002 0.097423
vn -0.345511 0.921753 0.176048
vn -0.313717 0.921754 0.227929
vn -0.255058 0.949003 0.185309
vn -0.280907 0.949002 0.143129
vn -0.313717 0.921754 0.227929
vn -0.274199 0.921754 0.274199
vn -0.222929 0.949003 0.222928
vn -0.255058 0.949003 0.185309
vn -0.274199 0.921754 0.274199
vn -0.227929 0.921754 0.313718
vn -0.185310 0.949002 0.255059
vn -0.222929 0.949003 0.222928
vn -0.227929 0.921754 0.313718
vn -0.176047 0.921754 0.345511
vn -0.143129 0.949002 0.280908
vn -0.185310 0.949002 0.255059
vn -0.176047 0.921754 0.345511
vn -0.119829 0.921753 0.368798
vn -0.097424 0.949002 0.299839
vn -0.143129 0.949002 0.280908
vn -0.119829 0.921753 0.368798
vn -0.060661 0.921754 0.383002
vn -0.049319 0.949003 0.311387
vn -0.097424 0.949002 0.299839
vn -0.060661 0.921754 0.383002
vn 0.000000 0.921754 0.387775
vn 0.000000 0.949002 0.315269
vn -0.049319 0.949003 0.311387
vn 0.000000 0.921754 0.387775
vn 0.060661 0.921754 0.383001
vn 0.049319 0.949003 0.311387
vn 0.000000 0.949002 0.315269
vn 0.060661 0.921754 0.383001
vn 0.119829 0.921754 0.368797
vn 0.097423 0.949003 0.299838
vn 0.049319 0.949003 0.311387
vn 0.119829 0.921754 0.368797
vn 0.176047 0.921754 0.345511
vn 0.143129 0.949002 0.280907
vn 0.097423 0.949003 0.299838
vn 0.176047 0.921754 0.345511
vn 0.227929 0.921754 0.313718
vn 0.185310 0.949002 0.255059
vn 0.143129 0.949002 0.280907
vn 0.227929 0.921754 0.313718
vn 0.274199 0.921754 0.274199
vn 0.222929 0.949003 0.222928
vn 0.185310 0.949002 0.255059
vn 0.274199 0.921754 0.274199
vn 0.313717 0.921754 0.227929
vn 0.255058 0.949003 0.185310
vn 0.222929 0.949003 0.222928
vn 0.313717 0.921754 0.227929
vn 0.345511 0.921754 0.176047
vn 0.280907 0.949002 0.143130
vn 0.255058 0.949003 0.185310
vn 0.345511 0.921754 0.176047
vn 0.368797 0.921754 0.119829
vn 0.299839 0.949002 0.097423
vn 0.280907 0.949002 0.143130
vn 0.368797 0.921754 0.119829
vn 0.383002 0.921754 0.060661
vn 0.311387 0.949003 0.049318
vn 0.299839 0.949002 0.097423
vn 0.383002 0.921754 0.060661
vn 0.387776 0.921754 0.000002
vn 0.315269 0.949002 0.000000
vn 0.311387 0.949003 0.049318
vn 0.387776 0.921754 0.000002
vn 0.383002 0.921754 -0.060661
vn 0.311387 0.949003 -0.049318
vn 0.315269 0.949002 0.000000
vn 0.311387 0.949003 -0.049318
vn 0.299838 0.949003 -0.097424
vn 0.229663 0.970405 -0.074622
vn 0.238509 0.970405 -0.037775
vn 0.299838 0.949003 -0.097424
vn 0.280907 0.949002 -0.143130
vn 0.215162 0.970405 -0.109633
vn 0.229663 0.970405 -0.074622
vn 0.280907 0.949002 -0.143130
vn 0.255058 0.949003 -0.185309
vn 0.195363 0.970405 -0.141940
vn 0.215162 0.970405 -0.109633
vn 0.255058 0.949003 -0.185309
vn 0.222929 0.949003 -0.222928
vn 0.170753 0.970406 -0.170753
vn 0.195363 0.970405 -0.141940
vn 0.222929 0.949003 -0.222928
vn 0.185310 0.949003 -0.255057
vn 0.141939 0.970405 -0.195363
vn 0.170753 0.970406 -0.170753
vn 0.185310 0.949003 -0.255057
vn 0.143129 0.949002 -0.280907
vn 0.109630 0.970405 -0.215163
vn 0.141939 0.970405 -0.195363
vn 0.143129 0.949002 -0.280907
vn 0.097423 0.949002 -0.299839
vn 0.074622 0.970405 -0.229664
vn 0.109630 0.970405 -0.215163
vn 0.097423 0.949002 -0.299839
vn 0.049319 0.949002 -0.311388
vn 0.037776 0.970405 -0.238510
vn 0.074622 0.970405 -0.229664
vn 0.049319 0.949002 -0.311388
vn 0.000000 0.949002 -0.315270
vn 0.000000 0.970405 -0.241483
vn 0.037776 0.970405 -0.238510
vn 0.000000 0.949002 -0.315270
vn -0.049319 0.949002 -0.311388
vn -0.037776 0.970405 -0.238509
vn 0.000000 0.970405 -0.241483
vn -0.049319 0.949002 -0.311388
vn -0.097423 0.949002 -0.299839
vn -0.074622 0.970405 -0.229663
vn -0.037776 0.970405 -0.238509
vn -0.097423 0.949002 -0.299839
vn -0.143129 0.949002 -0.280907
vn -0.109630 0.970405 -0.215162
vn -0.074622 0.970405 -0.229663
vn -0.143129 0.949002 -0.280907
vn -0.185310 0.949002 -0.255058
vn -0.141939 0.970406 -0.195362
vn -0.109630 0.970405 -0.215162
vn -0.185310 0.949002 -0.255058
vn -0.222929 0.949003 -0.222928
vn -0.170753 0.970405 -0.170753
vn -0.141939 0.970406 -0.195362
vn -0.222929 0.949003 -0.222928
vn -0.255058 0.949002 -0.185311
vn -0.195363 0.970405 -0.141941
vn -0.170753 0.970405 -0.170753
vn -0.255058 0.949002 -0.185311
vn -0.280906 0.949003 -0.143130
vn -0.215162 0.970405 -0.109631
vn -0.195363 0.970405 -0.141941
vn -0.280906 0.949003 -0.143130
vn -0.299838 0.949003 -0.097424
vn -0.229663 0.970405 -0.074622
vn -0.215162 0.970405 -0.109631
vn -0.299838 0.949003 -0.097424
vn -0.311387 0.949003 -0.049319
vn -0.238509 0.970405 -0.037777
vn -0.229663 0.970405 -0.074622
vn -0.311387 0.949003 -0.049319
vn -0.315269 0.949002 0.000000
vn -0.241482 0.970405 0.000000
vn -0.238509 0.970405 -0.037777
vn -0.315269 0.949002 0.000000
vn -0.311387 0.949003 0.049319
vn -0.238509 0.970405 0.037778
vn -0.241482 0.970405 0.000000
vn -0.311387 0.949003 0.049319
vn -0.299839 0.949002 0.097423
vn -0.229663 0.970405 0.074622
vn -0.238509 0.970405 0.037778
vn -0.299839 0.949002 0.097423
vn -0.280907 0.949002 0.143129
vn -0.215162 0.970406 0.109629
vn -0.229663 0.970405 0.074622
vn -0.280907 0.949002 0.143129
vn -0.255058 0.949003 0.185309
vn -0.195363 0.970406 0.141938
vn -0.215162 0.970406 0.109629
vn -0.255058 0.949003 0.185309
vn -0.222929 0.949003 0.222928
vn -0.170753 0.970406 0.170752
vn -0.195363 0.970406 0.141938
vn -0.222929 0.949003 0.222928
vn -0.185310 0.949002 0.255059
vn -0.141939 0.970406 0.195362
vn -0.170753 0.970406 0.170752
vn -0.185310 0.949002 0.255059
vn -0.143129 0.949002 0.280908
vn -0.109630 0.970405 0.215162
vn -0.141939 0.970406 0.195362
vn -0.143129 0.949002 0.280908
vn -0.097424 0.949002 0.299839
vn -0.074622 0.970405 0.229663
vn -0.109630 0.970405 0.215162
vn -0.097424 0.949002 0.299839
vn -0.049319 0.949003 0.311387
vn -0.037776 0.970405 0.238509
vn -0.074622 0.970405 0.229663
vn -0.049319 0.949003 0.311387
vn 0.000000 0.949002 0.315269
vn 0.000000 0.970405 0.241483
vn -0.037776 0.970405 0.238509
vn 0.000000 0.949002 0.315269
vn 0.049319 0.949003 0.311387
vn 0.037776 0.970405 0.238509
vn 0.000000 0.970405 0.241483
vn 0.049319 0.949003 0.311387
vn 0.097423 0.949003 0.299838
vn 0.074622 0.970405 0.229663
vn 0.037776 0.970405 0.238509
vn 0.097423 0.949003 0.299838
vn 0.143129 0.949002 0.280907
vn 0.109630 0.970405 0.215162
vn 0.074622 0.970405 0.229663
vn 0.143129 0.949002 0.280907
vn 0.185310 0.949002 0.255059
vn 0.141939 0.970405 0.195364
vn 0.109630 0.970405 0.215162
vn 0.185310 0.949002 0.255059
vn 0.222929 0.949003 0.222928
vn 0.170753 0.970405 0.170754
vn 0.141939 0.970405 0.195364
vn 0.222929 0.949003 0.222928
vn 0.255058 0.949003 0.185310
vn 0.195363 0.970405 0.141939
vn 0.170753 0.970405 0.170754
vn 0.255058 0.949003 0.185310
vn 0.280907 0.949002 0.143130
vn 0.215162 0.970405 0.109630
vn 0.195363 0.970405 0.141939
vn 0.280907 0.949002 0.143130
vn 0.299839 0.949002 0.097423
vn 0.229663 0.970405 0.074622
vn 0.215162 0.970405 0.109630
vn 0.299839 0.949002 0.097423
vn 0.311387 0.949003 0.049318
vn 0.238509 0.970405 0.037777
vn 0.229663 0.970405 0.074622
vn 0.311387 0.949003 0.049318
vn 0.315269 0.949002 0.000000
vn 0.241482 0.970405 0.000000
vn 0.238509 0.970405 0.037777
vn 0.315269 0.949002 0.000000
vn 0.311387 0.949003 -0.049318
vn 0.238509 0.970405 -0.037775
vn 0.241482 0.970405 0.000000
vn 0.238509 0.970405 -0.037775
vn 0.229663 0.970405 -0.074622
vn 0.159612 0.985817 -0.051862
vn 0.165760 0.985817 -0.026254
vn 0.229663 0.970405 -0.074622
vn 0.215162 0.970405 -0.109633
vn 0.149534 0.985816 -0.076194
vn 0.159612 0.985817 -0.051862
vn 0.215162 0.970405 -0.109633
vn 0.195363 0.970405 -0.141940
vn 0.135774 0.985816 -0.098648
vn 0.149534 0.985816 -0.076194
vn 0.195363 0.970405 -0.141940
vn 0.170753 0.970406 -0.170753
vn 0.118671 0.985816 -0.118673
vn 0.135774 0.985816 -0.098648
vn 0.170753 0.970406 -0.170753
vn 0.141939 0.970405 -0.195363
vn 0.098646 0.985817 -0.135774
vn 0.118671 0.985816 -0.118673
vn 0.141939 0.970405 -0.195363
vn 0.109630 0.970405 -0.215163
vn 0.076191 0.985817 -0.149534
vn 0.098646 0.985817 -0.135774
vn 0.109630 0.970405 -0.215163
vn 0.074622 0.970405 -0.229664
vn 0.051861 0.985817 -0.159611
vn 0.076191 0.985817 -0.149534
vn 0.074622 0.970405 -0.229664
vn 0.037776 0.970405 -0.238510
vn 0.026254 0.985817 -0.165760
vn 0.051861 0.985817 -0.159611
vn 0.037776 0.970405 -0.238510
vn 0.000000 0.970405 -0.241483
vn 0.000000 0.985817 -0.167826
vn 0.026254 0.985817 -0.165760
vn 0.000000 0.970405 -0.241483
vn -0.037776 0.970405 -0.238509
vn -0.026254 0.985817 -0.165760
vn 0.000000 0.985817 -0.167826
vn -0.037776 0.970405 -0.238509
vn -0.074622 0.970405 -0.229663
vn -0.051861 0.985816 -0.159613
vn -0.026254 0.985817 -0.165760
vn -0.074622 0.970405 -0.229663
vn -0.109630 0.970405 -0.215162
vn -0.076191 0.985817 -0.149534
vn -0.051861 0.985816 -0.159613
vn -0.109630 0.970405 -0.215162
vn -0.141939 0.970406 -0.195362
vn -0.098645 0.985817 -0.135775
vn -0.076191 0.985817 -0.149534
vn -0.141939 0.970406 -0.195362
vn -0.170753 0.970405 -0.170753
vn -0.118671 0.985816 -0.118672
vn -0.098645 0.985817 -0.135775
vn -0.170753 0.970405 -0.170753
vn -0.195363 0.970405 -0.141941
vn -0.135774 0.985817 -0.098646
vn -0.118671 0.985816 -0.118672
vn -0.195363 0.970405 -0.141941
vn -0.215162 0.970405 -0.109631
vn -0.149534 0.985817 -0.076191
vn -0.135774 0.985817 -0.098646
vn -0.215162 0.970405 -0.109631
vn -0.229663 0.970405 -0.074622
vn -0.159612 0.985817 -0.051860
vn -0.149534 0.985817 -0.076191
vn -0.229663 0.970405 -0.074622
vn -0.238509 0.970405 -0.037777
vn -0.165760 0.985817 -0.026255
vn -0.159612 0.985817 -0.051860
vn -0.238509 0.970405 -0.037777
vn -0.241482 0.970405 0.000000
vn -0.167826 0.985817 0.000000
vn -0.165760 0.985817 -0.026255
vn -0.241482 0.970405 0.000000
vn -0.238509 0.970405 0.037778
vn -0.165760 0.985817 0.026255
vn -0.167826 0.985817 0.000000
vn -0.238509 0.970405 0.037778
vn -0.229663 0.970405 0.074622
vn -0.159612 0.985817 0.051861
vn -0.165760 0.985817 0.026255
vn -0.229663 0.970405 0.074622
vn -0.215162 0.970406 0.109629
vn -0.149534 0.985817 0.076190
vn -0.159612 0.985817 0.051861
vn -0.215162 0.970406 0.109629
vn -0.195363 0.970406 0.141938
vn -0.135774 0.985817 0.098646
vn -0.149534 0.985817 0.076190
vn -0.195363 0.970406 0.141938
vn -0.170753 0.970406 0.170752
vn -0.118671 0.985816 0.118672
vn -0.135774 0.985817 0.098646
vn -0.170753 0.970406 0.170752
vn -0.141939 0.970406 0.195362
vn -0.098646 0.985817 0.135773
vn -0.118671 0.985816 0.118672
vn -0.141939 0.970406 0.195362
vn -0.109630 0.970405 0.215162
vn -0.076191 0.985817 0.149533
vn -0.098646 0.985817 0.135773
vn -0.109630 0.970405 0.215162
vn -0.074622 0.970405 0.229663
vn -0.051861 0.985816 0.159613
vn -0.076191 0.985817 0.149533
vn -0.074622 0.970405 0.229663
vn -0.037776 0.970405 0.238509
vn -0.026254 0.985816 0.165761
vn -0.051861 0.985816 0.159613
vn -0.037776 0.970405 0.238509
vn 0.000000 0.970405 0.241483
vn 0.000000 0.985816 0.167827
vn -0.026254 0.985816 0.165761
vn 0.000000 0.970405 0.241483
vn 0.037776 0.970405 0.238509
vn 0.026254 0.985817 0.165760
vn 0.000000 0.985816 0.167827
vn 0.037776 0.970405 0.238509
vn 0.074622 0.970405 0.229663
vn 0.051861 0.985816 0.159613
vn 0.026254 0.985817 0.165760
vn 0.074622 0.970405 0.229663
vn 0.109630 0.970405 0.215162
vn 0.076191 0.985817 0.149535
vn 0.051861 0.985816 0.159613
vn 0.109630 0.970405 0.215162
vn 0.141939 0.970405 0.195364
vn 0.098646 0.985817 0.135774
vn 0.076191 0.985817 0.149535
vn 0.141939 0.970405 0.195364
vn 0.170753 0.970405 0.170754
vn 0.118671 0.985817 0.118671
vn 0.098646 0.985817 0.135774
vn 0.170753 0.970405 0.170754
vn 0.195363 0.970405 0.141939
vn 0.135774 0.985817 0.098645
vn 0.118671 0.985817 0.118671
vn 0.195363 0.970405 0.141939
vn 0.215162 0.970405 0.109630
vn 0.149534 0.985817 0.076191
vn 0.135774 0.985817 0.098645
vn 0.215162 0.970405 0.109630
vn 0.229663 0.970405 0.074622
vn 0.159612 0.985817 0.051861
vn 0.149534 0.985817 0.076191
vn 0.229663 0.970405 0.074622
vn 0.238509 0.970405 0.037777
vn 0.165760 0.985817 0.026255
vn 0.159612 0.985817 0.051861
vn 0.238509 0.970405 0.037777
vn 0.241482 0.970405 0.000000
vn 0.167826 0.985817 0.000000
vn 0.165760 0.985817 0.026255
vn 0.241482 0.970405 0.000000
vn 0.238509 0.970405 -0.037775
vn 0.165760 0.985817 -0.026254
vn 0.167826 0.985817 0.000000
vn 0.165760 0.985817 -0.026254
vn 0.159612 0.985817 -0.051862
vn 0.094554 0.995046 -0.030722
vn 0.098196 0.995046 -0.015552
vn 0.159612 0.985817 -0.051862
vn 0.149534 0.985816 -0.076194
vn 0.088584 0.995046 -0.045136
vn 0.094554 0.995046 -0.030722
vn 0.149534 0.985816 -0.076194
vn 0.135774 0.985816 -0.098648
vn 0.080432 0.995046 -0.058437
vn 0.088584 0.995046 -0.045136
vn 0.135774 0.985816 -0.098648
vn 0.118671 0.985816 -0.118673
vn 0.070300 0.995046 -0.070301
vn 0.080432 0.995046 -0.058437
vn 0.118671 0.985816 -0.118673
vn 0.098646 0.985817 -0.135774
vn 0.058437 0.995045 -0.080435
vn 0.070300 0.995046 -0.070301
vn 0.098646 0.985817 -0.135774
vn 0.076191 0.985817 -0.149534
vn 0.045136 0.995045 -0.088586
vn 0.058437 0.995045 -0.080435
vn 0.076191 0.985817 -0.149534
vn 0.051861 0.985817 -0.159611
vn 0.030722 0.995046 -0.094553
vn 0.045136 0.995045 -0.088586
vn 0.051861 0.985817 -0.159611
vn 0.026254 0.985817 -0.165760
vn 0.015553 0.995046 -0.098195
vn 0.030722 0.995046 -0.094553
vn 0.026254 0.985817 -0.165760
vn 0.000000 0.985817 -0.167826
vn 0.000000 0.995046 -0.099419
vn 0.015553 0.995046 -0.098195
vn 0.000000 0.985817 -0.167826
vn -0.026254 0.985817 -0.165760
vn -0.015553 0.995046 -0.098196
vn 0.000000 0.995046 -0.099419
vn -0.026254 0.985817 -0.165760
vn -0.051861 0.985816 -0.159613
vn -0.030722 0.995045 -0.094555
vn -0.015553 0.995046 -0.098196
vn -0.051861 0.985816 -0.159613
vn -0.076191 0.985817 -0.149534
vn -0.045136 0.995045 -0.088585
vn -0.030722 0.995045 -0.094555
vn -0.076191 0.985817 -0.149534
vn -0.098645 0.985817 -0.135775
vn -0.058437 0.995045 -0.080434
vn -0.045136 0.995045 -0.088585
vn -0.098645 0.985817 -0.135775
vn -0.118671 0.985816 -0.118672
vn -0.070300 0.995046 -0.070301
vn -0.058437 0.995045 -0.080434
vn -0.118671 0.985816 -0.118672
vn -0.135774 0.985817 -0.098646
vn -0.080432 0.995046 -0.058434
vn -0.070300 0.995046 -0.070301
vn -0.135774 0.985817 -0.098646
vn -0.149534 0.985817 -0.076191
vn -0.088584 0.995046 -0.045134
vn -0.080432 0.995046 -0.058434
vn -0.149534 0.985817 -0.076191
vn -0.159612 0.985817 -0.051860
vn -0.094554 0.995046 -0.030724
vn -0.088584 0.995046 -0.045134
vn -0.159612 0.985817 -0.051860
vn -0.165760 0.985817 -0.026255
vn -0.098196 0.995046 -0.015552
vn -0.094554 0.995046 -0.030724
vn -0.165760 0.985817 -0.026255
vn -0.167826 0.985817 0.000000
vn -0.099420 0.995046 0.000000
vn -0.098196 0.995046 -0.015552
vn -0.167826 0.985817 0.000000
vn -0.165760 0.985817 0.026255
vn -0.098196 0.995046 0.015552
vn -0.099420 0.995046 0.000000
vn -0.165760 0.985817 0.026255
vn -0.159612 0.985817 0.051861
vn -0.094554 0.995046 0.030724
vn -0.098196 0.995046 0.015552
vn -0.159612 0.985817 0.051861
vn -0.149534 0.985817 0.076190
vn -0.088584 0.995046 0.045136
vn -0.094554 0.995046 0.030724
vn -0.149534 0.985817 0.076190
vn -0.135774 0.985817 0.098646
vn -0.080432 0.995046 0.058437
vn -0.088584 0.995046 0.045136
vn -0.135774 0.985817 0.098646
vn -0.118671 0.985816 0.118672
vn -0.070300 0.995046 0.070301
vn -0.080432 0.995046 0.058437
vn -0.118671 0.985816 0.118672
vn -0.098646 0.985817 0.135773
vn -0.058437 0.995046 0.080430
vn -0.070300 0.995046 0.070301
vn -0.098646 0.985817 0.135773
vn -0.076191 0.985817 0.149533
vn -0.045136 0.995046 0.088581
vn -0.058437 0.995046 0.080430
vn -0.076191 0.985817 0.149533
vn -0.051861 0.985816 0.159613
vn -0.030722 0.995045 0.094555
vn -0.045136 0.995046 0.088581
vn -0.051861 0.985816 0.159613
vn -0.026254 0.985816 0.165761
vn -0.015553 0.995046 0.098196
vn -0.030722 0.995045 0.094555
vn -0.026254 0.985816 0.165761
vn 0.000000 0.985816 0.167827
vn 0.000000 0.995046 0.099420
vn -0.015553 0.995046 0.098196
vn 0.000000 0.985816 0.167827
vn 0.026254 0.985817 0.165760
vn 0.015553 0.995046 0.098195
vn 0.000000 0.995046 0.099420
vn 0.026254 0.985817 0.165760
vn 0.051861 0.985816 0.159613
vn 0.030722 0.995046 0.094552
vn 0.015553 0.995046 0.098195
vn 0.051861 0.985816 0.159613
vn 0.076191 0.985817 0.149535
vn 0.045136 0.995046 0.088584
vn 0.030722 0.995046 0.094552
vn 0.076191 0.985817 0.149535
vn 0.098646 0.985817 0.135774
vn 0.058437 0.995046 0.080432
vn 0.045136 0.995046 0.088584
vn 0.098646 0.985817 0.135774
vn 0.118671 0.985817 0.118671
vn 0.070300 0.995046 0.070299
vn 0.058437 0.995046 0.080432
vn 0.118671 0.985817 0.118671
vn 0.135774 0.985817 0.098645
vn 0.080432 0.995046 0.058437
vn 0.070300 0.995046 0.070299
vn 0.135774 0.985817 0.098645
vn 0.149534 0.985817 0.076191
vn 0.088584 0.995046 0.045134
vn 0.080432 0.995046 0.058437
vn 0.149534 0.985817 0.076191
vn 0.159612 0.985817 0.051861
vn 0.094554 0.995046 0.030719
vn 0.088584 0.995046 0.045134
vn 0.159612 0.985817 0.051861
vn 0.165760 0.985817 0.026255
vn 0.098196 0.995046 0.015549
vn 0.094554 0.995046 0.030719
vn 0.165760 0.985817 0.026255
vn 0.167826 0.985817 0.000000
vn 0.099420 0.995046 -0.000003
vn 0.098196 0.995046 0.015549
vn 0.167826 0.985817 0.000000
vn 0.165760 0.985817 -0.026254
vn 0.098196 0.995046 -0.015552
vn 0.099420 0.995046 -0.000003
vn 0.094555 -0.995045 -0.030723
vn 0.098197 -0.995045 -0.015553
vn 0.000000 -1.000000 0.000000
vn 0.088584 -0.995046 -0.045136
vn 0.094555 -0.995045 -0.030723
vn 0.000000 -1.000000 0.000000
vn 0.080433 -0.995045 -0.058438
vn 0.088584 -0.995046 -0.045136
vn 0.000000 -1.000000 0.000000
vn 0.070301 -0.995045 -0.070301
vn 0.080433 -0.995045 -0.058438
vn 0.000000 -1.000000 0.000000
vn 0.058438 -0.995045 -0.080433
vn 0.070301 -0.995045 -0.070301
vn 0.000000 -1.000000 0.000000
vn 0.045136 -0.995046 -0.088584
vn 0.058438 -0.995045 -0.080433
vn 0.000000 -1.000000 0.000000
vn 0.030723 -0.995045 -0.094555
vn 0.045136 -0.995046 -0.088584
vn 0.000000 -1.000000 0.000000
vn 0.015553 -0.995045 -0.098197
vn 0.030723 -0.995045 -0.094555
vn 0.000000 -1.000000 0.000000
vn 0.000000 -0.995045 -0.099421
vn 0.015553 -0.995045 -0.098197
vn 0.000000 -1.000000 0.000000
vn -0.015553 -0.995045 -0.098197
vn 0.000000 -0.995045 -0.099421
vn 0.000000 -1.000000 0.000000
vn -0.030723 -0.995045 -0.094555
vn -0.015553 -0.995045 -0.098197
vn 0.000000 -1.000000 0.000000
vn -0.045136 -0.995046 -0.088584
vn -0.030723 -0.995045 -0.094555
vn 0.000000 -1.000000 0.000000
vn -0.058438 -0.995045 -0.080433
vn -0.045136 -0.995046 -0.088584
vn 0.000000 -1.000000 0.000000
vn -0.070301 -0.995045 -0.070301
vn -0.058438 -0.995045 -0.080433
vn 0.000000 -1.000000 0.000000
vn -0.080433 -0.995045 -0.058438
vn -0.070301 -0.995045 -0.070301
vn 0.000000 -1.000000 0.000000
vn -0.088584 -0.995046 -0.045136
vn -0.080433 -0.995045 -0.058438
vn 0.000000 -1.000000 0.000000
vn -0.094555 -0.995045 -0.030723
vn -0.088584 -0.995046 -0.045136
vn 0.000000 -1.000000 0.000000
vn -0.098197 -0.995045 -0.015553
vn -0.094555 -0.995045 -0.030723
vn 0.000000 -1.000000 0.000000
vn -0.099421 -0.995045 0.000000
vn -0.098197 -0.995045 -0.015553
vn 0.000000 -1.000000 0.000000
vn -0.098197 -0.995045 0.015553
vn -0.099421 -0.995045 0.000000
vn 0.000000 -1.000000 0.000000
vn -0.094555 -0.995045 0.030723
vn -0.098197 -0.995045 0.015553
vn 0.000000 -1.000000 0.000000
vn -0.088584 -0.995046 0.045136
vn -0.094555 -0.995045 0.030723
vn 0.000000 -1.000000 0.000000
vn -0.080433 -0.995045 0.058438
vn -0.088584 -0.995046 0.045136
vn 0.000000 -1.000000 0.000000
vn -0.070301 -0.995045 0.070301
vn -0.080433 -0.995045 0.058438
vn 0.000000 -1.000000 0.000000
vn -0.058438 -0.995045 0.080433
vn -0.070301 -0.995045 0.070301
vn 0.000000 -1.000000 0.000000
vn -0.045136 -0.995046 0.088584
vn -0.058438 -0.995045 0.080433
vn 0.000000 -1.000000 0.000000
vn -0.030723 -0.995045 0.094555
vn -0.045136 -0.995046 0.088584
vn 0.000000 -1.000000 0.000000
vn -0.015553 -0.995045 0.098197
vn -0.030723 -0.995045 0.094555
vn 0.000000 -1.000000 0.000000
vn 0.000000 -0.995045 0.099421
vn -0.015553 -0.995045 0.098197
vn 0.000000 -1.000000 0.000000
vn 0.015553 -0.995045 0.098197
vn 0.000000 -0.995045 0.099421
vn 0.000000 -1.000000 0.000000
vn 0.030723 -0.995045 0.094555
vn 0.015553 -0.995045 0.098197
vn 0.000000 -1.000000 0.000000
vn 0.045136 -0.995046 0.088584
vn 0.030723 -0.995045 0.094555
vn 0.000000 -1.000000 0.000000
vn 0.058438 -0.995045 0.080433
vn 0.045136 -0.995046 0.088584
vn 0.000000 -1.000000 0.000000
vn 0.070301 -0.995045 0.070301
vn 0.058438 -0.995045 0.080433
vn 0.000000 -1.000000 0.000000
vn 0.080433 -0.995045 0.058438
vn 0.070301 -0.995045 0.070301
vn 0.000000 -1.000000 0.000000
vn 0.088584 -0.995046 0.045136
vn 0.080433 -0.995045 0.058438
vn 0.000000 -1.000000 0.000000
vn 0.094555 -0.995045 0.030723
vn 0.088584 -0.995046 0.045136
vn 0.000000 -1.000000 0.000000
vn 0.098197 -0.995045 0.015553
vn 0.094555 -0.995045 0.030723
vn 0.000000 -1.000000 0.000000
vn 0.099421 -0.995045 0.000000
vn 0.098197 -0.995045 0.015553
vn 0.000000 -1.000000 0.000000
vn 0.098197 -0.995045 -0.015553
vn 0.099421 -0.995045 0.000000
vn 0.000000 -1.000000 0.000000
vn 0.098196 0.995046 -0.015552
vn 0.094554 0.995046 -0.030722
vn 0.000000 1.000000 -0.000001
vn 0.094554 0.995046 -0.030722
vn 0.088584 0.995046 -0.045136
vn 0.000000 1.000000 -0.000001
vn 0.088584 0.995046 -0.045136
vn 0.080432 0.995046 -0.058437
vn 0.000000 1.000000 -0.000001
vn 0.080432 0.995046 -0.058437
vn 0.070300 0.995046 -0.070301
vn 0.000000 1.000000 -0.000001
vn 0.070300 0.995046 -0.070301
vn 0.058437 0.995045 -0.080435
vn 0.000000 1.000000 -0.000001
vn 0.058437 0.995045 -0.080435
vn 0.045136 0.995045 -0.088586
vn 0.000000 1.000000 -0.000001
vn 0.045136 0.995045 -0.088586
vn 0.030722 0.995046 -0.094553
vn 0.000000 1.000000 -0.000001
vn 0.030722 0.995046 -0.094553
vn 0.015553 0.995046 -0.098195
vn 0.000000 1.000000 -0.000001
vn 0.015553 0.995046 -0.098195
vn 0.000000 0.995046 -0.099419
vn 0.000000 1.000000 -0.000001
vn 0.000000 0.995046 -0.099419
vn -0.015553 0.995046 -0.098196
vn 0.000000 1.000000 -0.000001
vn -0.015553 0.995046 -0.098196
vn -0.030722 0.995045 -0.094555
vn 0.000000 1.000000 -0.000001
vn -0.030722 0.995045 -0.094555
vn -0.045136 0.995045 -0.088585
vn 0.000000 1.000000 -0.000001
vn -0.045136 0.995045 -0.088585
vn -0.058437 0.995045 -0.080434
vn 0.000000 1.000000 -0.000001
vn -0.058437 0.995045 -0.080434
vn -0.070300 0.995046 -0.070301
vn 0.000000 1.000000 -0.000001
vn -0.070300 0.995046 -0.070301
vn -0.080432 0.995046 -0.058434
vn 0.000000 1.000000 -0.000001
vn -0.080432 0.995046 -0.058434
vn -0.088584 0.995046 -0.045134
vn 0.000000 1.000000 -0.000001
vn -0.088584 0.995046 -0.045134
vn -0.094554 0.995046 -0.030724
vn 0.000000 1.000000 -0.000001
vn -0.094554 0.995046 -0.030724
vn -0.098196 0.995046 -0.015552
vn 0.000000 1.000000 -0.000001
vn -0.098196 0.995046 -0.015552
vn -0.099420 0.995046 0.000000
vn 0.000000 1.000000 -0.000001
vn -0.099420 0.995046 0.000000
vn -0.098196 0.995046 0.015552
vn 0.000000 1.000000 -0.000001
vn -0.098196 0.995046 0.015552
vn -0.094554 0.995046 0.030724
vn 0.000000 1.000000 -0.000001
vn -0.094554 0.995046 0.030724
vn -0.088584 0.995046 0.045136
vn 0.000000 1.000000 -0.000001
vn -0.088584 0.995046 0.045136
vn -0.080432 0.995046 0.058437
vn 0.000000 1.000000 -0.000001
vn -0.080432 0.995046 0.058437
vn -0.070300 0.995046 0.070301
vn 0.000000 1.000000 -0.000001
vn -0.070300 0.995046 0.070301
vn -0.058437 0.995046 0.080430
vn 0.000000 1.000000 -0.000001
vn -0.058437 0.995046 0.080430
vn -0.045136 0.995046 0.088581
vn 0.000000 1.000000 -0.000001
vn -0.045136 0.995046 0.088581
vn -0.030722 0.995045 0.094555
vn 0.000000 1.000000 -0.000001
vn -0.030722 0.995045 0.094555
vn -0.015553 0.995046 0.098196
vn 0.000000 1.000000 -0.000001
vn -0.015553 0.995046 0.098196
vn 0.000000 0.995046 0.099420
vn 0.000000 1.000000 -0.000001
vn 0.000000 0.995046 0.099420
vn 0.015553 0.995046 0.098195
vn 0.000000 1.000000 -0.000001
vn 0.015553 0.995046 0.098195
vn 0.030722 0.995046 0.094552
vn 0.000000 1.000000 -0.000001
vn 0.030722 0.995046 0.094552
vn 0.045136 0.995046 0.088584
vn 0.000000 1.000000 -0.000001
vn 0.045136 0.995046 0.088584
vn 0.058437 0.995046 0.080432
vn 0.000000 1.000000 -0.000001
vn 0.058437 0.995046 0.080432
vn 0.070300 0.995046 0.070299
vn 0.000000 1.000000 -0.000001
vn 0.070300 0.995046 0.070299
vn 0.080432 0.995046 0.058437
vn 0.000000 1.000000 -0.000001
vn 0.080432 0.995046 0.058437
vn 0.088584 0.995046 0.045134
vn 0.000000 1.000000 -0.000001
vn 0.088584 0.995046 0.045134
vn 0.094554 0.995046 0.030719
vn 0.000000 1.000000 -0.000001
vn 0.094554 0.995046 0.030719
vn 0.098196 0.995046 0.015549
vn 0.000000 1.000000 -0.000001
vn 0.098196 0.995046 0.015549
vn 0.099420 0.995046 -0.000003
vn 0.000000 1.000000 -0.000001
vn 0.099420 0.995046 -0.000003
vn 0.098196 0.995046 -0.015552
vn 0.000000 1.000000 -0.000001
s off
g earth_GEO
usemtl earth_MAT
f 1563/1680/6321 1564/1681/6322 1604/1682/6323 1603/1683/6324
f 1564/1681/6325 1565/1684/6326 1605/1685/6327 1604/1682/6328
f 1565/1684/6329 1566/1686/6330 1606/1687/6331 1605/1685/6332
f 1566/1686/6333 1567/1688/6334 1607/1689/6335 1606/1687/6336
f 1567/1688/6337 1568/1690/6338 1608/1691/6339 1607/1689/6340
f 1568/1690/6341 1569/1692/6342 1609/1693/6343 1608/1691/6344
f 1569/1692/6345 1570/1694/6346 1610/1695/6347 1609/1693/6348
f 1570/1694/6349 1571/1696/6350 1611/1697/6351 1610/1695/6352
f 1571/1696/6353 1572/1698/6354 1612/1699/6355 1611/1697/6356
f 1572/1698/6357 1573/1700/6358 1613/1701/6359 1612/1699/6360
f 1573/1700/6361 1574/1702/6362 1614/1703/6363 1613/1701/6364
f 1574/1702/6365 1575/1704/6366 1615/1705/6367 1614/1703/6368
f 1575/1704/6369 1576/1706/6370 1616/1707/6371 1615/1705/6372
f 1576/1706/6373 1577/1708/6374 1617/1709/6375 1616/1707/6376
f 1577/1708/6377 1578/1710/6378 1618/1711/6379 1617/1709/6380
f 1578/1710/6381 1579/1712/6382 1619/1713/6383 1618/1711/6384
f 1579/1712/6385 1580/1714/6386 1620/1715/6387 1619/1713/6388
f 1580/1714/6389 1581/1716/6390 1621/1717/6391 1620/1715/6392
f 1581/1716/6393 1582/1718/6394 1622/1719/6395 1621/1717/6396
f 1582/1718/6397 1583/1720/6398 1623/1721/6399 1622/1719/6400
f 1583/1720/6401 1584/1722/6402 1624/1723/6403 1623/1721/6404
f 1584/1722/6405 1585/1724/6406 1625/1725/6407 1624/1723/6408
f 1585/1724/6409 1586/1726/6410 1626/1727/6411 1625/1725/6412
f 1586/1726/6413 1587/1728/6414 1627/1729/6415 1626/1727/6416
f 1587/1728/6417 1588/1730/6418 1628/1731/6419 1627/1729/6420
f 1588/1730/6421 1589/1732/6422 1629/1733/6423 1628/1731/6424
f 1589/1732/6425 1590/1734/6426 1630/1735/6427 1629/1733/6428
f 1590/1734/6429 1591/1736/6430 1631/1737/6431 1630/1735/6432
f 1591/1736/6433 1592/1738/6434 1632/1739/6435 1631/1737/6436
f 1592/1738/6437 1593/1740/6438 1633/1741/6439 1632/1739/6440
f 1593/1740/6441 1594/1742/6442 1634/1743/6443 1633/1741/6444
f 1594/1742/6445 1595/1744/6446 1635/1745/6447 1634/1743/6448
f 1595/1744/6449 1596/1746/6450 1636/1747/6451 1635/1745/6452
f 1596/1746/6453 1597/1748/6454 1637/1749/6455 1636/1747/6456
f 1597/1748/6457 1598/1750/6458 1638/1751/6459 1637/1749/6460
f 1598/1750/6461 1599/1752/6462 1639/1753/6463 1638/1751/6464
f 1599/1752/6465 1600/1754/6466 1640/1755/6467 1639/1753/6468
f 1600/1754/6469 1601/1756/6470 1641/1757/6471 1640/1755/6472
f 1601/1756/6473 1602/1758/6474 1642/1759/6475 1641/1757/6476
f 1602/1758/6477 1563/1760/6478 1603/1761/6479 1642/1759/6480
f 1603/1683/6481 1604/1682/6482 1644/1762/6483 1643/1763/6484
f 1604/1682/6485 1605/1685/6486 1645/1764/6487 1644/1762/6488
f 1605/1685/6489 1606/1687/6490 1646/1765/6491 1645/1764/6492
f 1606/1687/6493 1607/1689/6494 1647/1766/6495 1646/1765/6496
f 1607/1689/6497 1608/1691/6498 1648/1767/6499 1647/1766/6500
f 1608/1691/6501 1609/1693/6502 1649/1768/6503 1648/1767/6504
f 1609/1693/6505 1610/1695/6506 1650/1769/6507 1649/1768/6508
f 1610/1695/6509 1611/1697/6510 1651/1770/6511 1650/1769/6512
f 1611/1697/6513 1612/1699/6514 1652/1771/6515 1651/1770/6516
f 1612/1699/6517 1613/1701/6518 1653/1772/6519 1652/1771/6520
f 1613/1701/6521 1614/1703/6522 1654/1773/6523 1653/1772/6524
f 1614/1703/6525 1615/1705/6526 1655/1774/6527 1654/1773/6528
f 1615/1705/6529 1616/1707/6530 1656/1775/6531 1655/1774/6532
f 1616/1707/6533 1617/1709/6534 1657/1776/6535 1656/1775/6536
f 1617/1709/6537 1618/1711/6538 1658/1777/6539 1657/1776/6540
f 1618/1711/6541 1619/1713/6542 1659/1778/6543 1658/1777/6544
f 1619/1713/6545 1620/1715/6546 1660/1779/6547 1659/1778/6548
f 1620/1715/6549 1621/1717/6550 1661/1780/6551 1660/1779/6552
f 1621/1717/6553 1622/1719/6554 1662/1781/6555 1661/1780/6556
f 1622/1719/6557 1623/1721/6558 1663/1782/6559 1662/1781/6560
f 1623/1721/6561 1624/1723/6562 1664/1783/6563 1663/1782/6564
f 1624/1723/6565 1625/1725/6566 1665/1784/6567 1664/1783/6568
f 1625/1725/6569 1626/1727/6570 1666/1785/6571 1665/1784/6572
f 1626/1727/6573 1627/1729/6574 1667/1786/6575 1666/1785/6576
f 1627/1729/6577 1628/1731/6578 1668/1787/6579 1667/1786/6580
f 1628/1731/6581 1629/1733/6582 1669/1788/6583 1668/1787/6584
f 1629/1733/6585 1630/1735/6586 1670/1789/6587 1669/1788/6588
f 1630/1735/6589 1631/1737/6590 1671/1790/6591 1670/1789/6592
f 1631/1737/6593 1632/1739/6594 1672/1791/6595 1671/1790/6596
f 1632/1739/6597 1633/1741/6598 1673/1792/6599 1672/1791/6600
f 1633/1741/6601 1634/1743/6602 1674/1793/6603 1673/1792/6604
f 1634/1743/6605 1635/1745/6606 1675/1794/6607 1674/1793/6608
f 1635/1745/6609 1636/1747/6610 1676/1795/6611 1675/1794/6612
f 1636/1747/6613 1637/1749/6614 1677/1796/6615 1676/1795/6616
f 1637/1749/6617 1638/1751/6618 1678/1797/6619 1677/1796/6620
f 1638/1751/6621 1639/1753/6622 1679/1798/6623 1678/1797/6624
f 1639/1753/6625 1640/1755/6626 1680/1799/6627 1679/1798/6628
f 1640/1755/6629 1641/1757/6630 1681/1800/6631 1680/1799/6632
f 1641/1757/6633 1642/1759/6634 1682/1801/6635 1681/1800/6636
f 1642/1759/6637 1603/1761/6638 1643/1802/6639 1682/1801/6640
f 1643/1763/6641 1644/1762/6642 1684/1803/6643 1683/1804/6644
f 1644/1762/6645 1645/1764/6646 1685/1805/6647 1684/1803/6648
f 1645/1764/6649 1646/1765/6650 1686/1806/6651 1685/1805/6652
f 1646/1765/6653 1647/1766/6654 1687/1807/6655 1686/1806/6656
f 1647/1766/6657 1648/1767/6658 1688/1808/6659 1687/1807/6660
f 1648/1767/6661 1649/1768/6662 1689/1809/6663 1688/1808/6664
f 1649/1768/6665 1650/1769/6666 1690/1810/6667 1689/1809/6668
f 1650/1769/6669 1651/1770/6670 1691/1811/6671 1690/1810/6672
f 1651/1770/6673 1652/1771/6674 1692/1812/6675 1691/1811/6676
f 1652/1771/6677 1653/1772/6678 1693/1813/6679 1692/1812/6680
f 1653/1772/6681 1654/1773/6682 1694/1814/6683 1693/1813/6684
f 1654/1773/6685 1655/1774/6686 1695/1815/6687 1694/1814/6688
f 1655/1774/6689 1656/1775/6690 1696/1816/6691 1695/1815/6692
f 1656/1775/6693 1657/1776/6694 1697/1817/6695 1696/1816/6696
f 1657/1776/6697 1658/1777/6698 1698/1818/6699 1697/1817/6700
f 1658/1777/6701 1659/1778/6702 1699/1819/6703 1698/1818/6704
f 1659/1778/6705 1660/1779/6706 1700/1820/6707 1699/1819/6708
f 1660/1779/6709 1661/1780/6710 1701/1821/6711 1700/1820/6712
f 1661/1780/6713 1662/1781/6714 1702/1822/6715 1701/1821/6716
f 1662/1781/6717 1663/1782/6718 1703/1823/6719 1702/1822/6720
f 1663/1782/6721 1664/1783/6722 1704/1824/6723 1703/1823/6724
f 1664/1783/6725 1665/1784/6726 1705/1825/6727 1704/1824/6728
f 1665/1784/6729 1666/1785/6730 1706/1826/6731 1705/1825/6732
f 1666/1785/6733 1667/1786/6734 1707/1827/6735 1706/1826/6736
f 1667/1786/6737 1668/1787/6738 1708/1828/6739 1707/1827/6740
f 1668/1787/6741 1669/1788/6742 1709/1829/6743 1708/1828/6744
f 1669/1788/6745 1670/1789/6746 1710/1830/6747 1709/1829/6748
f 1670/1789/6749 1671/1790/6750 1711/1831/6751 1710/1830/6752
f 1671/1790/6753 1672/1791/6754 1712/1832/6755 1711/1831/6756
f 1672/1791/6757 1673/1792/6758 1713/1833/6759 1712/1832/6760
f 1673/1792/6761 1674/1793/6762 1714/1834/6763 1713/1833/6764
f 1674/1793/6765 1675/1794/6766 1715/1835/6767 1714/1834/6768
f 1675/1794/6769 1676/1795/6770 1716/1836/6771 1715/1835/6772
f 1676/1795/6773 1677/1796/6774 1717/1837/6775 1716/1836/6776
f 1677/1796/6777 1678/1797/6778 1718/1838/6779 1717/1837/6780
f 1678/1797/6781 1679/1798/6782 1719/1839/6783 1718/1838/6784
f 1679/1798/6785 1680/1799/6786 1720/1840/6787 1719/1839/6788
f 1680/1799/6789 1681/1800/6790 1721/1841/6791 1720/1840/6792
f 1681/1800/6793 1682/1801/6794 1722/1842/6795 1721/1841/6796
f 1682/1801/6797 1643/1802/6798 1683/1843/6799 1722/1842/6800
f 1683/1804/6801 1684/1803/6802 1724/1844/6803 1723/1845/6804
f 1684/1803/6805 1685/1805/6806 1725/1846/6807 1724/1844/6808
f 1685/1805/6809 1686/1806/6810 1726/1847/6811 1725/1846/6812
f 1686/1806/6813 1687/1807/6814 1727/1848/6815 1726/1847/6816
f 1687/1807/6817 1688/1808/6818 1728/1849/6819 1727/1848/6820
f 1688/1808/6821 1689/1809/6822 1729/1850/6823 1728/1849/6824
f 1689/1809/6825 1690/1810/6826 1730/1851/6827 1729/1850/6828
f 1690/1810/6829 1691/1811/6830 1731/1852/6831 1730/1851/6832
f 1691/1811/6833 1692/1812/6834 1732/1853/6835 1731/1852/6836
f 1692/1812/6837 1693/1813/6838 1733/1854/6839 1732/1853/6840
f 1693/1813/6841 1694/1814/6842 1734/1855/6843 1733/1854/6844
f 1694/1814/6845 1695/1815/6846 1735/1856/6847 1734/1855/6848
f 1695/1815/6849 1696/1816/6850 1736/1857/6851 1735/1856/6852
f 1696/1816/6853 1697/1817/6854 1737/1858/6855 1736/1857/6856
f 1697/1817/6857 1698/1818/6858 1738/1859/6859 1737/1858/6860
f 1698/1818/6861 1699/1819/6862 1739/1860/6863 1738/1859/6864
f 1699/1819/6865 1700/1820/6866 1740/1861/6867 1739/1860/6868
f 1700/1820/6869 1701/1821/6870 1741/1862/6871 1740/1861/6872
f 1701/1821/6873 1702/1822/6874 1742/1863/6875 1741/1862/6876
f 1702/1822/6877 1703/1823/6878 1743/1864/6879 1742/1863/6880
f 1703/1823/6881 1704/1824/6882 1744/1865/6883 1743/1864/6884
f 1704/1824/6885 1705/1825/6886 1745/1866/6887 1744/1865/6888
f 1705/1825/6889 1706/1826/6890 1746/1867/6891 1745/1866/6892
f 1706/1826/6893 1707/1827/6894 1747/1868/6895 1746/1867/6896
f 1707/1827/6897 1708/1828/6898 1748/1869/6899 1747/1868/6900
f 1708/1828/6901 1709/1829/6902 1749/1870/6903 1748/1869/6904
f 1709/1829/6905 1710/1830/6906 1750/1871/6907 1749/1870/6908
f 1710/1830/6909 1711/1831/6910 1751/1872/6911 1750/1871/6912
f 1711/1831/6913 1712/1832/6914 1752/1873/6915 1751/1872/6916
f 1712/1832/6917 1713/1833/6918 1753/1874/6919 1752/1873/6920
f 1713/1833/6921 1714/1834/6922 1754/1875/6923 1753/1874/6924
f 1714/1834/6925 1715/1835/6926 1755/1876/6927 1754/1875/6928
f 1715/1835/6929 1716/1836/6930 1756/1877/6931 1755/1876/6932
f 1716/1836/6933 1717/1837/6934 1757/1878/6935 1756/1877/6936
f 1717/1837/6937 1718/1838/6938 1758/1879/6939 1757/1878/6940
f 1718/1838/6941 1719/1839/6942 1759/1880/6943 1758/1879/6944
f 1719/1839/6945 1720/1840/6946 1760/1881/6947 1759/1880/6948
f 1720/1840/6949 1721/1841/6950 1761/1882/6951 1760/1881/6952
f 1721/1841/6953 1722/1842/6954 1762/1883/6955 1761/1882/6956
f 1722/1842/6957 1683/1843/6958 1723/1884/6959 1762/1883/6960
f 1723/1845/6961 1724/1844/6962 1764/1885/6963 1763/1886/6964
f 1724/1844/6965 1725/1846/6966 1765/1887/6967 1764/1885/6968
f 1725/1846/6969 1726/1847/6970 1766/1888/6971 1765/1887/6972
f 1726/1847/6973 1727/1848/6974 1767/1889/6975 1766/1888/6976
f 1727/1848/6977 1728/1849/6978 1768/1890/6979 1767/1889/6980
f 1728/1849/6981 1729/1850/6982 1769/1891/6983 1768/1890/6984
f 1729/1850/6985 1730/1851/6986 1770/1892/6987 1769/1891/6988
f 1730/1851/6989 1731/1852/6990 1771/1893/6991 1770/1892/6992
f 1731/1852/6993 1732/1853/6994 1772/1894/6995 1771/1893/6996
f 1732/1853/6997 1733/1854/6998 1773/1895/6999 1772/1894/7000
f 1733/1854/7001 1734/1855/7002 1774/1896/7003 1773/1895/7004
f 1734/1855/7005 1735/1856/7006 1775/1897/7007 1774/1896/7008
f 1735/1856/7009 1736/1857/7010 1776/1898/7011 1775/1897/7012
f 1736/1857/7013 1737/1858/7014 1777/1899/7015 1776/1898/7016
f 1737/1858/7017 1738/1859/7018 1778/1900/7019 1777/1899/7020
f 1738/1859/7021 1739/1860/7022 1779/1901/7023 1778/1900/7024
f 1739/1860/7025 1740/1861/7026 1780/1902/7027 1779/1901/7028
f 1740/1861/7029 1741/1862/7030 1781/1903/7031 1780/1902/7032
f 1741/1862/7033 1742/1863/7034 1782/1904/7035 1781/1903/7036
f 1742/1863/7037 1743/1864/7038 1783/1905/7039 1782/1904/7040
f 1743/1864/7041 1744/1865/7042 1784/1906/7043 1783/1905/7044
f 1744/1865/7045 1745/1866/7046 1785/1907/7047 1784/1906/7048
f 1745/1866/7049 1746/1867/7050 1786/1908/7051 1785/1907/7052
f 1746/1867/7053 1747/1868/7054 1787/1909/7055 1786/1908/7056
f 1747/1868/7057 1748/1869/7058 1788/1910/7059 1787/1909/7060
f 1748/1869/7061 1749/1870/7062 1789/1911/7063 1788/1910/7064
f 1749/1870/7065 1750/1871/7066 1790/1912/7067 1789/1911/7068
f 1750/1871/7069 1751/1872/7070 1791/1913/7071 1790/1912/7072
f 1751/1872/7073 1752/1873/7074 1792/1914/7075 1791/1913/7076
f 1752/1873/7077 1753/1874/7078 1793/1915/7079 1792/1914/7080
f 1753/1874/7081 1754/1875/7082 1794/1916/7083 1793/1915/7084
f 1754/1875/7085 1755/1876/7086 1795/1917/7087 1794/1916/7088
f 1755/1876/7089 1756/1877/7090 1796/1918/7091 1795/1917/7092
f 1756/1877/7093 1757/1878/7094 1797/1919/7095 1796/1918/7096
f 1757/1878/7097 1758/1879/7098 1798/1920/7099 1797/1919/7100
f 1758/1879/7101 1759/1880/7102 1799/1921/7103 1798/1920/7104
f 1759/1880/7105 1760/1881/7106 1800/1922/7107 1799/1921/7108
f 1760/1881/7109 1761/1882/7110 1801/1923/7111 1800/1922/7112
f 1761/1882/7113 1762/1883/7114 1802/1924/7115 1801/1923/7116
f 1762/1883/7117 1723/1884/7118 1763/1925/7119 1802/1924/7120
f 1763/1886/7121 1764/1885/7122 1804/1926/7123 1803/1927/7124
f 1764/1885/7125 1765/1887/7126 1805/1928/7127 1804/1926/7128
f 1765/1887/7129 1766/1888/7130 1806/1929/7131 1805/1928/7132
f 1766/1888/7133 1767/1889/7134 1807/1930/7135 1806/1929/7136
f 1767/1889/7137 1768/1890/7138 1808/1931/7139 1807/1930/7140
f 1768/1890/7141 1769/1891/7142 1809/1932/7143 1808/1931/7144
f 1769/1891/7145 1770/1892/7146 1810/1933/7147 1809/1932/7148
f 1770/1892/7149 1771/1893/7150 1811/1934/7151 1810/1933/7152
f 1771/1893/7153 1772/1894/7154 1812/1935/7155 1811/1934/7156
f 1772/1894/7157 1773/1895/7158 1813/1936/7159 1812/1935/7160
f 1773/1895/7161 1774/1896/7162 1814/1937/7163 1813/1936/7164
f 1774/1896/7165 1775/1897/7166 1815/1938/7167 1814/1937/7168
f 1775/1897/7169 1776/1898/7170 1816/1939/7171 1815/1938/7172
f 1776/1898/7173 1777/1899/7174 1817/1940/7175 1816/1939/7176
f 1777/1899/7177 1778/1900/7178 1818/1941/7179 1817/1940/7180
f 1778/1900/7181 1779/1901/7182 1819/1942/7183 1818/1941/7184
f 1779/1901/7185 1780/1902/7186 1820/1943/7187 1819/1942/7188
f 1780/1902/7189 1781/1903/7190 1821/1944/7191 1820/1943/7192
f 1781/1903/7193 1782/1904/7194 1822/1945/7195 1821/1944/7196
f 1782/1904/7197 1783/1905/7198 1823/1946/7199 1822/1945/7200
f 1783/1905/7201 1784/1906/7202 1824/1947/7203 1823/1946/7204
f 1784/1906/7205 1785/1907/7206 1825/1948/7207 1824/1947/7208
f 1785/1907/7209 1786/1908/7210 1826/1949/7211 1825/1948/7212
f 1786/1908/7213 1787/1909/7214 1827/1950/7215 1826/1949/7216
f 1787/1909/7217 1788/1910/7218 1828/1951/7219 1827/1950/7220
f 1788/1910/7221 1789/1911/7222 1829/1952/7223 1828/1951/7224
f 1789/1911/7225 1790/1912/7226 1830/1953/7227 1829/1952/7228
f 1790/1912/7229 1791/1913/7230 1831/1954/7231 1830/1953/7232
f 1791/1913/7233 1792/1914/7234 1832/1955/7235 1831/1954/7236
f 1792/1914/7237 1793/1915/7238 1833/1956/7239 1832/1955/7240
f 1793/1915/7241 1794/1916/7242 1834/1957/7243 1833/1956/7244
f 1794/1916/7245 1795/1917/7246 1835/1958/7247 1834/1957/7248
f 1795/1917/7249 1796/1918/7250 1836/1959/7251 1835/1958/7252
f 1796/1918/7253 1797/1919/7254 1837/1960/7255 1836/1959/7256
f 1797/1919/7257 1798/1920/7258 1838/1961/7259 1837/1960/7260
f 1798/1920/7261 1799/1921/7262 1839/1962/7263 1838/1961/7264
f 1799/1921/7265 1800/1922/7266 1840/1963/7267 1839/1962/7268
f 1800/1922/7269 1801/1923/7270 1841/1964/7271 1840/1963/7272
f 1801/1923/7273 1802/1924/7274 1842/1965/7275 1841/1964/7276
f 1802/1924/7277 1763/1925/7278 1803/1966/7279 1842/1965/7280
f 1803/1927/7281 1804/1926/7282 1844/1967/7283 1843/1968/7284
f 1804/1926/7285 1805/1928/7286 1845/1969/7287 1844/1967/7288
f 1805/1928/7289 1806/1929/7290 1846/1970/7291 1845/1969/7292
f 1806/1929/7293 1807/1930/7294 1847/1971/7295 1846/1970/7296
f 1807/1930/7297 1808/1931/7298 1848/1972/7299 1847/1971/7300
f 1808/1931/7301 1809/1932/7302 1849/1973/7303 1848/1972/7304
f 1809/1932/7305 1810/1933/7306 1850/1974/7307 1849/1973/7308
f 1810/1933/7309 1811/1934/7310 1851/1975/7311 1850/1974/7312
f 1811/1934/7313 1812/1935/7314 1852/1976/7315 1851/1975/7316
f 1812/1935/7317 1813/1936/7318 1853/1977/7319 1852/1976/7320
f 1813/1936/7321 1814/1937/7322 1854/1978/7323 1853/1977/7324
f 1814/1937/7325 1815/1938/7326 1855/1979/7327 1854/1978/7328
f 1815/1938/7329 1816/1939/7330 1856/1980/7331 1855/1979/7332
f 1816/1939/7333 1817/1940/7334 1857/1981/7335 1856/1980/7336
f 1817/1940/7337 1818/1941/7338 1858/1982/7339 1857/1981/7340
f 1818/1941/7341 1819/1942/7342 1859/1983/7343 1858/1982/7344
f 1819/1942/7345 1820/1943/7346 1860/1984/7347 1859/1983/7348
f 1820/1943/7349 1821/1944/7350 1861/1985/7351 1860/1984/7352
f 1821/1944/7353 1822/1945/7354 1862/1986/7355 1861/1985/7356
f 1822/1945/7357 1823/1946/7358 1863/1987/7359 1862/1986/7360
f 1823/1946/7361 1824/1947/7362 1864/1988/7363 1863/1987/7364
f 1824/1947/7365 1825/1948/7366 1865/1989/7367 1864/1988/7368
f 1825/1948/7369 1826/1949/7370 1866/1990/7371 1865/1989/7372
f 1826/1949/7373 1827/1950/7374 1867/1991/7375 1866/1990/7376
f 1827/1950/7377 1828/1951/7378 1868/1992/7379 1867/1991/7380
f 1828/1951/7381 1829/1952/7382 1869/1993/7383 1868/1992/7384
f 1829/1952/7385 1830/1953/7386 1870/1994/7387 1869/1993/7388
f 1830/1953/7389 1831/1954/7390 1871/1995/7391 1870/1994/7392
f 1831/1954/7393 1832/1955/7394 1872/1996/7395 1871/1995/7396
f 1832/1955/7397 1833/1956/7398 1873/1997/7399 1872/1996/7400
f 1833/1956/7401 1834/1957/7402 1874/1998/7403 1873/1997/7404
f 1834/1957/7405 1835/1958/7406 1875/1999/7407 1874/1998/7408
f 1835/1958/7409 1836/1959/7410 1876/2000/7411 1875/1999/7412
f 1836/1959/7413 1837/1960/7414 1877/2001/7415 1876/2000/7416
f 1837/1960/7417 1838/1961/7418 1878/2002/7419 1877/2001/7420
f 1838/1961/7421 1839/1962/7422 1879/2003/7423 1878/2002/7424
f 1839/1962/7425 1840/1963/7426 1880/2004/7427 1879/2003/7428
f 1840/1963/7429 1841/1964/7430 1881/2005/7431 1880/2004/7432
f 1841/1964/7433 1842/1965/7434 1882/2006/7435 1881/2005/7436
f 1842/1965/7437 1803/1966/7438 1843/2007/7439 1882/2006/7440
f 1843/1968/7441 1844/1967/7442 1884/2008/7443 1883/2009/7444
f 1844/1967/7445 1845/1969/7446 1885/2010/7447 1884/2008/7448
f 1845/1969/7449 1846/1970/7450 1886/2011/7451 1885/2010/7452
f 1846/1970/7453 1847/1971/7454 1887/2012/7455 1886/2011/7456
f 1847/1971/7457 1848/1972/7458 1888/2013/7459 1887/2012/7460
f 1848/1972/7461 1849/1973/7462 1889/2014/7463 1888/2013/7464
f 1849/1973/7465 1850/1974/7466 1890/2015/7467 1889/2014/7468
f 1850/1974/7469 1851/1975/7470 1891/2016/7471 1890/2015/7472
f 1851/1975/7473 1852/1976/7474 1892/2017/7475 1891/2016/7476
f 1852/1976/7477 1853/1977/7478 1893/2018/7479 1892/2017/7480
f 1853/1977/7481 1854/1978/7482 1894/2019/7483 1893/2018/7484
f 1854/1978/7485 1855/1979/7486 1895/2020/7487 1894/2019/7488
f 1855/1979/7489 1856/1980/7490 1896/2021/7491 1895/2020/7492
f 1856/1980/7493 1857/1981/7494 1897/2022/7495 1896/2021/7496
f 1857/1981/7497 1858/1982/7498 1898/2023/7499 1897/2022/7500
f 1858/1982/7501 1859/1983/7502 1899/2024/7503 1898/2023/7504
f 1859/1983/7505 1860/1984/7506 1900/2025/7507 1899/2024/7508
f 1860/1984/7509 1861/1985/7510 1901/2026/7511 1900/2025/7512
f 1861/1985/7513 1862/1986/7514 1902/2027/7515 1901/2026/7516
f 1862/1986/7517 1863/1987/7518 1903/2028/7519 1902/2027/7520
f 1863/1987/7521 1864/1988/7522 1904/2029/7523 1903/2028/7524
f 1864/1988/7525 1865/1989/7526 1905/2030/7527 1904/2029/7528
f 1865/1989/7529 1866/1990/7530 1906/2031/7531 1905/2030/7532
f 1866/1990/7533 1867/1991/7534 1907/2032/7535 1906/2031/7536
f 1867/1991/7537 1868/1992/7538 1908/2033/7539 1907/2032/7540
f 1868/1992/7541 1869/1993/7542 1909/2034/7543 1908/2033/7544
f 1869/1993/7545 1870/1994/7546 1910/2035/7547 1909/2034/7548
f 1870/1994/7549 1871/1995/7550 1911/2036/7551 1910/2035/7552
f 1871/1995/7553 1872/1996/7554 1912/2037/7555 1911/2036/7556
f 1872/1996/7557 1873/1997/7558 1913/2038/7559 1912/2037/7560
f 1873/1997/7561 1874/1998/7562 1914/2039/7563 1913/2038/7564
f 1874/1998/7565 1875/1999/7566 1915/2040/7567 1914/2039/7568
f 1875/1999/7569 1876/2000/7570 1916/2041/7571 1915/2040/7572
f 1876/2000/7573 1877/2001/7574 1917/2042/7575 1916/2041/7576
f 1877/2001/7577 1878/2002/7578 1918/2043/7579 1917/2042/7580
f 1878/2002/7581 1879/2003/7582 1919/2044/7583 1918/2043/7584
f 1879/2003/7585 1880/2004/7586 1920/2045/7587 1919/2044/7588
f 1880/2004/7589 1881/2005/7590 1921/2046/7591 1920/2045/7592
f 1881/2005/7593 1882/2006/7594 1922/2047/7595 1921/2046/7596
f 1882/2006/7597 1843/2007/7598 1883/2048/7599 1922/2047/7600
f 1883/2009/7601 1884/2008/7602 1924/2049/7603 1923/2050/7604
f 1884/2008/7605 1885/2010/7606 1925/2051/7607 1924/2049/7608
f 1885/2010/7609 1886/2011/7610 1926/2052/7611 1925/2051/7612
f 1886/2011/7613 1887/2012/7614 1927/2053/7615 1926/2052/7616
f 1887/2012/7617 1888/2013/7618 1928/2054/7619 1927/2053/7620
f 1888/2013/7621 1889/2014/7622 1929/2055/7623 1928/2054/7624
f 1889/2014/7625 1890/2015/7626 1930/2056/7627 1929/2055/7628
f 1890/2015/7629 1891/2016/7630 1931/2057/7631 1930/2056/7632
f 1891/2016/7633 1892/2017/7634 1932/2058/7635 1931/2057/7636
f 1892/2017/7637 1893/2018/7638 1933/2059/7639 1932/2058/7640
f 1893/2018/7641 1894/2019/7642 1934/2060/7643 1933/2059/7644
f 1894/2019/7645 1895/2020/7646 1935/2061/7647 1934/2060/7648
f 1895/2020/7649 1896/2021/7650 1936/2062/7651 1935/2061/7652
f 1896/2021/7653 1897/2022/7654 1937/2063/7655 1936/2062/7656
f 1897/2022/7657 1898/2023/7658 1938/2064/7659 1937/2063/7660
f 1898/2023/7661 1899/2024/7662 1939/2065/7663 1938/2064/7664
f 1899/2024/7665 1900/2025/7666 1940/2066/7667 1939/2065/7668
f 1900/2025/7669 1901/2026/7670 1941/2067/7671 1940/2066/7672
f 1901/2026/7673 1902/2027/7674 1942/2068/7675 1941/2067/7676
f 1902/2027/7677 1903/2028/7678 1943/2069/7679 1942/2068/7680
f 1903/2028/7681 1904/2029/7682 1944/2070/7683 1943/2069/7684
f 1904/2029/7685 1905/2030/7686 1945/2071/7687 1944/2070/7688
f 1905/2030/7689 1906/2031/7690 1946/2072/7691 1945/2071/7692
f 1906/2031/7693 1907/2032/7694 1947/2073/7695 1946/2072/7696
f 1907/2032/7697 1908/2033/7698 1948/2074/7699 1947/2073/7700
f 1908/2033/7701 1909/2034/7702 1949/2075/7703 1948/2074/7704
f 1909/2034/7705 1910/2035/7706 1950/2076/7707 1949/2075/7708
f 1910/2035/7709 1911/2036/7710 1951/2077/7711 1950/2076/7712
f 1911/2036/7713 1912/2037/7714 1952/2078/7715 1951/2077/7716
f 1912/2037/7717 1913/2038/7718 1953/2079/7719 1952/2078/7720
f 1913/2038/7721 1914/2039/7722 1954/2080/7723 1953/2079/7724
f 1914/2039/7725 1915/2040/7726 1955/2081/7727 1954/2080/7728
f 1915/2040/7729 1916/2041/7730 1956/2082/7731 1955/2081/7732
f 1916/2041/7733 1917/2042/7734 1957/2083/7735 1956/2082/7736
f 1917/2042/7737 1918/2043/7738 1958/2084/7739 1957/2083/7740
f 1918/2043/7741 1919/2044/7742 1959/2085/7743 1958/2084/7744
f 1919/2044/7745 1920/2045/7746 1960/2086/7747 1959/2085/7748
f 1920/2045/7749 1921/2046/7750 1961/2087/7751 1960/2086/7752
f 1921/2046/7753 1922/2047/7754 1962/2088/7755 1961/2087/7756
f 1922/2047/7757 1883/2048/7758 1923/2089/7759 1962/2088/7760
f 1923/2050/7761 1924/2049/7762 1964/2090/7763 1963/2091/7764
f 1924/2049/7765 1925/2051/7766 1965/2092/7767 1964/2090/7768
f 1925/2051/7769 1926/2052/7770 1966/2093/7771 1965/2092/7772
f 1926/2052/7773 1927/2053/7774 1967/2094/7775 1966/2093/7776
f 1927/2053/7777 1928/2054/7778 1968/2095/7779 1967/2094/7780
f 1928/2054/7781 1929/2055/7782 1969/2096/7783 1968/2095/7784
f 1929/2055/7785 1930/2056/7786 1970/2097/7787 1969/2096/7788
f 1930/2056/7789 1931/2057/7790 1971/2098/7791 1970/2097/7792
f 1931/2057/7793 1932/2058/7794 1972/2099/7795 1971/2098/7796
f 1932/2058/7797 1933/2059/7798 1973/2100/7799 1972/2099/7800
f 1933/2059/7801 1934/2060/7802 1974/2101/7803 1973/2100/7804
f 1934/2060/7805 1935/2061/7806 1975/2102/7807 1974/2101/7808
f 1935/2061/7809 1936/2062/7810 1976/2103/7811 1975/2102/7812
f 1936/2062/7813 1937/2063/7814 1977/2104/7815 1976/2103/7816
f 1937/2063/7817 1938/2064/7818 1978/2105/7819 1977/2104/7820
f 1938/2064/7821 1939/2065/7822 1979/2106/7823 1978/2105/7824
f 1939/2065/7825 1940/2066/7826 1980/2107/7827 1979/2106/7828
f 1940/2066/7829 1941/2067/7830 1981/2108/7831 1980/2107/7832
f 1941/2067/7833 1942/2068/7834 1982/2109/7835 1981/2108/7836
f 1942/2068/7837 1943/2069/7838 1983/2110/7839 1982/2109/7840
f 1943/2069/7841 1944/2070/7842 1984/2111/7843 1983/2110/7844
f 1944/2070/7845 1945/2071/7846 1985/2112/7847 1984/2111/7848
f 1945/2071/7849 1946/2072/7850 1986/2113/7851 1985/2112/7852
f 1946/2072/7853 1947/2073/7854 1987/2114/7855 1986/2113/7856
f 1947/2073/7857 1948/2074/7858 1988/2115/7859 1987/2114/7860
f 1948/2074/7861 1949/2075/7862 1989/2116/7863 1988/2115/7864
f 1949/2075/7865 1950/2076/7866 1990/2117/7867 1989/2116/7868
f 1950/2076/7869 1951/2077/7870 1991/2118/7871 1990/2117/7872
f 1951/2077/7873 1952/2078/7874 1992/2119/7875 1991/2118/7876
f 1952/2078/7877 1953/2079/7878 1993/2120/7879 1992/2119/7880
f 1953/2079/7881 1954/2080/7882 1994/2121/7883 1993/2120/7884
f 1954/2080/7885 1955/2081/7886 1995/2122/7887 1994/2121/7888
f 1955/2081/7889 1956/2082/7890 1996/2123/7891 1995/2122/7892
f 1956/2082/7893 1957/2083/7894 1997/2124/7895 1996/2123/7896
f 1957/2083/7897 1958/2084/7898 1998/2125/7899 1997/2124/7900
f 1958/2084/7901 1959/2085/7902 1999/2126/7903 1998/2125/7904
f 1959/2085/7905 1960/2086/7906 2000/2127/7907 1999/2126/7908
f 1960/2086/7909 1961/2087/7910 2001/2128/7911 2000/2127/7912
f 1961/2087/7913 1962/2088/7914 2002/2129/7915 2001/2128/7916
f 1962/2088/7917 1923/2089/7918 1963/2130/7919 2002/2129/7920
f 1963/2091/7921 1964/2090/7922 2004/2131/7923 2003/2132/7924
f 1964/2090/7925 1965/2092/7926 2005/2133/7927 2004/2131/7928
f 1965/2092/7929 1966/2093/7930 2006/2134/7931 2005/2133/7932
f 1966/2093/7933 1967/2094/7934 2007/2135/7935 2006/2134/7936
f 1967/2094/7937 1968/2095/7938 2008/2136/7939 2007/2135/7940
f 1968/2095/7941 1969/2096/7942 2009/2137/7943 2008/2136/7944
f 1969/2096/7945 1970/2097/7946 2010/2138/7947 2009/2137/7948
f 1970/2097/7949 1971/2098/7950 2011/2139/7951 2010/2138/7952
f 1971/2098/7953 1972/2099/7954 2012/2140/7955 2011/2139/7956
f 1972/2099/7957 1973/2100/7958 2013/2141/7959 2012/2140/7960
f 1973/2100/7961 1974/2101/7962 2014/2142/7963 2013/2141/7964
f 1974/2101/7965 1975/2102/7966 2015/2143/7967 2014/2142/7968
f 1975/2102/7969 1976/2103/7970 2016/2144/7971 2015/2143/7972
f 1976/2103/7973 1977/2104/7974 2017/2145/7975 2016/2144/7976
f 1977/2104/7977 1978/2105/7978 2018/2146/7979 2017/2145/7980
f 1978/2105/7981 1979/2106/7982 2019/2147/7983 2018/2146/7984
f 1979/2106/7985 1980/2107/7986 2020/2148/7987 2019/2147/7988
f 1980/2107/7989 1981/2108/7990 2021/2149/7991 2020/2148/7992
f 1981/2108/7993 1982/2109/7994 2022/2150/7995 2021/2149/7996
f 1982/2109/7997 1983/2110/7998 2023/2151/7999 2022/2150/8000
f 1983/2110/8001 1984/2111/8002 2024/2152/8003 2023/2151/8004
f 1984/2111/8005 1985/2112/8006 2025/2153/8007 2024/2152/8008
f 1985/2112/8009 1986/2113/8010 2026/2154/8011 2025/2153/8012
f 1986/2113/8013 1987/2114/8014 2027/2155/8015 2026/2154/8016
f 1987/2114/8017 1988/2115/8018 2028/2156/8019 2027/2155/8020
f 1988/2115/8021 1989/2116/8022 2029/2157/8023 2028/2156/8024
f 1989/2116/8025 1990/2117/8026 2030/2158/8027 2029/2157/8028
f 1990/2117/8029 1991/2118/8030 2031/2159/8031 2030/2158/8032
f 1991/2118/8033 1992/2119/8034 2032/2160/8035 2031/2159/8036
f 1992/2119/8037 1993/2120/8038 2033/2161/8039 2032/2160/8040
f 1993/2120/8041 1994/2121/8042 2034/2162/8043 2033/2161/8044
f 1994/2121/8045 1995/2122/8046 2035/2163/8047 2034/2162/8048
f 1995/2122/8049 1996/2123/8050 2036/2164/8051 2035/2163/8052
f 1996/2123/8053 1997/2124/8054 2037/2165/8055 2036/2164/8056
f 1997/2124/8057 1998/2125/8058 2038/2166/8059 2037/2165/8060
f 1998/2125/8061 1999/2126/8062 2039/2167/8063 2038/2166/8064
f 1999/2126/8065 2000/2127/8066 2040/2168/8067 2039/2167/8068
f 2000/2127/8069 2001/2128/8070 2041/2169/8071 2040/2168/8072
f 2001/2128/8073 2002/2129/8074 2042/2170/8075 2041/2169/8076
f 2002/2129/8077 1963/2130/8078 2003/2171/8079 2042/2170/8080
f 2003/2132/8081 2004/2131/8082 2044/2172/8083 2043/2173/8084
f 2004/2131/8085 2005/2133/8086 2045/2174/8087 2044/2172/8088
f 2005/2133/8089 2006/2134/8090 2046/2175/8091 2045/2174/8092
f 2006/2134/8093 2007/2135/8094 2047/2176/8095 2046/2175/8096
f 2007/2135/8097 2008/2136/8098 2048/2177/8099 2047/2176/8100
f 2008/2136/8101 2009/2137/8102 2049/2178/8103 2048/2177/8104
f 2009/2137/8105 2010/2138/8106 2050/2179/8107 2049/2178/8108
f 2010/2138/8109 2011/2139/8110 2051/2180/8111 2050/2179/8112
f 2011/2139/8113 2012/2140/8114 2052/2181/8115 2051/2180/8116
f 2012/2140/8117 2013/2141/8118 2053/2182/8119 2052/2181/8120
f 2013/2141/8121 2014/2142/8122 2054/2183/8123 2053/2182/8124
f 2014/2142/8125 2015/2143/8126 2055/2184/8127 2054/2183/8128
f 2015/2143/8129 2016/2144/8130 2056/2185/8131 2055/2184/8132
f 2016/2144/8133 2017/2145/8134 2057/2186/8135 2056/2185/8136
f 2017/2145/8137 2018/2146/8138 2058/2187/8139 2057/2186/8140
f 2018/2146/8141 2019/2147/8142 2059/2188/8143 2058/2187/8144
f 2019/2147/8145 2020/2148/8146 2060/2189/8147 2059/2188/8148
f 2020/2148/8149 2021/2149/8150 2061/2190/8151 2060/2189/8152
f 2021/2149/8153 2022/2150/8154 2062/2191/8155 2061/2190/8156
f 2022/2150/8157 2023/2151/8158 2063/2192/8159 2062/2191/8160
f 2023/2151/8161 2024/2152/8162 2064/2193/8163 2063/2192/8164
f 2024/2152/8165 2025/2153/8166 2065/2194/8167 2064/2193/8168
f 2025/2153/8169 2026/2154/8170 2066/2195/8171 2065/2194/8172
f 2026/2154/8173 2027/2155/8174 2067/2196/8175 2066/2195/8176
f 2027/2155/8177 2028/2156/8178 2068/2197/8179 2067/2196/8180
f 2028/2156/8181 2029/2157/8182 2069/2198/8183 2068/2197/8184
f 2029/2157/8185 2030/2158/8186 2070/2199/8187 2069/2198/8188
f 2030/2158/8189 2031/2159/8190 2071/2200/8191 2070/2199/8192
f 2031/2159/8193 2032/2160/8194 2072/2201/8195 2071/2200/8196
f 2032/2160/8197 2033/2161/8198 2073/2202/8199 2072/2201/8200
f 2033/2161/8201 2034/2162/8202 2074/2203/8203 2073/2202/8204
f 2034/2162/8205 2035/2163/8206 2075/2204/8207 2074/2203/8208
f 2035/2163/8209 2036/2164/8210 2076/2205/8211 2075/2204/8212
f 2036/2164/8213 2037/2165/8214 2077/2206/8215 2076/2205/8216
f 2037/2165/8217 2038/2166/8218 2078/2207/8219 2077/2206/8220
f 2038/2166/8221 2039/2167/8222 2079/2208/8223 2078/2207/8224
f 2039/2167/8225 2040/2168/8226 2080/2209/8227 2079/2208/8228
f 2040/2168/8229 2041/2169/8230 2081/2210/8231 2080/2209/8232
f 2041/2169/8233 2042/2170/8234 2082/2211/8235 2081/2210/8236
f 2042/2170/8237 2003/2171/8238 2043/2212/8239 2082/2211/8240
f 2043/2173/8241 2044/2172/8242 2084/2213/8243 2083/2214/8244
f 2044/2172/8245 2045/2174/8246 2085/2215/8247 2084/2213/8248
f 2045/2174/8249 2046/2175/8250 2086/2216/8251 2085/2215/8252
f 2046/2175/8253 2047/2176/8254 2087/2217/8255 2086/2216/8256
f 2047/2176/8257 2048/2177/8258 2088/2218/8259 2087/2217/8260
f 2048/2177/8261 2049/2178/8262 2089/2219/8263 2088/2218/8264
f 2049/2178/8265 2050/2179/8266 2090/2220/8267 2089/2219/8268
f 2050/2179/8269 2051/2180/8270 2091/2221/8271 2090/2220/8272
f 2051/2180/8273 2052/2181/8274 2092/2222/8275 2091/2221/8276
f 2052/2181/8277 2053/2182/8278 2093/2223/8279 2092/2222/8280
f 2053/2182/8281 2054/2183/8282 2094/2224/8283 2093/2223/8284
f 2054/2183/8285 2055/2184/8286 2095/2225/8287 2094/2224/8288
f 2055/2184/8289 2056/2185/8290 2096/2226/8291 2095/2225/8292
f 2056/2185/8293 2057/2186/8294 2097/2227/8295 2096/2226/8296
f 2057/2186/8297 2058/2187/8298 2098/2228/8299 2097/2227/8300
f 2058/2187/8301 2059/2188/8302 2099/2229/8303 2098/2228/8304
f 2059/2188/8305 2060/2189/8306 2100/2230/8307 2099/2229/8308
f 2060/2189/8309 2061/2190/8310 2101/2231/8311 2100/2230/8312
f 2061/2190/8313 2062/2191/8314 2102/2232/8315 2101/2231/8316
f 2062/2191/8317 2063/2192/8318 2103/2233/8319 2102/2232/8320
f 2063/2192/8321 2064/2193/8322 2104/2234/8323 2103/2233/8324
f 2064/2193/8325 2065/2194/8326 2105/2235/8327 2104/2234/8328
f 2065/2194/8329 2066/2195/8330 2106/2236/8331 2105/2235/8332
f 2066/2195/8333 2067/2196/8334 2107/2237/8335 2106/2236/8336
f 2067/2196/8337 2068/2197/8338 2108/2238/8339 2107/2237/8340
f 2068/2197/8341 2069/2198/8342 2109/2239/8343 2108/2238/8344
f 2069/2198/8345 2070/2199/8346 2110/2240/8347 2109/2239/8348
f 2070/2199/8349 2071/2200/8350 2111/2241/8351 2110/2240/8352
f 2071/2200/8353 2072/2201/8354 2112/2242/8355 2111/2241/8356
f 2072/2201/8357 2073/2202/8358 2113/2243/8359 2112/2242/8360
f 2073/2202/8361 2074/2203/8362 2114/2244/8363 2113/2243/8364
f 2074/2203/8365 2075/2204/8366 2115/2245/8367 2114/2244/8368
f 2075/2204/8369 2076/2205/8370 2116/2246/8371 2115/2245/8372
f 2076/2205/8373 2077/2206/8374 2117/2247/8375 2116/2246/8376
f 2077/2206/8377 2078/2207/8378 2118/2248/8379 2117/2247/8380
f 2078/2207/8381 2079/2208/8382 2119/2249/8383 2118/2248/8384
f 2079/2208/8385 2080/2209/8386 2120/2250/8387 2119/2249/8388
f 2080/2209/8389 2081/2210/8390 2121/2251/8391 2120/2250/8392
f 2081/2210/8393 2082/2211/8394 2122/2252/8395 2121/2251/8396
f 2082/2211/8397 2043/2212/8398 2083/2253/8399 2122/2252/8400
f 2083/2214/8401 2084/2213/8402 2124/2254/8403 2123/2255/8404
f 2084/2213/8405 2085/2215/8406 2125/2256/8407 2124/2254/8408
f 2085/2215/8409 2086/2216/8410 2126/2257/8411 2125/2256/8412
f 2086/2216/8413 2087/2217/8414 2127/2258/8415 2126/2257/8416
f 2087/2217/8417 2088/2218/8418 2128/2259/8419 2127/2258/8420
f 2088/2218/8421 2089/2219/8422 2129/2260/8423 2128/2259/8424
f 2089/2219/8425 2090/2220/8426 2130/2261/8427 2129/2260/8428
f 2090/2220/8429 2091/2221/8430 2131/2262/8431 2130/2261/8432
f 2091/2221/8433 2092/2222/8434 2132/2263/8435 2131/2262/8436
f 2092/2222/8437 2093/2223/8438 2133/2264/8439 2132/2263/8440
f 2093/2223/8441 2094/2224/8442 2134/2265/8443 2133/2264/8444
f 2094/2224/8445 2095/2225/8446 2135/2266/8447 2134/2265/8448
f 2095/2225/8449 2096/2226/8450 2136/2267/8451 2135/2266/8452
f 2096/2226/8453 2097/2227/8454 2137/2268/8455 2136/2267/8456
f 2097/2227/8457 2098/2228/8458 2138/2269/8459 2137/2268/8460
f 2098/2228/8461 2099/2229/8462 2139/2270/8463 2138/2269/8464
f 2099/2229/8465 2100/2230/8466 2140/2271/8467 2139/2270/8468
f 2100/2230/8469 2101/2231/8470 2141/2272/8471 2140/2271/8472
f 2101/2231/8473 2102/2232/8474 2142/2273/8475 2141/2272/8476
f 2102/2232/8477 2103/2233/8478 2143/2274/8479 2142/2273/8480
f 2103/2233/8481 2104/2234/8482 2144/2275/8483 2143/2274/8484
f 2104/2234/8485 2105/2235/8486 2145/2276/8487 2144/2275/8488
f 2105/2235/8489 2106/2236/8490 2146/2277/8491 2145/2276/8492
f 2106/2236/8493 2107/2237/8494 2147/2278/8495 2146/2277/8496
f 2107/2237/8497 2108/2238/8498 2148/2279/8499 2147/2278/8500
f 2108/2238/8501 2109/2239/8502 2149/2280/8503 2148/2279/8504
f 2109/2239/8505 2110/2240/8506 2150/2281/8507 2149/2280/8508
f 2110/2240/8509 2111/2241/8510 2151/2282/8511 2150/2281/8512
f 2111/2241/8513 2112/2242/8514 2152/2283/8515 2151/2282/8516
f 2112/2242/8517 2113/2243/8518 2153/2284/8519 2152/2283/8520
f 2113/2243/8521 2114/2244/8522 2154/2285/8523 2153/2284/8524
f 2114/2244/8525 2115/2245/8526 2155/2286/8527 2154/2285/8528
f 2115/2245/8529 2116/2246/8530 2156/2287/8531 2155/2286/8532
f 2116/2246/8533 2117/2247/8534 2157/2288/8535 2156/2287/8536
f 2117/2247/8537 2118/2248/8538 2158/2289/8539 2157/2288/8540
f 2118/2248/8541 2119/2249/8542 2159/2290/8543 2158/2289/8544
f 2119/2249/8545 2120/2250/8546 2160/2291/8547 2159/2290/8548
f 2120/2250/8549 2121/2251/8550 2161/2292/8551 2160/2291/8552
f 2121/2251/8553 2122/2252/8554 2162/2293/8555 2161/2292/8556
f 2122/2252/8557 2083/2253/8558 2123/2294/8559 2162/2293/8560
f 2123/2255/8561 2124/2254/8562 2164/2295/8563 2163/2296/8564
f 2124/2254/8565 2125/2256/8566 2165/2297/8567 2164/2295/8568
f 2125/2256/8569 2126/2257/8570 2166/2298/8571 2165/2297/8572
f 2126/2257/8573 2127/2258/8574 2167/2299/8575 2166/2298/8576
f 2127/2258/8577 2128/2259/8578 2168/2300/8579 2167/2299/8580
f 2128/2259/8581 2129/2260/8582 2169/2301/8583 2168/2300/8584
f 2129/2260/8585 2130/2261/8586 2170/2302/8587 2169/2301/8588
f 2130/2261/8589 2131/2262/8590 2171/2303/8591 2170/2302/8592
f 2131/2262/8593 2132/2263/8594 2172/2304/8595 2171/2303/8596
f 2132/2263/8597 2133/2264/8598 2173/2305/8599 2172/2304/8600
f 2133/2264/8601 2134/2265/8602 2174/2306/8603 2173/2305/8604
f 2134/2265/8605 2135/2266/8606 2175/2307/8607 2174/2306/8608
f 2135/2266/8609 2136/2267/8610 2176/2308/8611 2175/2307/8612
f 2136/2267/8613 2137/2268/8614 2177/2309/8615 2176/2308/8616
f 2137/2268/8617 2138/2269/8618 2178/2310/8619 2177/2309/8620
f 2138/2269/8621 2139/2270/8622 2179/2311/8623 2178/2310/8624
f 2139/2270/8625 2140/2271/8626 2180/2312/8627 2179/2311/8628
f 2140/2271/8629 2141/2272/8630 2181/2313/8631 2180/2312/8632
f 2141/2272/8633 2142/2273/8634 2182/2314/8635 2181/2313/8636
f 2142/2273/8637 2143/2274/8638 2183/2315/8639 2182/2314/8640
f 2143/2274/8641 2144/2275/8642 2184/2316/8643 2183/2315/8644
f 2144/2275/8645 2145/2276/8646 2185/2317/8647 2184/2316/8648
f 2145/2276/8649 2146/2277/8650 2186/2318/8651 2185/2317/8652
f 2146/2277/8653 2147/2278/8654 2187/2319/8655 2186/2318/8656
f 2147/2278/8657 2148/2279/8658 2188/2320/8659 2187/2319/8660
f 2148/2279/8661 2149/2280/8662 2189/2321/8663 2188/2320/8664
f 2149/2280/8665 2150/2281/8666 2190/2322/8667 2189/2321/8668
f 2150/2281/8669 2151/2282/8670 2191/2323/8671 2190/2322/8672
f 2151/2282/8673 2152/2283/8674 2192/2324/8675 2191/2323/8676
f 2152/2283/8677 2153/2284/8678 2193/2325/8679 2192/2324/8680
f 2153/2284/8681 2154/2285/8682 2194/2326/8683 2193/2325/8684
f 2154/2285/8685 2155/2286/8686 2195/2327/8687 2194/2326/8688
f 2155/2286/8689 2156/2287/8690 2196/2328/8691 2195/2327/8692
f 2156/2287/8693 2157/2288/8694 2197/2329/8695 2196/2328/8696
f 2157/2288/8697 2158/2289/8698 2198/2330/8699 2197/2329/8700
f 2158/2289/8701 2159/2290/8702 2199/2331/8703 2198/2330/8704
f 2159/2290/8705 2160/2291/8706 2200/2332/8707 2199/2331/8708
f 2160/2291/8709 2161/2292/8710 2201/2333/8711 2200/2332/8712
f 2161/2292/8713 2162/2293/8714 2202/2334/8715 2201/2333/8716
f 2162/2293/8717 2123/2294/8718 2163/2335/8719 2202/2334/8720
f 2163/2296/8721 2164/2295/8722 2204/2336/8723 2203/2337/8724
f 2164/2295/8725 2165/2297/8726 2205/2338/8727 2204/2336/8728
f 2165/2297/8729 2166/2298/8730 2206/2339/8731 2205/2338/8732
f 2166/2298/8733 2167/2299/8734 2207/2340/8735 2206/2339/8736
f 2167/2299/8737 2168/2300/8738 2208/2341/8739 2207/2340/8740
f 2168/2300/8741 2169/2301/8742 2209/2342/8743 2208/2341/8744
f 2169/2301/8745 2170/2302/8746 2210/2343/8747 2209/2342/8748
f 2170/2302/8749 2171/2303/8750 2211/2344/8751 2210/2343/8752
f 2171/2303/8753 2172/2304/8754 2212/2345/8755 2211/2344/8756
f 2172/2304/8757 2173/2305/8758 2213/2346/8759 2212/2345/8760
f 2173/2305/8761 2174/2306/8762 2214/2347/8763 2213/2346/8764
f 2174/2306/8765 2175/2307/8766 2215/2348/8767 2214/2347/8768
f 2175/2307/8769 2176/2308/8770 2216/2349/8771 2215/2348/8772
f 2176/2308/8773 2177/2309/8774 2217/2350/8775 2216/2349/8776
f 2177/2309/8777 2178/2310/8778 2218/2351/8779 2217/2350/8780
f 2178/2310/8781 2179/2311/8782 2219/2352/8783 2218/2351/8784
f 2179/2311/8785 2180/2312/8786 2220/2353/8787 2219/2352/8788
f 2180/2312/8789 2181/2313/8790 2221/2354/8791 2220/2353/8792
f 2181/2313/8793 2182/2314/8794 2222/2355/8795 2221/2354/8796
f 2182/2314/8797 2183/2315/8798 2223/2356/8799 2222/2355/8800
f 2183/2315/8801 2184/2316/8802 2224/2357/8803 2223/2356/8804
f 2184/2316/8805 2185/2317/8806 2225/2358/8807 2224/2357/8808
f 2185/2317/8809 2186/2318/8810 2226/2359/8811 2225/2358/8812
f 2186/2318/8813 2187/2319/8814 2227/2360/8815 2226/2359/8816
f 2187/2319/8817 2188/2320/8818 2228/2361/8819 2227/2360/8820
f 2188/2320/8821 2189/2321/8822 2229/2362/8823 2228/2361/8824
f 2189/2321/8825 2190/2322/8826 2230/2363/8827 2229/2362/8828
f 2190/2322/8829 2191/2323/8830 2231/2364/8831 2230/2363/8832
f 2191/2323/8833 2192/2324/8834 2232/2365/8835 2231/2364/8836
f 2192/2324/8837 2193/2325/8838 2233/2366/8839 2232/2365/8840
f 2193/2325/8841 2194/2326/8842 2234/2367/8843 2233/2366/8844
f 2194/2326/8845 2195/2327/8846 2235/2368/8847 2234/2367/8848
f 2195/2327/8849 2196/2328/8850 2236/2369/8851 2235/2368/8852
f 2196/2328/8853 2197/2329/8854 2237/2370/8855 2236/2369/8856
f 2197/2329/8857 2198/2330/8858 2238/2371/8859 2237/2370/8860
f 2198/2330/8861 2199/2331/8862 2239/2372/8863 2238/2371/8864
f 2199/2331/8865 2200/2332/8866 2240/2373/8867 2239/2372/8868
f 2200/2332/8869 2201/2333/8870 2241/2374/8871 2240/2373/8872
f 2201/2333/8873 2202/2334/8874 2242/2375/8875 2241/2374/8876
f 2202/2334/8877 2163/2335/8878 2203/2376/8879 2242/2375/8880
f 2203/2337/8881 2204/2336/8882 2244/2377/8883 2243/2378/8884
f 2204/2336/8885 2205/2338/8886 2245/2379/8887 2244/2377/8888
f 2205/2338/8889 2206/2339/8890 2246/2380/8891 2245/2379/8892
f 2206/2339/8893 2207/2340/8894 2247/2381/8895 2246/2380/8896
f 2207/2340/8897 2208/2341/8898 2248/2382/8899 2247/2381/8900
f 2208/2341/8901 2209/2342/8902 2249/2383/8903 2248/2382/8904
f 2209/2342/8905 2210/2343/8906 2250/2384/8907 2249/2383/8908
f 2210/2343/8909 2211/2344/8910 2251/2385/8911 2250/2384/8912
f 2211/2344/8913 2212/2345/8914 2252/2386/8915 2251/2385/8916
f 2212/2345/8917 2213/2346/8918 2253/2387/8919 2252/2386/8920
f 2213/2346/8921 2214/2347/8922 2254/2388/8923 2253/2387/8924
f 2214/2347/8925 2215/2348/8926 2255/2389/8927 2254/2388/8928
f 2215/2348/8929 2216/2349/8930 2256/2390/8931 2255/2389/8932
f 2216/2349/8933 2217/2350/8934 2257/2391/8935 2256/2390/8936
f 2217/2350/8937 2218/2351/8938 2258/2392/8939 2257/2391/8940
f 2218/2351/8941 2219/2352/8942 2259/2393/8943 2258/2392/8944
f 2219/2352/8945 2220/2353/8946 2260/2394/8947 2259/2393/8948
f 2220/2353/8949 2221/2354/8950 2261/2395/8951 2260/2394/8952
f 2221/2354/8953 2222/2355/8954 2262/2396/8955 2261/2395/8956
f 2222/2355/8957 2223/2356/8958 2263/2397/8959 2262/2396/8960
f 2223/2356/8961 2224/2357/8962 2264/2398/8963 2263/2397/8964
f 2224/2357/8965 2225/2358/8966 2265/2399/8967 2264/2398/8968
f 2225/2358/8969 2226/2359/8970 2266/2400/8971 2265/2399/8972
f 2226/2359/8973 2227/2360/8974 2267/2401/8975 2266/2400/8976
f 2227/2360/8977 2228/2361/8978 2268/2402/8979 2267/2401/8980
f 2228/2361/8981 2229/2362/8982 2269/2403/8983 2268/2402/8984
f 2229/2362/8985 2230/2363/8986 2270/2404/8987 2269/2403/8988
f 2230/2363/8989 2231/2364/8990 2271/2405/8991 2270/2404/8992
f 2231/2364/8993 2232/2365/8994 2272/2406/8995 2271/2405/8996
f 2232/2365/8997 2233/2366/8998 2273/2407/8999 2272/2406/9000
f 2233/2366/9001 2234/2367/9002 2274/2408/9003 2273/2407/9004
f 2234/2367/9005 2235/2368/9006 2275/2409/9007 2274/2408/9008
f 2235/2368/9009 2236/2369/9010 2276/2410/9011 2275/2409/9012
f 2236/2369/9013 2237/2370/9014 2277/2411/9015 2276/2410/9016
f 2237/2370/9017 2238/2371/9018 2278/2412/9019 2277/2411/9020
f 2238/2371/9021 2239/2372/9022 2279/2413/9023 2278/2412/9024
f 2239/2372/9025 2240/2373/9026 2280/2414/9027 2279/2413/9028
f 2240/2373/9029 2241/2374/9030 2281/2415/9031 2280/2414/9032
f 2241/2374/9033 2242/2375/9034 2282/2416/9035 2281/2415/9036
f 2242/2375/9037 2203/2376/9038 2243/2417/9039 2282/2416/9040
f 2243/2378/9041 2244/2377/9042 2284/2418/9043 2283/2419/9044
f 2244/2377/9045 2245/2379/9046 2285/2420/9047 2284/2418/9048
f 2245/2379/9049 2246/2380/9050 2286/2421/9051 2285/2420/9052
f 2246/2380/9053 2247/2381/9054 2287/2422/9055 2286/2421/9056
f 2247/2381/9057 2248/2382/9058 2288/2423/9059 2287/2422/9060
f 2248/2382/9061 2249/2383/9062 2289/2424/9063 2288/2423/9064
f 2249/2383/9065 2250/2384/9066 2290/2425/9067 2289/2424/9068
f 2250/2384/9069 2251/2385/9070 2291/2426/9071 2290/2425/9072
f 2251/2385/9073 2252/2386/9074 2292/2427/9075 2291/2426/9076
f 2252/2386/9077 2253/2387/9078 2293/2428/9079 2292/2427/9080
f 2253/2387/9081 2254/2388/9082 2294/2429/9083 2293/2428/9084
f 2254/2388/9085 2255/2389/9086 2295/2430/9087 2294/2429/9088
f 2255/2389/9089 2256/2390/9090 2296/2431/9091 2295/2430/9092
f 2256/2390/9093 2257/2391/9094 2297/2432/9095 2296/2431/9096
f 2257/2391/9097 2258/2392/9098 2298/2433/9099 2297/2432/9100
f 2258/2392/9101 2259/2393/9102 2299/2434/9103 2298/2433/9104
f 2259/2393/9105 2260/2394/9106 2300/2435/9107 2299/2434/9108
f 2260/2394/9109 2261/2395/9110 2301/2436/9111 2300/2435/9112
f 2261/2395/9113 2262/2396/9114 2302/2437/9115 2301/2436/9116
f 2262/2396/9117 2263/2397/9118 2303/2438/9119 2302/2437/9120
f 2263/2397/9121 2264/2398/9122 2304/2439/9123 2303/2438/9124
f 2264/2398/9125 2265/2399/9126 2305/2440/9127 2304/2439/9128
f 2265/2399/9129 2266/2400/9130 2306/2441/9131 2305/2440/9132
f 2266/2400/9133 2267/2401/9134 2307/2442/9135 2306/2441/9136
f 2267/2401/9137 2268/2402/9138 2308/2443/9139 2307/2442/9140
f 2268/2402/9141 2269/2403/9142 2309/2444/9143 2308/2443/9144
f 2269/2403/9145 2270/2404/9146 2310/2445/9147 2309/2444/9148
f 2270/2404/9149 2271/2405/9150 2311/2446/9151 2310/2445/9152
f 2271/2405/9153 2272/2406/9154 2312/2447/9155 2311/2446/9156
f 2272/2406/9157 2273/2407/9158 2313/2448/9159 2312/2447/9160
f 2273/2407/9161 2274/2408/9162 2314/2449/9163 2313/2448/9164
f 2274/2408/9165 2275/2409/9166 2315/2450/9167 2314/2449/9168
f 2275/2409/9169 2276/2410/9170 2316/2451/9171 2315/2450/9172
f 2276/2410/9173 2277/2411/9174 2317/2452/9175 2316/2451/9176
f 2277/2411/9177 2278/2412/9178 2318/2453/9179 2317/2452/9180
f 2278/2412/9181 2279/2413/9182 2319/2454/9183 2318/2453/9184
f 2279/2413/9185 2280/2414/9186 2320/2455/9187 2319/2454/9188
f 2280/2414/9189 2281/2415/9190 2321/2456/9191 2320/2455/9192
f 2281/2415/9193 2282/2416/9194 2322/2457/9195 2321/2456/9196
f 2282/2416/9197 2243/2417/9198 2283/2458/9199 2322/2457/9200
f 2283/2419/9201 2284/2418/9202 2324/2459/9203 2323/2460/9204
f 2284/2418/9205 2285/2420/9206 2325/2461/9207 2324/2459/9208
f 2285/2420/9209 2286/2421/9210 2326/2462/9211 2325/2461/9212
f 2286/2421/9213 2287/2422/9214 2327/2463/9215 2326/2462/9216
f 2287/2422/9217 2288/2423/9218 2328/2464/9219 2327/2463/9220
f 2288/2423/9221 2289/2424/9222 2329/2465/9223 2328/2464/9224
f 2289/2424/9225 2290/2425/9226 2330/2466/9227 2329/2465/9228
f 2290/2425/9229 2291/2426/9230 2331/2467/9231 2330/2466/9232
f 2291/2426/9233 2292/2427/9234 2332/2468/9235 2331/2467/9236
f 2292/2427/9237 2293/2428/9238 2333/2469/9239 2332/2468/9240
f 2293/2428/9241 2294/2429/9242 2334/2470/9243 2333/2469/9244
f 2294/2429/9245 2295/2430/9246 2335/2471/9247 2334/2470/9248
f 2295/2430/9249 2296/2431/9250 2336/2472/9251 2335/2471/9252
f 2296/2431/9253 2297/2432/9254 2337/2473/9255 2336/2472/9256
f 2297/2432/9257 2298/2433/9258 2338/2474/9259 2337/2473/9260
f 2298/2433/9261 2299/2434/9262 2339/2475/9263 2338/2474/9264
f 2299/2434/9265 2300/2435/9266 2340/2476/9267 2339/2475/9268
f 2300/2435/9269 2301/2436/9270 2341/2477/9271 2340/2476/9272
f 2301/2436/9273 2302/2437/9274 2342/2478/9275 2341/2477/9276
f 2302/2437/9277 2303/2438/9278 2343/2479/9279 2342/2478/9280
f 2303/2438/9281 2304/2439/9282 2344/2480/9283 2343/2479/9284
f 2304/2439/9285 2305/2440/9286 2345/2481/9287 2344/2480/9288
f 2305/2440/9289 2306/2441/9290 2346/2482/9291 2345/2481/9292
f 2306/2441/9293 2307/2442/9294 2347/2483/9295 2346/2482/9296
f 2307/2442/9297 2308/2443/9298 2348/2484/9299 2347/2483/9300
f 2308/2443/9301 2309/2444/9302 2349/2485/9303 2348/2484/9304
f 2309/2444/9305 2310/2445/9306 2350/2486/9307 2349/2485/9308
f 2310/2445/9309 2311/2446/9310 2351/2487/9311 2350/2486/9312
f 2311/2446/9313 2312/2447/9314 2352/2488/9315 2351/2487/9316
f 2312/2447/9317 2313/2448/9318 2353/2489/9319 2352/2488/9320
f 2313/2448/9321 2314/2449/9322 2354/2490/9323 2353/2489/9324
f 2314/2449/9325 2315/2450/9326 2355/2491/9327 2354/2490/9328
f 2315/2450/9329 2316/2451/9330 2356/2492/9331 2355/2491/9332
f 2316/2451/9333 2317/2452/9334 2357/2493/9335 2356/2492/9336
f 2317/2452/9337 2318/2453/9338 2358/2494/9339 2357/2493/9340
f 2318/2453/9341 2319/2454/9342 2359/2495/9343 2358/2494/9344
f 2319/2454/9345 2320/2455/9346 2360/2496/9347 2359/2495/9348
f 2320/2455/9349 2321/2456/9350 2361/2497/9351 2360/2496/9352
f 2321/2456/9353 2322/2457/9354 2362/2498/9355 2361/2497/9356
f 2322/2457/9357 2283/2458/9358 2323/2499/9359 2362/2498/9360
f 2323/2460/9361 2324/2459/9362 2364/2500/9363 2363/2501/9364
f 2324/2459/9365 2325/2461/9366 2365/2502/9367 2364/2500/9368
f 2325/2461/9369 2326/2462/9370 2366/2503/9371 2365/2502/9372
f 2326/2462/9373 2327/2463/9374 2367/2504/9375 2366/2503/9376
f 2327/2463/9377 2328/2464/9378 2368/2505/9379 2367/2504/9380
f 2328/2464/9381 2329/2465/9382 2369/2506/9383 2368/2505/9384
f 2329/2465/9385 2330/2466/9386 2370/2507/9387 2369/2506/9388
f 2330/2466/9389 2331/2467/9390 2371/2508/9391 2370/2507/9392
f 2331/2467/9393 2332/2468/9394 2372/2509/9395 2371/2508/9396
f 2332/2468/9397 2333/2469/9398 2373/2510/9399 2372/2509/9400
f 2333/2469/9401 2334/2470/9402 2374/2511/9403 2373/2510/9404
f 2334/2470/9405 2335/2471/9406 2375/2512/9407 2374/2511/9408
f 2335/2471/9409 2336/2472/9410 2376/2513/9411 2375/2512/9412
f 2336/2472/9413 2337/2473/9414 2377/2514/9415 2376/2513/9416
f 2337/2473/9417 2338/2474/9418 2378/2515/9419 2377/2514/9420
f 2338/2474/9421 2339/2475/9422 2379/2516/9423 2378/2515/9424
f 2339/2475/9425 2340/2476/9426 2380/2517/9427 2379/2516/9428
f 2340/2476/9429 2341/2477/9430 2381/2518/9431 2380/2517/9432
f 2341/2477/9433 2342/2478/9434 2382/2519/9435 2381/2518/9436
f 2342/2478/9437 2343/2479/9438 2383/2520/9439 2382/2519/9440
f 2343/2479/9441 2344/2480/9442 2384/2521/9443 2383/2520/9444
f 2344/2480/9445 2345/2481/9446 2385/2522/9447 2384/2521/9448
f 2345/2481/9449 2346/2482/9450 2386/2523/9451 2385/2522/9452
f 2346/2482/9453 2347/2483/9454 2387/2524/9455 2386/2523/9456
f 2347/2483/9457 2348/2484/9458 2388/2525/9459 2387/2524/9460
f 2348/2484/9461 2349/2485/9462 2389/2526/9463 2388/2525/9464
f 2349/2485/9465 2350/2486/9466 2390/2527/9467 2389/2526/9468
f 2350/2486/9469 2351/2487/9470 2391/2528/9471 2390/2527/9472
f 2351/2487/9473 2352/2488/9474 2392/2529/9475 2391/2528/9476
f 2352/2488/9477 2353/2489/9478 2393/2530/9479 2392/2529/9480
f 2353/2489/9481 2354/2490/9482 2394/2531/9483 2393/2530/9484
f 2354/2490/9485 2355/2491/9486 2395/2532/9487 2394/2531/9488
f 2355/2491/9489 2356/2492/9490 2396/2533/9491 2395/2532/9492
f 2356/2492/9493 2357/2493/9494 2397/2534/9495 2396/2533/9496
f 2357/2493/9497 2358/2494/9498 2398/2535/9499 2397/2534/9500
f 2358/2494/9501 2359/2495/9502 2399/2536/9503 2398/2535/9504
f 2359/2495/9505 2360/2496/9506 2400/2537/9507 2399/2536/9508
f 2360/2496/9509 2361/2497/9510 2401/2538/9511 2400/2537/9512
f 2361/2497/9513 2362/2498/9514 2402/2539/9515 2401/2538/9516
f 2362/2498/9517 2323/2499/9518 2363/2540/9519 2402/2539/9520
f 2363/2501/9521 2364/2500/9522 2404/2541/9523 2403/2542/9524
f 2364/2500/9525 2365/2502/9526 2405/2543/9527 2404/2541/9528
f 2365/2502/9529 2366/2503/9530 2406/2544/9531 2405/2543/9532
f 2366/2503/9533 2367/2504/9534 2407/2545/9535 2406/2544/9536
f 2367/2504/9537 2368/2505/9538 2408/2546/9539 2407/2545/9540
f 2368/2505/9541 2369/2506/9542 2409/2547/9543 2408/2546/9544
f 2369/2506/9545 2370/2507/9546 2410/2548/9547 2409/2547/9548
f 2370/2507/9549 2371/2508/9550 2411/2549/9551 2410/2548/9552
f 2371/2508/9553 2372/2509/9554 2412/2550/9555 2411/2549/9556
f 2372/2509/9557 2373/2510/9558 2413/2551/9559 2412/2550/9560
f 2373/2510/9561 2374/2511/9562 2414/2552/9563 2413/2551/9564
f 2374/2511/9565 2375/2512/9566 2415/2553/9567 2414/2552/9568
f 2375/2512/9569 2376/2513/9570 2416/2554/9571 2415/2553/9572
f 2376/2513/9573 2377/2514/9574 2417/2555/9575 2416/2554/9576
f 2377/2514/9577 2378/2515/9578 2418/2556/9579 2417/2555/9580
f 2378/2515/9581 2379/2516/9582 2419/2557/9583 2418/2556/9584
f 2379/2516/9585 2380/2517/9586 2420/2558/9587 2419/2557/9588
f 2380/2517/9589 2381/2518/9590 2421/2559/9591 2420/2558/9592
f 2381/2518/9593 2382/2519/9594 2422/2560/9595 2421/2559/9596
f 2382/2519/9597 2383/2520/9598 2423/2561/9599 2422/2560/9600
f 2383/2520/9601 2384/2521/9602 2424/2562/9603 2423/2561/9604
f 2384/2521/9605 2385/2522/9606 2425/2563/9607 2424/2562/9608
f 2385/2522/9609 2386/2523/9610 2426/2564/9611 2425/2563/9612
f 2386/2523/9613 2387/2524/9614 2427/2565/9615 2426/2564/9616
f 2387/2524/9617 2388/2525/9618 2428/2566/9619 2427/2565/9620
f 2388/2525/9621 2389/2526/9622 2429/2567/9623 2428/2566/9624
f 2389/2526/9625 2390/2527/9626 2430/2568/9627 2429/2567/9628
f 2390/2527/9629 2391/2528/9630 2431/2569/9631 2430/2568/9632
f 2391/2528/9633 2392/2529/9634 2432/2570/9635 2431/2569/9636
f 2392/2529/9637 2393/2530/9638 2433/2571/9639 2432/2570/9640
f 2393/2530/9641 2394/2531/9642 2434/2572/9643 2433/2571/9644
f 2394/2531/9645 2395/2532/9646 2435/2573/9647 2434/2572/9648
f 2395/2532/9649 2396/2533/9650 2436/2574/9651 2435/2573/9652
f 2396/2533/9653 2397/2534/9654 2437/2575/9655 2436/2574/9656
f 2397/2534/9657 2398/2535/9658 2438/2576/9659 2437/2575/9660
f 2398/2535/9661 2399/2536/9662 2439/2577/9663 2438/2576/9664
f 2399/2536/9665 2400/2537/9666 2440/2578/9667 2439/2577/9668
f 2400/2537/9669 2401/2538/9670 2441/2579/9671 2440/2578/9672
f 2401/2538/9673 2402/2539/9674 2442/2580/9675 2441/2579/9676
f 2402/2539/9677 2363/2540/9678 2403/2581/9679 2442/2580/9680
f 2403/2542/9681 2404/2541/9682 2444/2582/9683 2443/2583/9684
f 2404/2541/9685 2405/2543/9686 2445/2584/9687 2444/2582/9688
f 2405/2543/9689 2406/2544/9690 2446/2585/9691 2445/2584/9692
f 2406/2544/9693 2407/2545/9694 2447/2586/9695 2446/2585/9696
f 2407/2545/9697 2408/2546/9698 2448/2587/9699 2447/2586/9700
f 2408/2546/9701 2409/2547/9702 2449/2588/9703 2448/2587/9704
f 2409/2547/9705 2410/2548/9706 2450/2589/9707 2449/2588/9708
f 2410/2548/9709 2411/2549/9710 2451/2590/9711 2450/2589/9712
f 2411/2549/9713 2412/2550/9714 2452/2591/9715 2451/2590/9716
f 2412/2550/9717 2413/2551/9718 2453/2592/9719 2452/2591/9720
f 2413/2551/9721 2414/2552/9722 2454/2593/9723 2453/2592/9724
f 2414/2552/9725 2415/2553/9726 2455/2594/9727 2454/2593/9728
f 2415/2553/9729 2416/2554/9730 2456/2595/9731 2455/2594/9732
f 2416/2554/9733 2417/2555/9734 2457/2596/9735 2456/2595/9736
f 2417/2555/9737 2418/2556/9738 2458/2597/9739 2457/2596/9740
f 2418/2556/9741 2419/2557/9742 2459/2598/9743 2458/2597/9744
f 2419/2557/9745 2420/2558/9746 2460/2599/9747 2459/2598/9748
f 2420/2558/9749 2421/2559/9750 2461/2600/9751 2460/2599/9752
f 2421/2559/9753 2422/2560/9754 2462/2601/9755 2461/2600/9756
f 2422/2560/9757 2423/2561/9758 2463/2602/9759 2462/2601/9760
f 2423/2561/9761 2424/2562/9762 2464/2603/9763 2463/2602/9764
f 2424/2562/9765 2425/2563/9766 2465/2604/9767 2464/2603/9768
f 2425/2563/9769 2426/2564/9770 2466/2605/9771 2465/2604/9772
f 2426/2564/9773 2427/2565/9774 2467/2606/9775 2466/2605/9776
f 2427/2565/9777 2428/2566/9778 2468/2607/9779 2467/2606/9780
f 2428/2566/9781 2429/2567/9782 2469/2608/9783 2468/2607/9784
f 2429/2567/9785 2430/2568/9786 2470/2609/9787 2469/2608/9788
f 2430/2568/9789 2431/2569/9790 2471/2610/9791 2470/2609/9792
f 2431/2569/9793 2432/2570/9794 2472/2611/9795 2471/2610/9796
f 2432/2570/9797 2433/2571/9798 2473/2612/9799 2472/2611/9800
f 2433/2571/9801 2434/2572/9802 2474/2613/9803 2473/2612/9804
f 2434/2572/9805 2435/2573/9806 2475/2614/9807 2474/2613/9808
f 2435/2573/9809 2436/2574/9810 2476/2615/9811 2475/2614/9812
f 2436/2574/9813 2437/2575/9814 2477/2616/9815 2476/2615/9816
f 2437/2575/9817 2438/2576/9818 2478/2617/9819 2477/2616/9820
f 2438/2576/9821 2439/2577/9822 2479/2618/9823 2478/2617/9824
f 2439/2577/9825 2440/2578/9826 2480/2619/9827 2479/2618/9828
f 2440/2578/9829 2441/2579/9830 2481/2620/9831 2480/2619/9832
f 2441/2579/9833 2442/2580/9834 2482/2621/9835 2481/2620/9836
f 2442/2580/9837 2403/2581/9838 2443/2622/9839 2482/2621/9840
f 2443/2583/9841 2444/2582/9842 2484/2623/9843 2483/2624/9844
f 2444/2582/9845 2445/2584/9846 2485/2625/9847 2484/2623/9848
f 2445/2584/9849 2446/2585/9850 2486/2626/9851 2485/2625/9852
f 2446/2585/9853 2447/2586/9854 2487/2627/9855 2486/2626/9856
f 2447/2586/9857 2448/2587/9858 2488/2628/9859 2487/2627/9860
f 2448/2587/9861 2449/2588/9862 2489/2629/9863 2488/2628/9864
f 2449/2588/9865 2450/2589/9866 2490/2630/9867 2489/2629/9868
f 2450/2589/9869 2451/2590/9870 2491/2631/9871 2490/2630/9872
f 2451/2590/9873 2452/2591/9874 2492/2632/9875 2491/2631/9876
f 2452/2591/9877 2453/2592/9878 2493/2633/9879 2492/2632/9880
f 2453/2592/9881 2454/2593/9882 2494/2634/9883 2493/2633/9884
f 2454/2593/9885 2455/2594/9886 2495/2635/9887 2494/2634/9888
f 2455/2594/9889 2456/2595/9890 2496/2636/9891 2495/2635/9892
f 2456/2595/9893 2457/2596/9894 2497/2637/9895 2496/2636/9896
f 2457/2596/9897 2458/2597/9898 2498/2638/9899 2497/2637/9900
f 2458/2597/9901 2459/2598/9902 2499/2639/9903 2498/2638/9904
f 2459/2598/9905 2460/2599/9906 2500/2640/9907 2499/2639/9908
f 2460/2599/9909 2461/2600/9910 2501/2641/9911 2500/2640/9912
f 2461/2600/9913 2462/2601/9914 2502/2642/9915 2501/2641/9916
f 2462/2601/9917 2463/2602/9918 2503/2643/9919 2502/2642/9920
f 2463/2602/9921 2464/2603/9922 2504/2644/9923 2503/2643/9924
f 2464/2603/9925 2465/2604/9926 2505/2645/9927 2504/2644/9928
f 2465/2604/9929 2466/2605/9930 2506/2646/9931 2505/2645/9932
f 2466/2605/9933 2467/2606/9934 2507/2647/9935 2506/2646/9936
f 2467/2606/9937 2468/2607/9938 2508/2648/9939 2507/2647/9940
f 2468/2607/9941 2469/2608/9942 2509/2649/9943 2508/2648/9944
f 2469/2608/9945 2470/2609/9946 2510/2650/9947 2509/2649/9948
f 2470/2609/9949 2471/2610/9950 2511/2651/9951 2510/2650/9952
f 2471/2610/9953 2472/2611/9954 2512/2652/9955 2511/2651/9956
f 2472/2611/9957 2473/2612/9958 2513/2653/9959 2512/2652/9960
f 2473/2612/9961 2474/2613/9962 2514/2654/9963 2513/2653/9964
f 2474/2613/9965 2475/2614/9966 2515/2655/9967 2514/2654/9968
f 2475/2614/9969 2476/2615/9970 2516/2656/9971 2515/2655/9972
f 2476/2615/9973 2477/2616/9974 2517/2657/9975 2516/2656/9976
f 2477/2616/9977 2478/2617/9978 2518/2658/9979 2517/2657/9980
f 2478/2617/9981 2479/2618/9982 2519/2659/9983 2518/2658/9984
f 2479/2618/9985 2480/2619/9986 2520/2660/9987 2519/2659/9988
f 2480/2619/9989 2481/2620/9990 2521/2661/9991 2520/2660/9992
f 2481/2620/9993 2482/2621/9994 2522/2662/9995 2521/2661/9996
f 2482/2621/9997 2443/2622/9998 2483/2663/9999 2522/2662/10000
f 2483/2624/10001 2484/2623/10002 2524/2664/10003 2523/2665/10004
f 2484/2623/10005 2485/2625/10006 2525/2666/10007 2524/2664/10008
f 2485/2625/10009 2486/2626/10010 2526/2667/10011 2525/2666/10012
f 2486/2626/10013 2487/2627/10014 2527/2668/10015 2526/2667/10016
f 2487/2627/10017 2488/2628/10018 2528/2669/10019 2527/2668/10020
f 2488/2628/10021 2489/2629/10022 2529/2670/10023 2528/2669/10024
f 2489/2629/10025 2490/2630/10026 2530/2671/10027 2529/2670/10028
f 2490/2630/10029 2491/2631/10030 2531/2672/10031 2530/2671/10032
f 2491/2631/10033 2492/2632/10034 2532/2673/10035 2531/2672/10036
f 2492/2632/10037 2493/2633/10038 2533/2674/10039 2532/2673/10040
f 2493/2633/10041 2494/2634/10042 2534/2675/10043 2533/2674/10044
f 2494/2634/10045 2495/2635/10046 2535/2676/10047 2534/2675/10048
f 2495/2635/10049 2496/2636/10050 2536/2677/10051 2535/2676/10052
f 2496/2636/10053 2497/2637/10054 2537/2678/10055 2536/2677/10056
f 2497/2637/10057 2498/2638/10058 2538/2679/10059 2537/2678/10060
f 2498/2638/10061 2499/2639/10062 2539/2680/10063 2538/2679/10064
f 2499/2639/10065 2500/2640/10066 2540/2681/10067 2539/2680/10068
f 2500/2640/10069 2501/2641/10070 2541/2682/10071 2540/2681/10072
f 2501/2641/10073 2502/2642/10074 2542/2683/10075 2541/2682/10076
f 2502/2642/10077 2503/2643/10078 2543/2684/10079 2542/2683/10080
f 2503/2643/10081 2504/2644/10082 2544/2685/10083 2543/2684/10084
f 2504/2644/10085 2505/2645/10086 2545/2686/10087 2544/2685/10088
f 2505/2645/10089 2506/2646/10090 2546/2687/10091 2545/2686/10092
f 2506/2646/10093 2507/2647/10094 2547/2688/10095 2546/2687/10096
f 2507/2647/10097 2508/2648/10098 2548/2689/10099 2547/2688/10100
f 2508/2648/10101 2509/2649/10102 2549/2690/10103 2548/2689/10104
f 2509/2649/10105 2510/2650/10106 2550/2691/10107 2549/2690/10108
f 2510/2650/10109 2511/2651/10110 2551/2692/10111 2550/2691/10112
f 2511/2651/10113 2512/2652/10114 2552/2693/10115 2551/2692/10116
f 2512/2652/10117 2513/2653/10118 2553/2694/10119 2552/2693/10120
f 2513/2653/10121 2514/2654/10122 2554/2695/10123 2553/2694/10124
f 2514/2654/10125 2515/2655/10126 2555/2696/10127 2554/2695/10128
f 2515/2655/10129 2516/2656/10130 2556/2697/10131 2555/2696/10132
f 2516/2656/10133 2517/2657/10134 2557/2698/10135 2556/2697/10136
f 2517/2657/10137 2518/2658/10138 2558/2699/10139 2557/2698/10140
f 2518/2658/10141 2519/2659/10142 2559/2700/10143 2558/2699/10144
f 2519/2659/10145 2520/2660/10146 2560/2701/10147 2559/2700/10148
f 2520/2660/10149 2521/2661/10150 2561/2702/10151 2560/2701/10152
f 2521/2661/10153 2522/2662/10154 2562/2703/10155 2561/2702/10156
f 2522/2662/10157 2483/2663/10158 2523/2704/10159 2562/2703/10160
f 2523/2665/10161 2524/2664/10162 2564/2705/10163 2563/2706/10164
f 2524/2664/10165 2525/2666/10166 2565/2707/10167 2564/2705/10168
f 2525/2666/10169 2526/2667/10170 2566/2708/10171 2565/2707/10172
f 2526/2667/10173 2527/2668/10174 2567/2709/10175 2566/2708/10176
f 2527/2668/10177 2528/2669/10178 2568/2710/10179 2567/2709/10180
f 2528/2669/10181 2529/2670/10182 2569/2711/10183 2568/2710/10184
f 2529/2670/10185 2530/2671/10186 2570/2712/10187 2569/2711/10188
f 2530/2671/10189 2531/2672/10190 2571/2713/10191 2570/2712/10192
f 2531/2672/10193 2532/2673/10194 2572/2714/10195 2571/2713/10196
f 2532/2673/10197 2533/2674/10198 2573/2715/10199 2572/2714/10200
f 2533/2674/10201 2534/2675/10202 2574/2716/10203 2573/2715/10204
f 2534/2675/10205 2535/2676/10206 2575/2717/10207 2574/2716/10208
f 2535/2676/10209 2536/2677/10210 2576/2718/10211 2575/2717/10212
f 2536/2677/10213 2537/2678/10214 2577/2719/10215 2576/2718/10216
f 2537/2678/10217 2538/2679/10218 2578/2720/10219 2577/2719/10220
f 2538/2679/10221 2539/2680/10222 2579/2721/10223 2578/2720/10224
f 2539/2680/10225 2540/2681/10226 2580/2722/10227 2579/2721/10228
f 2540/2681/10229 2541/2682/10230 2581/2723/10231 2580/2722/10232
f 2541/2682/10233 2542/2683/10234 2582/2724/10235 2581/2723/10236
f 2542/2683/10237 2543/2684/10238 2583/2725/10239 2582/2724/10240
f 2543/2684/10241 2544/2685/10242 2584/2726/10243 2583/2725/10244
f 2544/2685/10245 2545/2686/10246 2585/2727/10247 2584/2726/10248
f 2545/2686/10249 2546/2687/10250 2586/2728/10251 2585/2727/10252
f 2546/2687/10253 2547/2688/10254 2587/2729/10255 2586/2728/10256
f 2547/2688/10257 2548/2689/10258 2588/2730/10259 2587/2729/10260
f 2548/2689/10261 2549/2690/10262 2589/2731/10263 2588/2730/10264
f 2549/2690/10265 2550/2691/10266 2590/2732/10267 2589/2731/10268
f 2550/2691/10269 2551/2692/10270 2591/2733/10271 2590/2732/10272
f 2551/2692/10273 2552/2693/10274 2592/2734/10275 2591/2733/10276
f 2552/2693/10277 2553/2694/10278 2593/2735/10279 2592/2734/10280
f 2553/2694/10281 2554/2695/10282 2594/2736/10283 2593/2735/10284
f 2554/2695/10285 2555/2696/10286 2595/2737/10287 2594/2736/10288
f 2555/2696/10289 2556/2697/10290 2596/2738/10291 2595/2737/10292
f 2556/2697/10293 2557/2698/10294 2597/2739/10295 2596/2738/10296
f 2557/2698/10297 2558/2699/10298 2598/2740/10299 2597/2739/10300
f 2558/2699/10301 2559/2700/10302 2599/2741/10303 2598/2740/10304
f 2559/2700/10305 2560/2701/10306 2600/2742/10307 2599/2741/10308
f 2560/2701/10309 2561/2702/10310 2601/2743/10311 2600/2742/10312
f 2561/2702/10313 2562/2703/10314 2602/2744/10315 2601/2743/10316
f 2562/2703/10317 2523/2704/10318 2563/2745/10319 2602/2744/10320
f 2563/2706/10321 2564/2705/10322 2604/2746/10323 2603/2747/10324
f 2564/2705/10325 2565/2707/10326 2605/2748/10327 2604/2746/10328
f 2565/2707/10329 2566/2708/10330 2606/2749/10331 2605/2748/10332
f 2566/2708/10333 2567/2709/10334 2607/2750/10335 2606/2749/10336
f 2567/2709/10337 2568/2710/10338 2608/2751/10339 2607/2750/10340
f 2568/2710/10341 2569/2711/10342 2609/2752/10343 2608/2751/10344
f 2569/2711/10345 2570/2712/10346 2610/2753/10347 2609/2752/10348
f 2570/2712/10349 2571/2713/10350 2611/2754/10351 2610/2753/10352
f 2571/2713/10353 2572/2714/10354 2612/2755/10355 2611/2754/10356
f 2572/2714/10357 2573/2715/10358 2613/2756/10359 2612/2755/10360
f 2573/2715/10361 2574/2716/10362 2614/2757/10363 2613/2756/10364
f 2574/2716/10365 2575/2717/10366 2615/2758/10367 2614/2757/10368
f 2575/2717/10369 2576/2718/10370 2616/2759/10371 2615/2758/10372
f 2576/2718/10373 2577/2719/10374 2617/2760/10375 2616/2759/10376
f 2577/2719/10377 2578/2720/10378 2618/2761/10379 2617/2760/10380
f 2578/2720/10381 2579/2721/10382 2619/2762/10383 2618/2761/10384
f 2579/2721/10385 2580/2722/10386 2620/2763/10387 2619/2762/10388
f 2580/2722/10389 2581/2723/10390 2621/2764/10391 2620/2763/10392
f 2581/2723/10393 2582/2724/10394 2622/2765/10395 2621/2764/10396
f 2582/2724/10397 2583/2725/10398 2623/2766/10399 2622/2765/10400
f 2583/2725/10401 2584/2726/10402 2624/2767/10403 2623/2766/10404
f 2584/2726/10405 2585/2727/10406 2625/2768/10407 2624/2767/10408
f 2585/2727/10409 2586/2728/10410 2626/2769/10411 2625/2768/10412
f 2586/2728/10413 2587/2729/10414 2627/2770/10415 2626/2769/10416
f 2587/2729/10417 2588/2730/10418 2628/2771/10419 2627/2770/10420
f 2588/2730/10421 2589/2731/10422 2629/2772/10423 2628/2771/10424
f 2589/2731/10425 2590/2732/10426 2630/2773/10427 2629/2772/10428
f 2590/2732/10429 2591/2733/10430 2631/2774/10431 2630/2773/10432
f 2591/2733/10433 2592/2734/10434 2632/2775/10435 2631/2774/10436
f 2592/2734/10437 2593/2735/10438 2633/2776/10439 2632/2775/10440
f 2593/2735/10441 2594/2736/10442 2634/2777/10443 2633/2776/10444
f 2594/2736/10445 2595/2737/10446 2635/2778/10447 2634/2777/10448
f 2595/2737/10449 2596/2738/10450 2636/2779/10451 2635/2778/10452
f 2596/2738/10453 2597/2739/10454 2637/2780/10455 2636/2779/10456
f 2597/2739/10457 2598/2740/10458 2638/2781/10459 2637/2780/10460
f 2598/2740/10461 2599/2741/10462 2639/2782/10463 2638/2781/10464
f 2599/2741/10465 2600/2742/10466 2640/2783/10467 2639/2782/10468
f 2600/2742/10469 2601/2743/10470 2641/2784/10471 2640/2783/10472
f 2601/2743/10473 2602/2744/10474 2642/2785/10475 2641/2784/10476
f 2602/2744/10477 2563/2745/10478 2603/2786/10479 2642/2785/10480
f 2603/2747/10481 2604/2746/10482 2644/2787/10483 2643/2788/10484
f 2604/2746/10485 2605/2748/10486 2645/2789/10487 2644/2787/10488
f 2605/2748/10489 2606/2749/10490 2646/2790/10491 2645/2789/10492
f 2606/2749/10493 2607/2750/10494 2647/2791/10495 2646/2790/10496
f 2607/2750/10497 2608/2751/10498 2648/2792/10499 2647/2791/10500
f 2608/2751/10501 2609/2752/10502 2649/2793/10503 2648/2792/10504
f 2609/2752/10505 2610/2753/10506 2650/2794/10507 2649/2793/10508
f 2610/2753/10509 2611/2754/10510 2651/2795/10511 2650/2794/10512
f 2611/2754/10513 2612/2755/10514 2652/2796/10515 2651/2795/10516
f 2612/2755/10517 2613/2756/10518 2653/2797/10519 2652/2796/10520
f 2613/2756/10521 2614/2757/10522 2654/2798/10523 2653/2797/10524
f 2614/2757/10525 2615/2758/10526 2655/2799/10527 2654/2798/10528
f 2615/2758/10529 2616/2759/10530 2656/2800/10531 2655/2799/10532
f 2616/2759/10533 2617/2760/10534 2657/2801/10535 2656/2800/10536
f 2617/2760/10537 2618/2761/10538 2658/2802/10539 2657/2801/10540
f 2618/2761/10541 2619/2762/10542 2659/2803/10543 2658/2802/10544
f 2619/2762/10545 2620/2763/10546 2660/2804/10547 2659/2803/10548
f 2620/2763/10549 2621/2764/10550 2661/2805/10551 2660/2804/10552
f 2621/2764/10553 2622/2765/10554 2662/2806/10555 2661/2805/10556
f 2622/2765/10557 2623/2766/10558 2663/2807/10559 2662/2806/10560
f 2623/2766/10561 2624/2767/10562 2664/2808/10563 2663/2807/10564
f 2624/2767/10565 2625/2768/10566 2665/2809/10567 2664/2808/10568
f 2625/2768/10569 2626/2769/10570 2666/2810/10571 2665/2809/10572
f 2626/2769/10573 2627/2770/10574 2667/2811/10575 2666/2810/10576
f 2627/2770/10577 2628/2771/10578 2668/2812/10579 2667/2811/10580
f 2628/2771/10581 2629/2772/10582 2669/2813/10583 2668/2812/10584
f 2629/2772/10585 2630/2773/10586 2670/2814/10587 2669/2813/10588
f 2630/2773/10589 2631/2774/10590 2671/2815/10591 2670/2814/10592
f 2631/2774/10593 2632/2775/10594 2672/2816/10595 2671/2815/10596
f 2632/2775/10597 2633/2776/10598 2673/2817/10599 2672/2816/10600
f 2633/2776/10601 2634/2777/10602 2674/2818/10603 2673/2817/10604
f 2634/2777/10605 2635/2778/10606 2675/2819/10607 2674/2818/10608
f 2635/2778/10609 2636/2779/10610 2676/2820/10611 2675/2819/10612
f 2636/2779/10613 2637/2780/10614 2677/2821/10615 2676/2820/10616
f 2637/2780/10617 2638/2781/10618 2678/2822/10619 2677/2821/10620
f 2638/2781/10621 2639/2782/10622 2679/2823/10623 2678/2822/10624
f 2639/2782/10625 2640/2783/10626 2680/2824/10627 2679/2823/10628
f 2640/2783/10629 2641/2784/10630 2681/2825/10631 2680/2824/10632
f 2641/2784/10633 2642/2785/10634 2682/2826/10635 2681/2825/10636
f 2642/2785/10637 2603/2786/10638 2643/2827/10639 2682/2826/10640
f 2643/2788/10641 2644/2787/10642 2684/2828/10643 2683/2829/10644
f 2644/2787/10645 2645/2789/10646 2685/2830/10647 2684/2828/10648
f 2645/2789/10649 2646/2790/10650 2686/2831/10651 2685/2830/10652
f 2646/2790/10653 2647/2791/10654 2687/2832/10655 2686/2831/10656
f 2647/2791/10657 2648/2792/10658 2688/2833/10659 2687/2832/10660
f 2648/2792/10661 2649/2793/10662 2689/2834/10663 2688/2833/10664
f 2649/2793/10665 2650/2794/10666 2690/2835/10667 2689/2834/10668
f 2650/2794/10669 2651/2795/10670 2691/2836/10671 2690/2835/10672
f 2651/2795/10673 2652/2796/10674 2692/2837/10675 2691/2836/10676
f 2652/2796/10677 2653/2797/10678 2693/2838/10679 2692/2837/10680
f 2653/2797/10681 2654/2798/10682 2694/2839/10683 2693/2838/10684
f 2654/2798/10685 2655/2799/10686 2695/2840/10687 2694/2839/10688
f 2655/2799/10689 2656/2800/10690 2696/2841/10691 2695/2840/10692
f 2656/2800/10693 2657/2801/10694 2697/2842/10695 2696/2841/10696
f 2657/2801/10697 2658/2802/10698 2698/2843/10699 2697/2842/10700
f 2658/2802/10701 2659/2803/10702 2699/2844/10703 2698/2843/10704
f 2659/2803/10705 2660/2804/10706 2700/2845/10707 2699/2844/10708
f 2660/2804/10709 2661/2805/10710 2701/2846/10711 2700/2845/10712
f 2661/2805/10713 2662/2806/10714 2702/2847/10715 2701/2846/10716
f 2662/2806/10717 2663/2807/10718 2703/2848/10719 2702/2847/10720
f 2663/2807/10721 2664/2808/10722 2704/2849/10723 2703/2848/10724
f 2664/2808/10725 2665/2809/10726 2705/2850/10727 2704/2849/10728
f 2665/2809/10729 2666/2810/10730 2706/2851/10731 2705/2850/10732
f 2666/2810/10733 2667/2811/10734 2707/2852/10735 2706/2851/10736
f 2667/2811/10737 2668/2812/10738 2708/2853/10739 2707/2852/10740
f 2668/2812/10741 2669/2813/10742 2709/2854/10743 2708/2853/10744
f 2669/2813/10745 2670/2814/10746 2710/2855/10747 2709/2854/10748
f 2670/2814/10749 2671/2815/10750 2711/2856/10751 2710/2855/10752
f 2671/2815/10753 2672/2816/10754 2712/2857/10755 2711/2856/10756
f 2672/2816/10757 2673/2817/10758 2713/2858/10759 2712/2857/10760
f 2673/2817/10761 2674/2818/10762 2714/2859/10763 2713/2858/10764
f 2674/2818/10765 2675/2819/10766 2715/2860/10767 2714/2859/10768
f 2675/2819/10769 2676/2820/10770 2716/2861/10771 2715/2860/10772
f 2676/2820/10773 2677/2821/10774 2717/2862/10775 2716/2861/10776
f 2677/2821/10777 2678/2822/10778 2718/2863/10779 2717/2862/10780
f 2678/2822/10781 2679/2823/10782 2719/2864/10783 2718/2863/10784
f 2679/2823/10785 2680/2824/10786 2720/2865/10787 2719/2864/10788
f 2680/2824/10789 2681/2825/10790 2721/2866/10791 2720/2865/10792
f 2681/2825/10793 2682/2826/10794 2722/2867/10795 2721/2866/10796
f 2682/2826/10797 2643/2827/10798 2683/2868/10799 2722/2867/10800
f 2683/2829/10801 2684/2828/10802 2724/2869/10803 2723/2870/10804
f 2684/2828/10805 2685/2830/10806 2725/2871/10807 2724/2869/10808
f 2685/2830/10809 2686/2831/10810 2726/2872/10811 2725/2871/10812
f 2686/2831/10813 2687/2832/10814 2727/2873/10815 2726/2872/10816
f 2687/2832/10817 2688/2833/10818 2728/2874/10819 2727/2873/10820
f 2688/2833/10821 2689/2834/10822 2729/2875/10823 2728/2874/10824
f 2689/2834/10825 2690/2835/10826 2730/2876/10827 2729/2875/10828
f 2690/2835/10829 2691/2836/10830 2731/2877/10831 2730/2876/10832
f 2691/2836/10833 2692/2837/10834 2732/2878/10835 2731/2877/10836
f 2692/2837/10837 2693/2838/10838 2733/2879/10839 2732/2878/10840
f 2693/2838/10841 2694/2839/10842 2734/2880/10843 2733/2879/10844
f 2694/2839/10845 2695/2840/10846 2735/2881/10847 2734/2880/10848
f 2695/2840/10849 2696/2841/10850 2736/2882/10851 2735/2881/10852
f 2696/2841/10853 2697/2842/10854 2737/2883/10855 2736/2882/10856
f 2697/2842/10857 2698/2843/10858 2738/2884/10859 2737/2883/10860
f 2698/2843/10861 2699/2844/10862 2739/2885/10863 2738/2884/10864
f 2699/2844/10865 2700/2845/10866 2740/2886/10867 2739/2885/10868
f 2700/2845/10869 2701/2846/10870 2741/2887/10871 2740/2886/10872
f 2701/2846/10873 2702/2847/10874 2742/2888/10875 2741/2887/10876
f 2702/2847/10877 2703/2848/10878 2743/2889/10879 2742/2888/10880
f 2703/2848/10881 2704/2849/10882 2744/2890/10883 2743/2889/10884
f 2704/2849/10885 2705/2850/10886 2745/2891/10887 2744/2890/10888
f 2705/2850/10889 2706/2851/10890 2746/2892/10891 2745/2891/10892
f 2706/2851/10893 2707/2852/10894 2747/2893/10895 2746/2892/10896
f 2707/2852/10897 2708/2853/10898 2748/2894/10899 2747/2893/10900
f 2708/2853/10901 2709/2854/10902 2749/2895/10903 2748/2894/10904
f 2709/2854/10905 2710/2855/10906 2750/2896/10907 2749/2895/10908
f 2710/2855/10909 2711/2856/10910 2751/2897/10911 2750/2896/10912
f 2711/2856/10913 2712/2857/10914 2752/2898/10915 2751/2897/10916
f 2712/2857/10917 2713/2858/10918 2753/2899/10919 2752/2898/10920
f 2713/2858/10921 2714/2859/10922 2754/2900/10923 2753/2899/10924
f 2714/2859/10925 2715/2860/10926 2755/2901/10927 2754/2900/10928
f 2715/2860/10929 2716/2861/10930 2756/2902/10931 2755/2901/10932
f 2716/2861/10933 2717/2862/10934 2757/2903/10935 2756/2902/10936
f 2717/2862/10937 2718/2863/10938 2758/2904/10939 2757/2903/10940
f 2718/2863/10941 2719/2864/10942 2759/2905/10943 2758/2904/10944
f 2719/2864/10945 2720/2865/10946 2760/2906/10947 2759/2905/10948
f 2720/2865/10949 2721/2866/10950 2761/2907/10951 2760/2906/10952
f 2721/2866/10953 2722/2867/10954 2762/2908/10955 2761/2907/10956
f 2722/2867/10957 2683/2868/10958 2723/2909/10959 2762/2908/10960
f 2723/2870/10961 2724/2869/10962 2764/2910/10963 2763/2911/10964
f 2724/2869/10965 2725/2871/10966 2765/2912/10967 2764/2910/10968
f 2725/2871/10969 2726/2872/10970 2766/2913/10971 2765/2912/10972
f 2726/2872/10973 2727/2873/10974 2767/2914/10975 2766/2913/10976
f 2727/2873/10977 2728/2874/10978 2768/2915/10979 2767/2914/10980
f 2728/2874/10981 2729/2875/10982 2769/2916/10983 2768/2915/10984
f 2729/2875/10985 2730/2876/10986 2770/2917/10987 2769/2916/10988
f 2730/2876/10989 2731/2877/10990 2771/2918/10991 2770/2917/10992
f 2731/2877/10993 2732/2878/10994 2772/2919/10995 2771/2918/10996
f 2732/2878/10997 2733/2879/10998 2773/2920/10999 2772/2919/11000
f 2733/2879/11001 2734/2880/11002 2774/2921/11003 2773/2920/11004
f 2734/2880/11005 2735/2881/11006 2775/2922/11007 2774/2921/11008
f 2735/2881/11009 2736/2882/11010 2776/2923/11011 2775/2922/11012
f 2736/2882/11013 2737/2883/11014 2777/2924/11015 2776/2923/11016
f 2737/2883/11017 2738/2884/11018 2778/2925/11019 2777/2924/11020
f 2738/2884/11021 2739/2885/11022 2779/2926/11023 2778/2925/11024
f 2739/2885/11025 2740/2886/11026 2780/2927/11027 2779/2926/11028
f 2740/2886/11029 2741/2887/11030 2781/2928/11031 2780/2927/11032
f 2741/2887/11033 2742/2888/11034 2782/2929/11035 2781/2928/11036
f 2742/2888/11037 2743/2889/11038 2783/2930/11039 2782/2929/11040
f 2743/2889/11041 2744/2890/11042 2784/2931/11043 2783/2930/11044
f 2744/2890/11045 2745/2891/11046 2785/2932/11047 2784/2931/11048
f 2745/2891/11049 2746/2892/11050 2786/2933/11051 2785/2932/11052
f 2746/2892/11053 2747/2893/11054 2787/2934/11055 2786/2933/11056
f 2747/2893/11057 2748/2894/11058 2788/2935/11059 2787/2934/11060
f 2748/2894/11061 2749/2895/11062 2789/2936/11063 2788/2935/11064
f 2749/2895/11065 2750/2896/11066 2790/2937/11067 2789/2936/11068
f 2750/2896/11069 2751/2897/11070 2791/2938/11071 2790/2937/11072
f 2751/2897/11073 2752/2898/11074 2792/2939/11075 2791/2938/11076
f 2752/2898/11077 2753/2899/11078 2793/2940/11079 2792/2939/11080
f 2753/2899/11081 2754/2900/11082 2794/2941/11083 2793/2940/11084
f 2754/2900/11085 2755/2901/11086 2795/2942/11087 2794/2941/11088
f 2755/2901/11089 2756/2902/11090 2796/2943/11091 2795/2942/11092
f 2756/2902/11093 2757/2903/11094 2797/2944/11095 2796/2943/11096
f 2757/2903/11097 2758/2904/11098 2798/2945/11099 2797/2944/11100
f 2758/2904/11101 2759/2905/11102 2799/2946/11103 2798/2945/11104
f 2759/2905/11105 2760/2906/11106 2800/2947/11107 2799/2946/11108
f 2760/2906/11109 2761/2907/11110 2801/2948/11111 2800/2947/11112
f 2761/2907/11113 2762/2908/11114 2802/2949/11115 2801/2948/11116
f 2762/2908/11117 2723/2909/11118 2763/2950/11119 2802/2949/11120
f 2763/2911/11121 2764/2910/11122 2804/2951/11123 2803/2952/11124
f 2764/2910/11125 2765/2912/11126 2805/2953/11127 2804/2951/11128
f 2765/2912/11129 2766/2913/11130 2806/2954/11131 2805/2953/11132
f 2766/2913/11133 2767/2914/11134 2807/2955/11135 2806/2954/11136
f 2767/2914/11137 2768/2915/11138 2808/2956/11139 2807/2955/11140
f 2768/2915/11141 2769/2916/11142 2809/2957/11143 2808/2956/11144
f 2769/2916/11145 2770/2917/11146 2810/2958/11147 2809/2957/11148
f 2770/2917/11149 2771/2918/11150 2811/2959/11151 2810/2958/11152
f 2771/2918/11153 2772/2919/11154 2812/2960/11155 2811/2959/11156
f 2772/2919/11157 2773/2920/11158 2813/2961/11159 2812/2960/11160
f 2773/2920/11161 2774/2921/11162 2814/2962/11163 2813/2961/11164
f 2774/2921/11165 2775/2922/11166 2815/2963/11167 2814/2962/11168
f 2775/2922/11169 2776/2923/11170 2816/2964/11171 2815/2963/11172
f 2776/2923/11173 2777/2924/11174 2817/2965/11175 2816/2964/11176
f 2777/2924/11177 2778/2925/11178 2818/2966/11179 2817/2965/11180
f 2778/2925/11181 2779/2926/11182 2819/2967/11183 2818/2966/11184
f 2779/2926/11185 2780/2927/11186 2820/2968/11187 2819/2967/11188
f 2780/2927/11189 2781/2928/11190 2821/2969/11191 2820/2968/11192
f 2781/2928/11193 2782/2929/11194 2822/2970/11195 2821/2969/11196
f 2782/2929/11197 2783/2930/11198 2823/2971/11199 2822/2970/11200
f 2783/2930/11201 2784/2931/11202 2824/2972/11203 2823/2971/11204
f 2784/2931/11205 2785/2932/11206 2825/2973/11207 2824/2972/11208
f 2785/2932/11209 2786/2933/11210 2826/2974/11211 2825/2973/11212
f 2786/2933/11213 2787/2934/11214 2827/2975/11215 2826/2974/11216
f 2787/2934/11217 2788/2935/11218 2828/2976/11219 2827/2975/11220
f 2788/2935/11221 2789/2936/11222 2829/2977/11223 2828/2976/11224
f 2789/2936/11225 2790/2937/11226 2830/2978/11227 2829/2977/11228
f 2790/2937/11229 2791/2938/11230 2831/2979/11231 2830/2978/11232
f 2791/2938/11233 2792/2939/11234 2832/2980/11235 2831/2979/11236
f 2792/2939/11237 2793/2940/11238 2833/2981/11239 2832/2980/11240
f 2793/2940/11241 2794/2941/11242 2834/2982/11243 2833/2981/11244
f 2794/2941/11245 2795/2942/11246 2835/2983/11247 2834/2982/11248
f 2795/2942/11249 2796/2943/11250 2836/2984/11251 2835/2983/11252
f 2796/2943/11253 2797/2944/11254 2837/2985/11255 2836/2984/11256
f 2797/2944/11257 2798/2945/11258 2838/2986/11259 2837/2985/11260
f 2798/2945/11261 2799/2946/11262 2839/2987/11263 2838/2986/11264
f 2799/2946/11265 2800/2947/11266 2840/2988/11267 2839/2987/11268
f 2800/2947/11269 2801/2948/11270 2841/2989/11271 2840/2988/11272
f 2801/2948/11273 2802/2949/11274 2842/2990/11275 2841/2989/11276
f 2802/2949/11277 2763/2950/11278 2803/2991/11279 2842/2990/11280
f 2803/2952/11281 2804/2951/11282 2844/2992/11283 2843/2993/11284
f 2804/2951/11285 2805/2953/11286 2845/2994/11287 2844/2992/11288
f 2805/2953/11289 2806/2954/11290 2846/2995/11291 2845/2994/11292
f 2806/2954/11293 2807/2955/11294 2847/2996/11295 2846/2995/11296
f 2807/2955/11297 2808/2956/11298 2848/2997/11299 2847/2996/11300
f 2808/2956/11301 2809/2957/11302 2849/2998/11303 2848/2997/11304
f 2809/2957/11305 2810/2958/11306 2850/2999/11307 2849/2998/11308
f 2810/2958/11309 2811/2959/11310 2851/3000/11311 2850/2999/11312
f 2811/2959/11313 2812/2960/11314 2852/3001/11315 2851/3000/11316
f 2812/2960/11317 2813/2961/11318 2853/3002/11319 2852/3001/11320
f 2813/2961/11321 2814/2962/11322 2854/3003/11323 2853/3002/11324
f 2814/2962/11325 2815/2963/11326 2855/3004/11327 2854/3003/11328
f 2815/2963/11329 2816/2964/11330 2856/3005/11331 2855/3004/11332
f 2816/2964/11333 2817/2965/11334 2857/3006/11335 2856/3005/11336
f 2817/2965/11337 2818/2966/11338 2858/3007/11339 2857/3006/11340
f 2818/2966/11341 2819/2967/11342 2859/3008/11343 2858/3007/11344
f 2819/2967/11345 2820/2968/11346 2860/3009/11347 2859/3008/11348
f 2820/2968/11349 2821/2969/11350 2861/3010/11351 2860/3009/11352
f 2821/2969/11353 2822/2970/11354 2862/3011/11355 2861/3010/11356
f 2822/2970/11357 2823/2971/11358 2863/3012/11359 2862/3011/11360
f 2823/2971/11361 2824/2972/11362 2864/3013/11363 2863/3012/11364
f 2824/2972/11365 2825/2973/11366 2865/3014/11367 2864/3013/11368
f 2825/2973/11369 2826/2974/11370 2866/3015/11371 2865/3014/11372
f 2826/2974/11373 2827/2975/11374 2867/3016/11375 2866/3015/11376
f 2827/2975/11377 2828/2976/11378 2868/3017/11379 2867/3016/11380
f 2828/2976/11381 2829/2977/11382 2869/3018/11383 2868/3017/11384
f 2829/2977/11385 2830/2978/11386 2870/3019/11387 2869/3018/11388
f 2830/2978/11389 2831/2979/11390 2871/3020/11391 2870/3019/11392
f 2831/2979/11393 2832/2980/11394 2872/3021/11395 2871/3020/11396
f 2832/2980/11397 2833/2981/11398 2873/3022/11399 2872/3021/11400
f 2833/2981/11401 2834/2982/11402 2874/3023/11403 2873/3022/11404
f 2834/2982/11405 2835/2983/11406 2875/3024/11407 2874/3023/11408
f 2835/2983/11409 2836/2984/11410 2876/3025/11411 2875/3024/11412
f 2836/2984/11413 2837/2985/11414 2877/3026/11415 2876/3025/11416
f 2837/2985/11417 2838/2986/11418 2878/3027/11419 2877/3026/11420
f 2838/2986/11421 2839/2987/11422 2879/3028/11423 2878/3027/11424
f 2839/2987/11425 2840/2988/11426 2880/3029/11427 2879/3028/11428
f 2840/2988/11429 2841/2989/11430 2881/3030/11431 2880/3029/11432
f 2841/2989/11433 2842/2990/11434 2882/3031/11435 2881/3030/11436
f 2842/2990/11437 2803/2991/11438 2843/3032/11439 2882/3031/11440
f 2843/2993/11441 2844/2992/11442 2884/3033/11443 2883/3034/11444
f 2844/2992/11445 2845/2994/11446 2885/3035/11447 2884/3033/11448
f 2845/2994/11449 2846/2995/11450 2886/3036/11451 2885/3035/11452
f 2846/2995/11453 2847/2996/11454 2887/3037/11455 2886/3036/11456
f 2847/2996/11457 2848/2997/11458 2888/3038/11459 2887/3037/11460
f 2848/2997/11461 2849/2998/11462 2889/3039/11463 2888/3038/11464
f 2849/2998/11465 2850/2999/11466 2890/3040/11467 2889/3039/11468
f 2850/2999/11469 2851/3000/11470 2891/3041/11471 2890/3040/11472
f 2851/3000/11473 2852/3001/11474 2892/3042/11475 2891/3041/11476
f 2852/3001/11477 2853/3002/11478 2893/3043/11479 2892/3042/11480
f 2853/3002/11481 2854/3003/11482 2894/3044/11483 2893/3043/11484
f 2854/3003/11485 2855/3004/11486 2895/3045/11487 2894/3044/11488
f 2855/3004/11489 2856/3005/11490 2896/3046/11491 2895/3045/11492
f 2856/3005/11493 2857/3006/11494 2897/3047/11495 2896/3046/11496
f 2857/3006/11497 2858/3007/11498 2898/3048/11499 2897/3047/11500
f 2858/3007/11501 2859/3008/11502 2899/3049/11503 2898/3048/11504
f 2859/3008/11505 2860/3009/11506 2900/3050/11507 2899/3049/11508
f 2860/3009/11509 2861/3010/11510 2901/3051/11511 2900/3050/11512
f 2861/3010/11513 2862/3011/11514 2902/3052/11515 2901/3051/11516
f 2862/3011/11517 2863/3012/11518 2903/3053/11519 2902/3052/11520
f 2863/3012/11521 2864/3013/11522 2904/3054/11523 2903/3053/11524
f 2864/3013/11525 2865/3014/11526 2905/3055/11527 2904/3054/11528
f 2865/3014/11529 2866/3015/11530 2906/3056/11531 2905/3055/11532
f 2866/3015/11533 2867/3016/11534 2907/3057/11535 2906/3056/11536
f 2867/3016/11537 2868/3017/11538 2908/3058/11539 2907/3057/11540
f 2868/3017/11541 2869/3018/11542 2909/3059/11543 2908/3058/11544
f 2869/3018/11545 2870/3019/11546 2910/3060/11547 2909/3059/11548
f 2870/3019/11549 2871/3020/11550 2911/3061/11551 2910/3060/11552
f 2871/3020/11553 2872/3021/11554 2912/3062/11555 2911/3061/11556
f 2872/3021/11557 2873/3022/11558 2913/3063/11559 2912/3062/11560
f 2873/3022/11561 2874/3023/11562 2914/3064/11563 2913/3063/11564
f 2874/3023/11565 2875/3024/11566 2915/3065/11567 2914/3064/11568
f 2875/3024/11569 2876/3025/11570 2916/3066/11571 2915/3065/11572
f 2876/3025/11573 2877/3026/11574 2917/3067/11575 2916/3066/11576
f 2877/3026/11577 2878/3027/11578 2918/3068/11579 2917/3067/11580
f 2878/3027/11581 2879/3028/11582 2919/3069/11583 2918/3068/11584
f 2879/3028/11585 2880/3029/11586 2920/3070/11587 2919/3069/11588
f 2880/3029/11589 2881/3030/11590 2921/3071/11591 2920/3070/11592
f 2881/3030/11593 2882/3031/11594 2922/3072/11595 2921/3071/11596
f 2882/3031/11597 2843/3032/11598 2883/3073/11599 2922/3072/11600
f 2883/3034/11601 2884/3033/11602 2924/3074/11603 2923/3075/11604
f 2884/3033/11605 2885/3035/11606 2925/3076/11607 2924/3074/11608
f 2885/3035/11609 2886/3036/11610 2926/3077/11611 2925/3076/11612
f 2886/3036/11613 2887/3037/11614 2927/3078/11615 2926/3077/11616
f 2887/3037/11617 2888/3038/11618 2928/3079/11619 2927/3078/11620
f 2888/3038/11621 2889/3039/11622 2929/3080/11623 2928/3079/11624
f 2889/3039/11625 2890/3040/11626 2930/3081/11627 2929/3080/11628
f 2890/3040/11629 2891/3041/11630 2931/3082/11631 2930/3081/11632
f 2891/3041/11633 2892/3042/11634 2932/3083/11635 2931/3082/11636
f 2892/3042/11637 2893/3043/11638 2933/3084/11639 2932/3083/11640
f 2893/3043/11641 2894/3044/11642 2934/3085/11643 2933/3084/11644
f 2894/3044/11645 2895/3045/11646 2935/3086/11647 2934/3085/11648
f 2895/3045/11649 2896/3046/11650 2936/3087/11651 2935/3086/11652
f 2896/3046/11653 2897/3047/11654 2937/3088/11655 2936/3087/11656
f 2897/3047/11657 2898/3048/11658 2938/3089/11659 2937/3088/11660
f 2898/3048/11661 2899/3049/11662 2939/3090/11663 2938/3089/11664
f 2899/3049/11665 2900/3050/11666 2940/3091/11667 2939/3090/11668
f 2900/3050/11669 2901/3051/11670 2941/3092/11671 2940/3091/11672
f 2901/3051/11673 2902/3052/11674 2942/3093/11675 2941/3092/11676
f 2902/3052/11677 2903/3053/11678 2943/3094/11679 2942/3093/11680
f 2903/3053/11681 2904/3054/11682 2944/3095/11683 2943/3094/11684
f 2904/3054/11685 2905/3055/11686 2945/3096/11687 2944/3095/11688
f 2905/3055/11689 2906/3056/11690 2946/3097/11691 2945/3096/11692
f 2906/3056/11693 2907/3057/11694 2947/3098/11695 2946/3097/11696
f 2907/3057/11697 2908/3058/11698 2948/3099/11699 2947/3098/11700
f 2908/3058/11701 2909/3059/11702 2949/3100/11703 2948/3099/11704
f 2909/3059/11705 2910/3060/11706 2950/3101/11707 2949/3100/11708
f 2910/3060/11709 2911/3061/11710 2951/3102/11711 2950/3101/11712
f 2911/3061/11713 2912/3062/11714 2952/3103/11715 2951/3102/11716
f 2912/3062/11717 2913/3063/11718 2953/3104/11719 2952/3103/11720
f 2913/3063/11721 2914/3064/11722 2954/3105/11723 2953/3104/11724
f 2914/3064/11725 2915/3065/11726 2955/3106/11727 2954/3105/11728
f 2915/3065/11729 2916/3066/11730 2956/3107/11731 2955/3106/11732
f 2916/3066/11733 2917/3067/11734 2957/3108/11735 2956/3107/11736
f 2917/3067/11737 2918/3068/11738 2958/3109/11739 2957/3108/11740
f 2918/3068/11741 2919/3069/11742 2959/3110/11743 2958/3109/11744
f 2919/3069/11745 2920/3070/11746 2960/3111/11747 2959/3110/11748
f 2920/3070/11749 2921/3071/11750 2961/3112/11751 2960/3111/11752
f 2921/3071/11753 2922/3072/11754 2962/3113/11755 2961/3112/11756
f 2922/3072/11757 2883/3073/11758 2923/3114/11759 2962/3113/11760
f 2923/3075/11761 2924/3074/11762 2964/3115/11763 2963/3116/11764
f 2924/3074/11765 2925/3076/11766 2965/3117/11767 2964/3115/11768
f 2925/3076/11769 2926/3077/11770 2966/3118/11771 2965/3117/11772
f 2926/3077/11773 2927/3078/11774 2967/3119/11775 2966/3118/11776
f 2927/3078/11777 2928/3079/11778 2968/3120/11779 2967/3119/11780
f 2928/3079/11781 2929/3080/11782 2969/3121/11783 2968/3120/11784
f 2929/3080/11785 2930/3081/11786 2970/3122/11787 2969/3121/11788
f 2930/3081/11789 2931/3082/11790 2971/3123/11791 2970/3122/11792
f 2931/3082/11793 2932/3083/11794 2972/3124/11795 2971/3123/11796
f 2932/3083/11797 2933/3084/11798 2973/3125/11799 2972/3124/11800
f 2933/3084/11801 2934/3085/11802 2974/3126/11803 2973/3125/11804
f 2934/3085/11805 2935/3086/11806 2975/3127/11807 2974/3126/11808
f 2935/3086/11809 2936/3087/11810 2976/3128/11811 2975/3127/11812
f 2936/3087/11813 2937/3088/11814 2977/3129/11815 2976/3128/11816
f 2937/3088/11817 2938/3089/11818 2978/3130/11819 2977/3129/11820
f 2938/3089/11821 2939/3090/11822 2979/3131/11823 2978/3130/11824
f 2939/3090/11825 2940/3091/11826 2980/3132/11827 2979/3131/11828
f 2940/3091/11829 2941/3092/11830 2981/3133/11831 2980/3132/11832
f 2941/3092/11833 2942/3093/11834 2982/3134/11835 2981/3133/11836
f 2942/3093/11837 2943/3094/11838 2983/3135/11839 2982/3134/11840
f 2943/3094/11841 2944/3095/11842 2984/3136/11843 2983/3135/11844
f 2944/3095/11845 2945/3096/11846 2985/3137/11847 2984/3136/11848
f 2945/3096/11849 2946/3097/11850 2986/3138/11851 2985/3137/11852
f 2946/3097/11853 2947/3098/11854 2987/3139/11855 2986/3138/11856
f 2947/3098/11857 2948/3099/11858 2988/3140/11859 2987/3139/11860
f 2948/3099/11861 2949/3100/11862 2989/3141/11863 2988/3140/11864
f 2949/3100/11865 2950/3101/11866 2990/3142/11867 2989/3141/11868
f 2950/3101/11869 2951/3102/11870 2991/3143/11871 2990/3142/11872
f 2951/3102/11873 2952/3103/11874 2992/3144/11875 2991/3143/11876
f 2952/3103/11877 2953/3104/11878 2993/3145/11879 2992/3144/11880
f 2953/3104/11881 2954/3105/11882 2994/3146/11883 2993/3145/11884
f 2954/3105/11885 2955/3106/11886 2995/3147/11887 2994/3146/11888
f 2955/3106/11889 2956/3107/11890 2996/3148/11891 2995/3147/11892
f 2956/3107/11893 2957/3108/11894 2997/3149/11895 2996/3148/11896
f 2957/3108/11897 2958/3109/11898 2998/3150/11899 2997/3149/11900
f 2958/3109/11901 2959/3110/11902 2999/3151/11903 2998/3150/11904
f 2959/3110/11905 2960/3111/11906 3000/3152/11907 2999/3151/11908
f 2960/3111/11909 2961/3112/11910 3001/3153/11911 3000/3152/11912
f 2961/3112/11913 2962/3113/11914 3002/3154/11915 3001/3153/11916
f 2962/3113/11917 2923/3114/11918 2963/3155/11919 3002/3154/11920
f 2963/3116/11921 2964/3115/11922 3004/3156/11923 3003/3157/11924
f 2964/3115/11925 2965/3117/11926 3005/3158/11927 3004/3156/11928
f 2965/3117/11929 2966/3118/11930 3006/3159/11931 3005/3158/11932
f 2966/3118/11933 2967/3119/11934 3007/3160/11935 3006/3159/11936
f 2967/3119/11937 2968/3120/11938 3008/3161/11939 3007/3160/11940
f 2968/3120/11941 2969/3121/11942 3009/3162/11943 3008/3161/11944
f 2969/3121/11945 2970/3122/11946 3010/3163/11947 3009/3162/11948
f 2970/3122/11949 2971/3123/11950 3011/3164/11951 3010/3163/11952
f 2971/3123/11953 2972/3124/11954 3012/3165/11955 3011/3164/11956
f 2972/3124/11957 2973/3125/11958 3013/3166/11959 3012/3165/11960
f 2973/3125/11961 2974/3126/11962 3014/3167/11963 3013/3166/11964
f 2974/3126/11965 2975/3127/11966 3015/3168/11967 3014/3167/11968
f 2975/3127/11969 2976/3128/11970 3016/3169/11971 3015/3168/11972
f 2976/3128/11973 2977/3129/11974 3017/3170/11975 3016/3169/11976
f 2977/3129/11977 2978/3130/11978 3018/3171/11979 3017/3170/11980
f 2978/3130/11981 2979/3131/11982 3019/3172/11983 3018/3171/11984
f 2979/3131/11985 2980/3132/11986 3020/3173/11987 3019/3172/11988
f 2980/3132/11989 2981/3133/11990 3021/3174/11991 3020/3173/11992
f 2981/3133/11993 2982/3134/11994 3022/3175/11995 3021/3174/11996
f 2982/3134/11997 2983/3135/11998 3023/3176/11999 3022/3175/12000
f 2983/3135/12001 2984/3136/12002 3024/3177/12003 3023/3176/12004
f 2984/3136/12005 2985/3137/12006 3025/3178/12007 3024/3177/12008
f 2985/3137/12009 2986/3138/12010 3026/3179/12011 3025/3178/12012
f 2986/3138/12013 2987/3139/12014 3027/3180/12015 3026/3179/12016
f 2987/3139/12017 2988/3140/12018 3028/3181/12019 3027/3180/12020
f 2988/3140/12021 2989/3141/12022 3029/3182/12023 3028/3181/12024
f 2989/3141/12025 2990/3142/12026 3030/3183/12027 3029/3182/12028
f 2990/3142/12029 2991/3143/12030 3031/3184/12031 3030/3183/12032
f 2991/3143/12033 2992/3144/12034 3032/3185/12035 3031/3184/12036
f 2992/3144/12037 2993/3145/12038 3033/3186/12039 3032/3185/12040
f 2993/3145/12041 2994/3146/12042 3034/3187/12043 3033/3186/12044
f 2994/3146/12045 2995/3147/12046 3035/3188/12047 3034/3187/12048
f 2995/3147/12049 2996/3148/12050 3036/3189/12051 3035/3188/12052
f 2996/3148/12053 2997/3149/12054 3037/3190/12055 3036/3189/12056
f 2997/3149/12057 2998/3150/12058 3038/3191/12059 3037/3190/12060
f 2998/3150/12061 2999/3151/12062 3039/3192/12063 3038/3191/12064
f 2999/3151/12065 3000/3152/12066 3040/3193/12067 3039/3192/12068
f 3000/3152/12069 3001/3153/12070 3041/3194/12071 3040/3193/12072
f 3001/3153/12073 3002/3154/12074 3042/3195/12075 3041/3194/12076
f 3002/3154/12077 2963/3155/12078 3003/3196/12079 3042/3195/12080
f 3003/3157/12081 3004/3156/12082 3044/3197/12083 3043/3198/12084
f 3004/3156/12085 3005/3158/12086 3045/3199/12087 3044/3197/12088
f 3005/3158/12089 3006/3159/12090 3046/3200/12091 3045/3199/12092
f 3006/3159/12093 3007/3160/12094 3047/3201/12095 3046/3200/12096
f 3007/3160/12097 3008/3161/12098 3048/3202/12099 3047/3201/12100
f 3008/3161/12101 3009/3162/12102 3049/3203/12103 3048/3202/12104
f 3009/3162/12105 3010/3163/12106 3050/3204/12107 3049/3203/12108
f 3010/3163/12109 3011/3164/12110 3051/3205/12111 3050/3204/12112
f 3011/3164/12113 3012/3165/12114 3052/3206/12115 3051/3205/12116
f 3012/3165/12117 3013/3166/12118 3053/3207/12119 3052/3206/12120
f 3013/3166/12121 3014/3167/12122 3054/3208/12123 3053/3207/12124
f 3014/3167/12125 3015/3168/12126 3055/3209/12127 3054/3208/12128
f 3015/3168/12129 3016/3169/12130 3056/3210/12131 3055/3209/12132
f 3016/3169/12133 3017/3170/12134 3057/3211/12135 3056/3210/12136
f 3017/3170/12137 3018/3171/12138 3058/3212/12139 3057/3211/12140
f 3018/3171/12141 3019/3172/12142 3059/3213/12143 3058/3212/12144
f 3019/3172/12145 3020/3173/12146 3060/3214/12147 3059/3213/12148
f 3020/3173/12149 3021/3174/12150 3061/3215/12151 3060/3214/12152
f 3021/3174/12153 3022/3175/12154 3062/3216/12155 3061/3215/12156
f 3022/3175/12157 3023/3176/12158 3063/3217/12159 3062/3216/12160
f 3023/3176/12161 3024/3177/12162 3064/3218/12163 3063/3217/12164
f 3024/3177/12165 3025/3178/12166 3065/3219/12167 3064/3218/12168
f 3025/3178/12169 3026/3179/12170 3066/3220/12171 3065/3219/12172
f 3026/3179/12173 3027/3180/12174 3067/3221/12175 3066/3220/12176
f 3027/3180/12177 3028/3181/12178 3068/3222/12179 3067/3221/12180
f 3028/3181/12181 3029/3182/12182 3069/3223/12183 3068/3222/12184
f 3029/3182/12185 3030/3183/12186 3070/3224/12187 3069/3223/12188
f 3030/3183/12189 3031/3184/12190 3071/3225/12191 3070/3224/12192
f 3031/3184/12193 3032/3185/12194 3072/3226/12195 3071/3225/12196
f 3032/3185/12197 3033/3186/12198 3073/3227/12199 3072/3226/12200
f 3033/3186/12201 3034/3187/12202 3074/3228/12203 3073/3227/12204
f 3034/3187/12205 3035/3188/12206 3075/3229/12207 3074/3228/12208
f 3035/3188/12209 3036/3189/12210 3076/3230/12211 3075/3229/12212
f 3036/3189/12213 3037/3190/12214 3077/3231/12215 3076/3230/12216
f 3037/3190/12217 3038/3191/12218 3078/3232/12219 3077/3231/12220
f 3038/3191/12221 3039/3192/12222 3079/3233/12223 3078/3232/12224
f 3039/3192/12225 3040/3193/12226 3080/3234/12227 3079/3233/12228
f 3040/3193/12229 3041/3194/12230 3081/3235/12231 3080/3234/12232
f 3041/3194/12233 3042/3195/12234 3082/3236/12235 3081/3235/12236
f 3042/3195/12237 3003/3196/12238 3043/3237/12239 3082/3236/12240
f 3043/3198/12241 3044/3197/12242 3084/3238/12243 3083/3239/12244
f 3044/3197/12245 3045/3199/12246 3085/3240/12247 3084/3238/12248
f 3045/3199/12249 3046/3200/12250 3086/3241/12251 3085/3240/12252
f 3046/3200/12253 3047/3201/12254 3087/3242/12255 3086/3241/12256
f 3047/3201/12257 3048/3202/12258 3088/3243/12259 3087/3242/12260
f 3048/3202/12261 3049/3203/12262 3089/3244/12263 3088/3243/12264
f 3049/3203/12265 3050/3204/12266 3090/3245/12267 3089/3244/12268
f 3050/3204/12269 3051/3205/12270 3091/3246/12271 3090/3245/12272
f 3051/3205/12273 3052/3206/12274 3092/3247/12275 3091/3246/12276
f 3052/3206/12277 3053/3207/12278 3093/3248/12279 3092/3247/12280
f 3053/3207/12281 3054/3208/12282 3094/3249/12283 3093/3248/12284
f 3054/3208/12285 3055/3209/12286 3095/3250/12287 3094/3249/12288
f 3055/3209/12289 3056/3210/12290 3096/3251/12291 3095/3250/12292
f 3056/3210/12293 3057/3211/12294 3097/3252/12295 3096/3251/12296
f 3057/3211/12297 3058/3212/12298 3098/3253/12299 3097/3252/12300
f 3058/3212/12301 3059/3213/12302 3099/3254/12303 3098/3253/12304
f 3059/3213/12305 3060/3214/12306 3100/3255/12307 3099/3254/12308
f 3060/3214/12309 3061/3215/12310 3101/3256/12311 3100/3255/12312
f 3061/3215/12313 3062/3216/12314 3102/3257/12315 3101/3256/12316
f 3062/3216/12317 3063/3217/12318 3103/3258/12319 3102/3257/12320
f 3063/3217/12321 3064/3218/12322 3104/3259/12323 3103/3258/12324
f 3064/3218/12325 3065/3219/12326 3105/3260/12327 3104/3259/12328
f 3065/3219/12329 3066/3220/12330 3106/3261/12331 3105/3260/12332
f 3066/3220/12333 3067/3221/12334 3107/3262/12335 3106/3261/12336
f 3067/3221/12337 3068/3222/12338 3108/3263/12339 3107/3262/12340
f 3068/3222/12341 3069/3223/12342 3109/3264/12343 3108/3263/12344
f 3069/3223/12345 3070/3224/12346 3110/3265/12347 3109/3264/12348
f 3070/3224/12349 3071/3225/12350 3111/3266/12351 3110/3265/12352
f 3071/3225/12353 3072/3226/12354 3112/3267/12355 3111/3266/12356
f 3072/3226/12357 3073/3227/12358 3113/3268/12359 3112/3267/12360
f 3073/3227/12361 3074/3228/12362 3114/3269/12363 3113/3268/12364
f 3074/3228/12365 3075/3229/12366 3115/3270/12367 3114/3269/12368
f 3075/3229/12369 3076/3230/12370 3116/3271/12371 3115/3270/12372
f 3076/3230/12373 3077/3231/12374 3117/3272/12375 3116/3271/12376
f 3077/3231/12377 3078/3232/12378 3118/3273/12379 3117/3272/12380
f 3078/3232/12381 3079/3233/12382 3119/3274/12383 3118/3273/12384
f 3079/3233/12385 3080/3234/12386 3120/3275/12387 3119/3274/12388
f 3080/3234/12389 3081/3235/12390 3121/3276/12391 3120/3275/12392
f 3081/3235/12393 3082/3236/12394 3122/3277/12395 3121/3276/12396
f 3082/3236/12397 3043/3237/12398 3083/3278/12399 3122/3277/12400
f 1564/1681/12401 1563/1680/12402 3123/3279/12403
f 1565/1684/12404 1564/1681/12405 3123/3280/12406
f 1566/1686/12407 1565/1684/12408 3123/3281/12409
f 1567/1688/12410 1566/1686/12411 3123/3282/12412
f 1568/1690/12413 1567/1688/12414 3123/3283/12415
f 1569/1692/12416 1568/1690/12417 3123/3284/12418
f 1570/1694/12419 1569/1692/12420 3123/3285/12421
f 1571/1696/12422 1570/1694/12423 3123/3286/12424
f 1572/1698/12425 1571/1696/12426 3123/3287/12427
f 1573/1700/12428 1572/1698/12429 3123/3288/12430
f 1574/1702/12431 1573/1700/12432 3123/3289/12433
f 1575/1704/12434 1574/1702/12435 3123/3290/12436
f 1576/1706/12437 1575/1704/12438 3123/3291/12439
f 1577/1708/12440 1576/1706/12441 3123/3292/12442
f 1578/1710/12443 1577/1708/12444 3123/3293/12445
f 1579/1712/12446 1578/1710/12447 3123/3294/12448
f 1580/1714/12449 1579/1712/12450 3123/3295/12451
f 1581/1716/12452 1580/1714/12453 3123/3296/12454
f 1582/1718/12455 1581/1716/12456 3123/3297/12457
f 1583/1720/12458 1582/1718/12459 3123/3298/12460
f 1584/1722/12461 1583/1720/12462 3123/3299/12463
f 1585/1724/12464 1584/1722/12465 3123/3300/12466
f 1586/1726/12467 1585/1724/12468 3123/3301/12469
f 1587/1728/12470 1586/1726/12471 3123/3302/12472
f 1588/1730/12473 1587/1728/12474 3123/3303/12475
f 1589/1732/12476 1588/1730/12477 3123/3304/12478
f 1590/1734/12479 1589/1732/12480 3123/3305/12481
f 1591/1736/12482 1590/1734/12483 3123/3306/12484
f 1592/1738/12485 1591/1736/12486 3123/3307/12487
f 1593/1740/12488 1592/1738/12489 3123/3308/12490
f 1594/1742/12491 1593/1740/12492 3123/3309/12493
f 1595/1744/12494 1594/1742/12495 3123/3310/12496
f 1596/1746/12497 1595/1744/12498 3123/3311/12499
f 1597/1748/12500 1596/1746/12501 3123/3312/12502
f 1598/1750/12503 1597/1748/12504 3123/3313/12505
f 1599/1752/12506 1598/1750/12507 3123/3314/12508
f 1600/1754/12509 1599/1752/12510 3123/3315/12511
f 1601/1756/12512 1600/1754/12513 3123/3316/12514
f 1602/1758/12515 1601/1756/12516 3123/3317/12517
f 1563/1760/12518 1602/1758/12519 3123/3318/12520
f 3083/3239/12521 3084/3238/12522 3124/3319/12523
f 3084/3238/12524 3085/3240/12525 3124/3320/12526
f 3085/3240/12527 3086/3241/12528 3124/3321/12529
f 3086/3241/12530 3087/3242/12531 3124/3322/12532
f 3087/3242/12533 3088/3243/12534 3124/3323/12535
f 3088/3243/12536 3089/3244/12537 3124/3324/12538
f 3089/3244/12539 3090/3245/12540 3124/3325/12541
f 3090/3245/12542 3091/3246/12543 3124/3326/12544
f 3091/3246/12545 3092/3247/12546 3124/3327/12547
f 3092/3247/12548 3093/3248/12549 3124/3328/12550
f 3093/3248/12551 3094/3249/12552 3124/3329/12553
f 3094/3249/12554 3095/3250/12555 3124/3330/12556
f 3095/3250/12557 3096/3251/12558 3124/3331/12559
f 3096/3251/12560 3097/3252/12561 3124/3332/12562
f 3097/3252/12563 3098/3253/12564 3124/3333/12565
f 3098/3253/12566 3099/3254/12567 3124/3334/12568
f 3099/3254/12569 3100/3255/12570 3124/3335/12571
f 3100/3255/12572 3101/3256/12573 3124/3336/12574
f 3101/3256/12575 3102/3257/12576 3124/3337/12577
f 3102/3257/12578 3103/3258/12579 3124/3338/12580
f 3103/3258/12581 3104/3259/12582 3124/3339/12583
f 3104/3259/12584 3105/3260/12585 3124/3340/12586
f 3105/3260/12587 3106/3261/12588 3124/3341/12589
f 3106/3261/12590 3107/3262/12591 3124/3342/12592
f 3107/3262/12593 3108/3263/12594 3124/3343/12595
f 3108/3263/12596 3109/3264/12597 3124/3344/12598
f 3109/3264/12599 3110/3265/12600 3124/3345/12601
f 3110/3265/12602 3111/3266/12603 3124/3346/12604
f 3111/3266/12605 3112/3267/12606 3124/3347/12607
f 3112/3267/12608 3113/3268/12609 3124/3348/12610
f 3113/3268/12611 3114/3269/12612 3124/3349/12613
f 3114/3269/12614 3115/3270/12615 3124/3350/12616
f 3115/3270/12617 3116/3271/12618 3124/3351/12619
f 3116/3271/12620 3117/3272/12621 3124/3352/12622
f 3117/3272/12623 3118/3273/12624 3124/3353/12625
f 3118/3273/12626 3119/3274/12627 3124/3354/12628
f 3119/3274/12629 3120/3275/12630 3124/3355/12631
f 3120/3275/12632 3121/3276/12633 3124/3356/12634
f 3121/3276/12635 3122/3277/12636 3124/3357/12637
f 3122/3277/12638 3083/3278/12639 3124/3358/12640
